OBJECTID,Id,SITE_NAME,S_NAME,POINT_X,POINT_Y,REMARKS,POINT_Z,GlobalID
265,14215,Jiftlik,Jiftlik,35.47000000,32.14000000,NULL,0.00000000,4538FD33-4E56-4806-8737-00337BF3BF61
472,14518,Araplar,Araplar,36.43000000,36.74000000,NULL,0.00000000,78A0DBBA-8F0B-4563-8BD1-0071A0259B79
803,20033,Ein Hanasiv,NULL,29.75160000,33.67970000,NULL,NULL,8FE39665-130C-4E8C-A6AF-00754B0996CA
69,13309,Mugar (U),Mugar (U),35.51000000,33.04000000,NULL,0.00000000,A7E7E1DD-A3C9-4C14-B403-011751AA7F3B
789,20019,Augustopolis in Palaestina,NULL,29.75160000,33.67970000,NULL,NULL,9DA633B9-74E8-4E30-9B31-021385BBEF33
381,14385,Mt. Lebanon (A),Mt. Lebanon (A),35.71000000,33.50000000,NULL,0.00000000,363BA99B-AD00-4E0A-AC50-024FE04AF5EF
361,14334,Judea (A),Judea (A),35.35000000,32.08000000,NULL,0.00000000,D843F5FD-6514-4334-BECA-02539A39DD12
78,13320,Ayn Ibli,Ayn Ibli,35.63000000,33.41000000,NULL,0.00000000,86C75158-8164-41C4-BE0F-026DBB389A1B
545,15047,Ein esh-Shallala',Ein esh-Shallala',34.48000000,31.30000000,Shellal,0.00000000,11F6D413-E66B-4A9C-949A-0302C92CAF5E
102,13368,Sirin,Sirin,35.52000000,32.64000000,NULL,0.00000000,FF8469BC-AD13-4027-8ACD-0306F28E40E3
700,15274,Mo'a,Mo'a,35.16000000,30.54000000,Moyat Awad,0.00000000,42B0B079-DF35-4DFB-8B12-0340CE15DD5C
813,20043,En Feshka Archaeoseismic,NULL,29.75160000,33.67970000,NULL,NULL,DC16461F-AC87-4EFD-8392-037B6FCE963C
15,18,Areopolis,Areopolis,35.73000000,31.26000000,Moab,0.00000000,A5F24953-627D-4CC5-A347-03A7109C742E
574,15102,el-Muasi,el-Muasi,34.38000000,31.42000000,NULL,0.00000000,C2A1951D-0E15-46B1-B7B1-040E9492439C
132,13416,Shakif Arnun Citadel (U),Shakif Arnun Citadel (U),33.65082151,33.05128774,NULL,0.00000000,F9402D44-C7B4-4D8E-AAD3-041851F32D2E
800,20030,Deir 'Aziz,NULL,29.75160000,33.67970000,NULL,NULL,D793A693-7BD0-4FD5-9FAC-0472301FDBB4
473,14519,Burc (U),Burc (U),33.65082151,33.05128774,NULL,0.00000000,AD7BA66F-D3FF-46AD-8CA4-04A76CA4F13A
747,16040,Umm-El-Qanatir,Umm-El-Qanatir,35.72985906,32.84343589,NULL,0.00000000,25B1CC41-24D1-444F-A42C-04B58CFAA1BD
457,14502,Barada,Barada,36.30000000,33.51000000,NULL,0.00000000,2A192E6F-AC49-4536-B406-04B7794068D3
844,20075,Jerash - North Gate,NULL,29.75160000,33.67970000,NULL,NULL,3BB19DA2-FC31-4B1B-A686-04CDF095144C
59,13294,Deir Mimas,Deir Mimas,35.55000000,33.30000000,NULL,0.00000000,C00888FD-6BB9-4CCD-8541-04E3CB464D4C
849,20080,Jerash - South Decamanus,NULL,29.75160000,33.67970000,NULL,NULL,3431BE2B-9580-4FCE-86FB-0527FDDA1D50
390,14408,Kfar Hatta (U),Kfar Hatta (U),33.65082151,33.05128774,NULL,0.00000000,8AC2A477-BF7F-4415-B6BE-059490525689
147,13438,Hasaya (U),Hasaya (U),33.65082151,33.05128774,NULL,0.00000000,7D2BEFB9-78DA-4993-88D7-06903758233A
340,14302,Ramat Yishai,Ramat Yishai,35.16000000,32.70000000,NULL,0.00000000,5E658E9C-D54B-4CF4-AF76-073D5ADA6D4C
88,13331,Sabelan,Sabelan,35.28000000,33.02000000,NULL,0.00000000,17D05756-FAE9-4B49-A34C-07FCCB0C3C3A
675,15233,Har Raviv,Har Raviv,34.56000000,30.83000000,NULL,0.00000000,60F327E4-A44E-4DF4-8036-081F87B61E66
157,13456,Tell,Tell,36.27000000,33.50000000,NULL,0.00000000,E941769C-742C-4E9C-BB2B-08369F9E6CEF
953,20185,Rehovot ba-Negev,NULL,29.75160000,33.67970000,NULL,NULL,3198A5DE-6A5B-4E7F-AC4B-087E5A19C39D
234,14164,Tel Qasila,Tel Qasila,34.80000000,32.11000000,NULL,0.00000000,A1F614D7-F8B2-43AA-8869-087E829686E1
684,15250,Kh. Tatrit,Kh. Tatrit,34.92000000,31.34000000,NULL,0.00000000,9F74453B-106D-4850-AA00-0959E4A60D69
3,2,Bet-Govrin,Bet Govrin,34.90000000,31.60000000,Eleuthropolis,0.00000000,489019A7-9768-4F28-939D-09844D9D0B7D
209,14104,Elat,Elat,34.95000000,29.55000000,Aylat; Eilat,0.00000000,405C9BB2-73B3-4E37-903A-09EC2AA623E6
728,16017,Dhiban,Dhiban,35.78000000,31.49000000,NULL,0.00000000,EFC700DC-E75E-4A1A-9087-0ABD4CC1B528
840,20071,Jerash - Hippodrome,NULL,29.75160000,33.67970000,NULL,NULL,9DC6513D-3A1D-4A74-A84C-0AC8F25D2A76
892,20124,Khirbat Hamrat Ifdan,NULL,29.75160000,33.67970000,NULL,NULL,99B98865-8E9E-4F0E-96C9-0AF7214C62BE
799,20029,Deir 'Alla,NULL,29.75160000,33.67970000,NULL,NULL,B801C078-4C1F-435F-BC91-0B420125BF90
996,20228,Tiberias - Hammath Tiberias Synagogue,NULL,29.75160000,33.67970000,NULL,NULL,CB1F60FE-AF3A-4D32-9C04-0BB8B44D7FD0
557,15078,Kh. el Adar,Kh. el Adar,34.42000000,31.43000000,NULL,0.00000000,DA32959F-C98F-43F7-872E-0BD6F4C8F23F
825,20056,Hisn-Mansur,NULL,29.75160000,33.67970000,NULL,NULL,77873DB5-1190-4F94-98F0-0BDBC45A2288
955,20187,Tall el-Hammam,NULL,29.75160000,33.67970000,NULL,NULL,E894D3B7-813D-426F-93EE-0C443AFD6EAB
790,20020,Bab edh-Dhra',NULL,29.75160000,33.67970000,NULL,NULL,99F0EF5D-BC92-4496-9472-0C4707A0BAA2
876,20108,Jerusalem - Western Wall Tunnel,NULL,29.75160000,33.67970000,NULL,NULL,479DDBA0-F930-4F84-84B0-0C4FE74A178C
272,14222,Bnot-Ya'akov Bridge,Bnot-Ya'akov Bridge,35.62826799,33.01043039,NULL,0.00000000,40720880-8795-48DB-8AE9-0C574ACCDEE0
654,15206,Tel Ira,Tel Ira,34.98000000,31.23000000,NULL,0.00000000,8F1D0A19-68CC-4080-A150-0C84AA1CA251
181,13496,Darayya,Darayya,36.25000000,33.45000000,NULL,0.00000000,59D7B303-2E4B-4FE5-980B-0CE1F3F60BD6
792,20022,Beit Ras/Capitolias,NULL,29.75160000,33.67970000,NULL,NULL,C95262A0-D211-4E57-824B-0CF49372A7CF
248,14198,Abu-Tlul,Abu-Tlul,34.87000000,31.19000000,NULL,0.00000000,26CB6377-1804-458F-A817-0D76EB6B03AB
925,20157,Petra - Pool Complex,NULL,29.75160000,33.67970000,NULL,NULL,1C56F7F9-9871-43D9-8C74-0D77F509DF4D
462,14507,Massar ash-Shuf (U),Massar ash-Shuf (U),33.65082151,33.05128774,NULL,0.00000000,6E023ED7-DD2B-409F-882A-0D7A8DDC7EA5
858,20089,Jericho - Khirbet en-Nitla,NULL,29.75160000,33.67970000,NULL,NULL,A3E00913-EE00-47C5-B22F-0E2E0DFABF02
121,13388,Adana,Adana,35.31000000,37.00000000,NULL,0.00000000,FF40BA78-3CAD-4A53-9132-0E67D957DED9
203,14095,Qumran,Qumran,35.45000000,31.74000000,NULL,0.00000000,24D682FB-C75F-469B-9F6B-0E924EFF25AE
989,20221,Yotvata,NULL,29.75160000,33.67970000,NULL,NULL,6AB3185E-0F04-49DC-9249-0EAA9B3FEF19
207,14101,S. Lebanease Coast (A),S. Lebanease Coast (A),35.30000000,33.32000000,NULL,0.00000000,8AB69AB8-D3B7-40A3-AF07-0ED9627CC7BE
911,20143,Omrit,NULL,29.75160000,33.67970000,NULL,NULL,C6B3FDEC-F70C-4155-91A7-0EFEBF1678E2
611,15157,En Boqeq,En Boqeq,35.35000000,31.19000000,NULL,0.00000000,2AE9D249-36AF-4B14-82EF-0F405345C258
751,16044,Tekoah,NULL,35.22930000,31.65230000,NULL,0.00000000,93E3043A-F807-4403-BDAD-0F82C9246153
517,15001,Shivta,Shivta,34.63000000,30.87000000,Sobota; Subaytah,0.00000000,B9B7A258-472B-4328-B2BB-0FB2994BB34D
222,14122,Akko,Akka; Acre; Ptolemais,35.07000000,32.92000000,NULL,0.00000000,93F14479-704C-4AEB-A37C-0FE08F683F24
713,15293,Sarin,Sarin,36.52000000,35.61000000,NULL,0.00000000,07F8B7D2-6436-464C-9519-102D7F9C6651
173,13481,Jabal al-Druze,Jabal al-Druze,44.45000000,37.85000000,NULL,0.00000000,4BE86F7E-9F77-4516-938C-104A45DAC6AD
606,15150,En Yahav,En Yahav,35.19000000,30.62000000,NULL,0.00000000,DDEDC9A8-5ADF-40A0-A14D-10768769E1AC
868,20099,Jerusalem - Jewish Quarter,NULL,29.75160000,33.67970000,NULL,NULL,83871663-8FE1-49B9-BA63-109E522A8861
480,14526,Jur (U),Jur (U),33.65082151,33.05128774,NULL,0.00000000,508D022D-10A0-40E4-A5BC-11695C4BB397
75,13316,Qadas,Qadas,35.51000000,33.10000000,NULL,0.00000000,D78B8F22-56A6-4D77-9C7D-118201FD7E7D
864,20095,Jerusalem - City of David,NULL,29.75160000,33.67970000,NULL,NULL,3CD35898-C3DD-4C54-883D-118BB33E1CEB
49,13284,Dibbin,Dibbin,35.67000000,33.59000000,NULL,0.00000000,AED41E5B-0D4C-45F9-97C5-11A1DDBA96C8
478,14524,Darkush,Darkush,36.39000000,35.99000000,NULL,0.00000000,AE84CCE0-5D5C-419C-96E8-11A9B554F3AD
21,26,Pelusium,Pelusium,32.54000000,31.04000000,NULL,0.00000000,6AB43BDE-199D-4BDE-BEDA-1204A7200FCA
667,15224,Nahal ha-Ro'ah,Nahal ha-Ro'ah,34.79000000,30.88000000,NULL,0.00000000,2CA968B3-889A-4AC5-A3C8-127096B63AF2
192,13958,Lod,Diospolis,34.90000000,31.95000000,Lydda; Diospolis; Salamine,0.00000000,7C6E6DED-E60B-4CDB-A57F-128CA0DF9B3E
744,16035,Khirbat al-Mafjar,"Hisham palace ",35.46008175,31.88377680,The Hisham palace is an Umayyad two-storey building,0.00000000,334CBE97-4FE2-4EDD-857E-135707732A21
330,14287,Petah Tikva,Petah Tikva,34.90000000,32.09000000,NULL,0.00000000,3F919947-ACE1-459C-8C18-13785EB4B2FF
31,13185,Gaza,Gaza,34.46000000,31.50000000,NULL,0.00000000,E14D7DB9-9A00-4F0C-A710-1442E7F3317A
107,13373,Athlit,Athlit,34.92000000,32.63000000,NULL,0.00000000,FFC396B3-396E-45D4-B224-14AC3A05302C
776,20006,Amman Citadel - Umayyad Mosque,NULL,29.75160000,33.67970000,NULL,NULL,98E567ED-479C-4911-AEAB-151911F35053
494,14544,Deir Mar-Saba,Deir Mar-Saba,35.33000000,31.70000000,NULL,0.00000000,1936F477-1750-4C18-8CE6-1528010A851E
175,13484,Olives Mt.,Olives Mt.,35.24405353,31.77460928,NULL,0.00000000,E2AF6807-EFF8-4DD0-8B54-15C627573228
603,15147,Har Loz,Har Loz,34.58000000,30.48000000,NULL,0.00000000,00704940-EABE-43F8-83BC-15EAE63CB67A
797,20027,Da 'Janiya,NULL,29.75160000,33.67970000,NULL,NULL,4C88F680-4C7E-4C0B-A4DE-15F933051F4C
970,20202,Tel Yarmuth,NULL,29.75160000,33.67970000,NULL,NULL,B75745C6-3A9B-4840-9702-16056A81AE46
512,14568,Adhanah,Adhanah,35.85000000,37.02000000,NULL,0.00000000,45BA9AC8-1D1D-4503-B5A4-166AFA8E0118
263,14213,Gedera,Gedera,34.76000000,31.80000000,NULL,0.00000000,03C34241-7F74-4C86-A24D-16B6386F34EF
602,15146,Borot Loz,Borot Loz,34.60000000,30.51000000,NULL,0.00000000,ECA4C2BB-F4B6-4A40-B188-16CAEE5DE17C
830,20061,Horvat Hermeshit,NULL,29.75160000,33.67970000,NULL,NULL,881CE65B-4F19-4847-AB4F-17471DECFD6B
402,14437,Tadmur,Tadmur,38.27000000,34.54000000,Palmyra,0.00000000,9443340B-6F3D-4CD9-B7D0-17555FBE0AD6
12,15,Petra,Petra,35.44000000,30.32000000,NULL,0.00000000,BC9A9D77-3D9E-4EFF-92DF-177F0B87D823
136,13424,Qeitule (U),Qeitule (U),33.65082151,33.05128774,NULL,0.00000000,5676BE3A-EAB9-4E5B-9572-17A140F0F668
505,14558,Aitarun,Aitarun,35.50000000,33.18000000,Aaitaroun,0.00000000,B09831EE-BA8B-495D-B343-186C7F0381D7
483,14532,Misis,Misis,35.62000000,36.96000000,NULL,0.00000000,500FECE3-A714-440E-9D2C-18E711DED89F
453,14497,Metawali (A),Metawali (A),35.47000000,33.10000000,NULL,0.00000000,CCF56C47-2311-4D11-8D8D-19055B9936F1
824,20055,Hippos Sussita,NULL,29.75160000,33.67970000,NULL,NULL,73229B7A-8B67-45DD-8C82-19667262677C
331,14288,Tzemach,Tzemach,35.58000000,32.70000000,Simakh,0.00000000,FB9C0BAD-22D7-45FE-8E0E-197AFBE02FBB
788,20018,Atarib,NULL,29.75160000,33.67970000,NULL,NULL,4E3C36CA-7A1E-472D-B0D7-1989F351CC03
245,14195,Jordan River (A),Jordan River (A),35.53000000,31.82000000,NULL,0.00000000,DFB96483-FF1B-420F-87E7-19E8073CEEE6
887,20119,Khirbet Faynan,NULL,29.75160000,33.67970000,NULL,NULL,F6161014-ACBF-4927-86D0-1A179CE09BFD
450,14494,Bethany,Bethany,35.26000000,31.77000000,NULL,0.00000000,46F71A5F-CE4A-4866-B23B-1A2C311675B1
432,14472,Yabrud,Yabrud,36.66000000,33.96000000,NULL,0.00000000,8C73F3FF-BCFB-49B5-B636-1A3ABD22ACC7
588,15130,Mezad En Rahel,Mezad En Rahel,35.17000000,30.63000000,Early Nabataean fort dated to the Hellenistic and Early Roman periods and farm house with aqueducts next to the spring of Ein Rahel under the fort,0.00000000,472673C0-0FEB-4B5E-99A9-1A769FA41755
273,14223,Daharia,Daharia,34.97000000,31.41000000,NULL,0.00000000,7F3CA75D-7FCB-4CCC-9099-1B075F8746F6
117,13384,Antakya,Antakya,36.16000000,36.20000000,Antioch,0.00000000,DA8E5967-B9B3-47EE-99BB-1B767B08C6E5
153,13452,Al-Gaa,al-Gaa,36.38000000,34.38000000,el-Qaa,0.00000000,E2299E4B-8001-491E-A2DC-1C2EEBB2E6A4
885,20117,Khirbet er-Ruseifeh,NULL,29.75160000,33.67970000,NULL,NULL,B4E9BE21-A7AE-47F3-808E-1C55D6672F5F
740,16030,Larnaka,Larnaka,33.61850709,34.91681234,NULL,0.00000000,A2E56845-D5C4-4A91-BAA8-1C973A3B4EEF
246,14196,Abu-Gosh,Abu-Gosh,35.10000000,31.79000000,NULL,0.00000000,330AFB67-D91A-484C-8DEC-1CDA327D8E33
510,14564,Al-Haruniyyah,Al-Haruniyyah,35.99000000,37.21000000,NULL,0.00000000,66DC54AA-BFAB-4B70-B396-1CDC078E2157
742,16032,Netanya,NULL,34.85537324,32.30888410,NULL,0.00000000,B997AE8A-CA82-447B-952E-1CF007A9E1F6
84,13326,Alma,Alma,35.54000000,33.05000000,NULL,0.00000000,238D81F6-E89D-448A-A52C-1D2061ABBDC8
406,14442,Zoar,Zoar,35.46000000,30.99000000,Safi; Ghor al Zafi; Zoora; Bela,0.00000000,5FF09D79-F2EC-4C83-9A69-1D3A670C7958
958,20190,Tel Anafa,NULL,29.75160000,33.67970000,NULL,NULL,E4A278B7-AB36-4874-9311-1D3E7280286A
753,16047,Tel Erany,NULL,34.77160000,31.60610000,NULL,0.00000000,84840C32-7F62-4497-B8FE-1D6E85D21C13
298,14251,Migdal Yava,Migdal Yava,34.94000000,32.07000000,NULL,0.00000000,F46690DC-3E1B-4FF1-AFE5-1DCC2EBFF617
881,20113,Khirbet al-Batraway,NULL,29.75160000,33.67970000,NULL,NULL,5F7213D5-2F47-4AF8-9FD0-1E0E3E6C48C9
906,20138,Moje Awad,NULL,29.75160000,33.67970000,NULL,NULL,7D943118-54EC-4B2C-A39A-1EC7759DD1C1
999,20231,Tiberias - Site 7354,NULL,29.75160000,33.67970000,NULL,NULL,43B21CDE-A281-4DAC-889A-1F12AD738419
81,13323,Al-Salha,Al-Salha,35.46000000,32.98000000,NULL,0.00000000,53AD765C-47C4-4B47-B7A7-1F85F0BCF9B8
189,13927,Byblus,Byblus,35.64000000,34.11000000,Jubail,0.00000000,AE7837A5-B089-4B7F-BDCE-1F878798BFE0
37,13240,Qatana,Qatana,36.08000000,33.43000000,NULL,0.00000000,43673396-9724-4A3E-808E-1F92C886D9F0
158,13457,Al-Darij,al-Darij,36.24000000,33.60000000,NULL,0.00000000,540B5F5C-B2F0-4ABC-BBCE-1FDBB7C0E698
668,15225,Kh. Hazeza,Kh. Hazeza,34.82000000,30.89000000,NULL,0.00000000,27719A0D-DD97-4AB7-BF8E-207CA3432FE7
36,13236,Shefar'am,Shefar'am,35.09000000,32.82000000,NULL,0.00000000,B50DF1A5-99EA-4E4D-B798-21150ECB7435
46,13279,Deir al-Hatta,Deir al-Hatta,35.45000000,33.53000000,NULL,0.00000000,B2344914-D5C8-43AB-AF39-212ED9C27FE5
677,15235,Quseima,Quseima,34.35000000,30.69000000,NULL,0.00000000,1B65DF27-AC10-43D8-91B7-214100E4E54A
584,15124,Laana Village,Laana Village,34.64000000,29.41000000,Early Islamic settlement with mosqueLL,0.00000000,AAD9C923-BB7A-4800-839A-21A763E07F8C
232,14160,Lachish,Lachish,34.84000000,31.56000000,NULL,0.00000000,23A028D1-0F69-4170-B625-21A91193F84E
565,15087,Khirbet Umm Rijl,Khirbet Umm Rijl,34.50000000,31.38000000,NULL,0.00000000,CFCEF785-5CEB-4FE5-A764-21BBC97FAC7A
422,14459,Tel Khalid,Tel Khalid,37.63000000,36.77000000,NULL,0.00000000,8215D628-7BE8-4A3C-9DF1-21F3EC064D0F
123,13394,St. Catherine,St. Catherine,33.97000000,28.55000000,NULL,0.00000000,A19DBC3E-C9C0-40E3-9379-21FE19F3A0BF
926,20158,Petra - Qasr Bint,NULL,29.75160000,33.67970000,NULL,NULL,228D292E-1996-4A9E-8209-2214835A0CFF
810,20040,Hammat Gader,NULL,29.75160000,33.67970000,NULL,NULL,CB029E73-5B97-42EB-BA60-233152769170
119,13386,Kilis,Kilis,37.11000000,36.71000000,NULL,0.00000000,1729DF8D-F514-493B-8257-23B1252D08AC
247,14197,Abu-Dis,Abu-Dis,35.26000000,31.76000000,NULL,0.00000000,A6C54F6F-89C3-461C-8313-243160C35CA9
165,13465,Harasta,Harasta,36.36000000,33.56000000,NULL,0.00000000,17BBC409-2A15-4C4E-86B0-2452482A99DD
547,15050,T. Jamma,T. Jamma,34.44000000,31.38000000,Kh. Jamma,0.00000000,AC71527D-D158-4313-AC0A-24CB47F4F84D
275,14225,Dara'a,Derrat,35.97000000,32.59000000,Dar'at,0.00000000,54D2D679-7DDB-4FD5-86BD-25062FE8EDCE
506,14560,Al-Thughur (A),al-Thughur (A),36.30000000,37.34000000,"The Muslim side of the frontier zone between the Byzantine Empire and the Umayyad and Abbasid Caliphates in Cilicia, northern Syria and Upper Mesopotamia",0.00000000,481A584F-45A1-4930-8E6D-256D2B21A1F5
637,15186,Gerar,Gerar,34.60000000,31.38000000,NULL,0.00000000,01173060-EB18-4729-96B9-25A45FF65745
142,13431,Shaad-staging post (U),Shaad-staging post (U),33.65082151,33.05128774,NULL,0.00000000,86B2F6AA-5ECB-43A4-8C11-25DE154BA0D6
707,15285,Arava (A),Arava (A),35.26000000,30.70000000,NULL,0.00000000,BB5D8F8F-8786-49F7-B051-2657F9517C5B
351,14319,Bet-Shearim,Bet-Shearim,35.12000000,32.70000000,NULL,0.00000000,0CF5D0FF-EE32-4BBA-8433-268465E342FD
124,13395,Damietta,Damietta,31.81000000,31.42000000,NULL,0.00000000,97C8C610-C8AD-4078-85FE-26A445E516FF
354,14322,Khirbet Shema (U),Khirbet Shema (U),33.65082151,33.05128774,NULL,0.00000000,53A4AB96-0AE9-4FE5-9F7B-26E950992249
594,15136,Mezad Zafir,Mezad Zafir,35.10000000,30.92000000,Roman fort overlooking the Scropions' Pass (Ma'ale Akrabim),0.00000000,A79C3A8C-058C-4F1A-9352-26FFE7F5DD8D
706,15284,Hellenic arc (A),Hellenic arc (A),27.35000000,35.36000000,NULL,0.00000000,6E6A6D3B-81C6-4901-BC18-273EF67EA8BF
17,20,A-Salt,A-Salt,35.72000000,32.03000000,Aina d-Gader,0.00000000,9A6A9880-4FAD-471D-91C9-27E9D4205D05
122,13392,Abu-Tur,Abu Tur,35.24000000,31.75000000,NULL,0.00000000,620CD28A-E3DC-4C77-B942-27ED47F07221
146,13437,Zebdani,Zebdani,36.15000000,33.66000000,al-Zebedani,0.00000000,07BA3976-A93B-4915-BC32-28179474205C
791,20021,Baydha,NULL,29.75160000,33.67970000,NULL,NULL,6C5642C9-28F9-4255-A270-28249657052A
324,14280,Ein-Farah,Ein-Farah,35.34000000,32.28000000,NULL,0.00000000,B0F6DE33-2C9A-452B-8651-289A55BB4810
896,20128,Kursi,NULL,29.75160000,33.67970000,NULL,NULL,3B0EDB6E-9D71-4E67-928F-28E3FD0A7B35
1166,21000,Dahab,NULL,NULL,NULL,NULL,NULL,12505AF6-CB8B-4781-B4B4-293B79A58925
874,20105,Jerusalem - Temple Mount,NULL,29.75160000,33.67970000,NULL,NULL,52CCFF75-67ED-4B45-86B7-29C81AB887DB
382,14388,Al-Marqab Citadel,Al-Marqab Citadel,35.93000000,35.14000000,Margat (Latin),0.00000000,AE503169-6D09-4BAE-9548-29D447B9C3D2
428,14465,Batun (U),Batun (U),33.65082151,33.05128774,NULL,0.00000000,0CFB9162-A3B9-4114-83FA-29DD43C61FA2
961,20193,Tel Burna,NULL,29.75160000,33.67970000,NULL,NULL,8493A275-8EE3-4932-B43A-2A0662DD1DFE
503,14556,Bet-Lehem [Galilee],Bet-Lehem [Galilee],35.19000000,32.73000000,NULL,0.00000000,50D21CF8-E6F0-4B6C-8DA1-2A221EA2DE32
421,14458,Bizza'ah,Bizza'ah,37.57000000,36.37000000,NULL,0.00000000,BD470E62-1C9C-431D-A015-2A3C32D7B657
225,14139,Qus,Qus,32.76000000,25.93000000,NULL,0.00000000,27981FFB-3AE2-432A-A86D-2A4702765CA4
498,14550,Yahudiah,Yahudiah,35.66000000,32.92000000,NULL,0.00000000,F8911BEE-96A6-4BC0-8A69-2A6214BCE907
920,20152,Petra - Khubtha Cliff,NULL,29.75160000,33.67970000,NULL,NULL,D7050CB7-CCFC-4871-8AC0-2A667909893D
86,13329,Ras al-Ahmar,Ras al-Ahmar,35.43000000,33.05000000,NULL,0.00000000,25C4C698-96DE-4D62-8AA5-2A7DBAF3309F
420,14457,Azrab,Azrab,36.81000000,36.71000000,NULL,0.00000000,C248A026-2D29-427B-91A5-2A7EEEC5C928
532,15032,Mezad Har Masa,Mezad Har Masa,35.05000000,30.56000000,A Nabataean / Roman fort along the Incense Road (Petra - Gaza Road) between Mezad Qasra and Mezad Neqarot,0.00000000,7692C01D-B0C0-4459-BDCD-2B9BDFB88F02
873,20104,Jerusalem - Shrine of the Ascension,NULL,29.75160000,33.67970000,NULL,NULL,460EEBF4-E7CA-43F0-9FB8-2C152C4FBD67
471,14517,Sagce (U),Sagce (U),33.65082151,33.05128774,NULL,0.00000000,F361C914-E4EC-4AA8-A865-2C2EB2E432B4
560,15081,Khirbet Sharta,Khirbet Sharta,34.46000000,31.41000000,NULL,0.00000000,A26FD1B2-92A1-4FA8-96B3-2C304844AE81
714,15294,Athens,Athens,24.00000000,38.29000000,NULL,0.00000000,FF9874BF-D1D5-4300-8A57-2C3F4A6F4E48
448,14492,Singar,Singar,41.86000000,36.31000000,Sinjar,0.00000000,8B940FC8-2F27-4374-B1DF-2C7AFB279C2D
16,19,Tzipori,Tzipori,35.28000000,32.75000000,Sepphoris; Saffuriya,0.00000000,24F50115-6689-4344-A1D9-2CBC59DEEA83
695,15269,Kh. er Rabiya,Kh. er Rabiya,35.02000000,31.43000000,NULL,0.00000000,8D24AD0D-ADDA-49F6-B02D-2DB44788D989
979,20211,Tell Keisan,NULL,29.75160000,33.67970000,NULL,NULL,85E2AAEB-277B-49B9-BDC5-2DB55EC63E94
182,13498,Jericho,Jericho,35.46264709,31.86013890,NULL,0.00000000,C4166415-0697-447A-B77C-2DBE634B82CB
356,14324,Araq el-Amir,'Iraq al-Amir; Caves of the Prince,35.75000000,31.91000000,NULL,0.00000000,E7EC9887-993F-4C96-B43C-2DC87CD35A46
295,14248,Kafaringi,Kafaringi,35.69000000,32.29000000,NULL,0.00000000,206F081E-EA47-4B19-B10D-2DDADCB5782A
655,15207,Tel Masos,Tel Masos,34.95000000,31.21000000,NULL,0.00000000,1AE36CAF-EBEE-4B27-AF5B-2DE69BA425B4
590,15132,Mezad Sayif,Mezad Sayif,35.16000000,30.85000000,"Diolectianic fort, terraces, Thamudic inscription",0.00000000,346BFF45-2768-4EAB-A268-2DF718A8CD57
566,15088,Kh. el Fara,Kh. el Fara,34.49000000,31.27000000,NULL,0.00000000,9FB09EB4-AB8C-491A-A7D1-2DF9BCDD5B57
837,20068,Jerash - Bishop Marianos Church,NULL,29.75160000,33.67970000,NULL,NULL,BD1F3FE0-F572-4BCD-85C1-2E036ABE1132
769,13396,Misr (U),NULL,31.28000000,30.04000000,Cairo?,NULL,0F4C2901-522D-484B-9FA6-2E3B67F5223D
710,15290,Suez,Suez,32.54000000,29.97000000,NULL,0.00000000,B522CDA4-1AB6-4C45-B439-2E723C2A67F0
87,13330,Jish,Jish,35.43000000,33.10000000,Gush Halav,0.00000000,88B2E1F9-59C3-4C40-AC86-2E7E2764725A
612,15158,Kh. Zanuta,Kh. Zanuta,34.99000000,31.36000000,NULL,0.00000000,BF43C4F8-9289-4F8D-982E-2ED483077C63
704,15282,Crete (A),Crete (A),24.94000000,35.22000000,NULL,0.00000000,92B61483-8389-46B5-A2C9-2F187EF2A8BC
444,14486,Ararat,Ararat,44.28000000,39.70000000,NULL,0.00000000,29A2A870-A12C-4826-9B20-2F48C9FC909C
845,20076,Jerash - North Theater,NULL,29.75160000,33.67970000,NULL,NULL,61F217A3-206C-4FD1-B0FA-2FDAAABEE96E
112,13378,Qaqun,Qaqun,34.98000000,32.35000000,NULL,0.00000000,FBE35041-19F3-4555-85EB-3088D6CB58C9
315,14270,Ajloon,Ajloon,35.74000000,32.32000000,NULL,0.00000000,35239A1F-9D3A-4292-A2F4-3133837A5BDF
995,20227,Tiberias - Gane Hammat,NULL,29.75160000,33.67970000,NULL,NULL,E75921EA-B7DA-4979-8520-31C0A8BF0A0E
401,14436,Sodom and Ghomorrah,Sodom and Ghomorrah,35.50000000,31.20000000,"Bab el-Dhra and Numeira, respectively",0.00000000,54940287-BFD8-47A7-A951-32641BD25265
522,15006,Qasr el-Yahud,Qasr el-Yahud,35.53000000,31.83000000,NULL,0.00000000,63DC430C-CB67-4756-8D2F-32A2C0607680
399,14429,Kafr Aqab,Kafr Aqab,35.22000000,31.87000000,NULL,0.00000000,3D5D13FD-BBED-45B7-9157-331A6168C101
950,20182,Qasr al-Yahud,NULL,29.75160000,33.67970000,NULL,NULL,65309D15-A2F9-46CC-AE74-333E3F5D1554
474,14520,Kehiz (U),Kehiz (U),33.65082151,33.05128774,NULL,0.00000000,B8D927E8-217D-40DE-BD45-3395EBE59516
350,14318,Heshbon,Heshbon,35.77000000,31.79000000,Tel Hesban,0.00000000,43144816-00B0-473F-992D-34AFDCE4A6B6
32,13206,Cairo,Fustat [TBD - there is already Fustat],31.20000000,30.04000000,NULL,0.00000000,BF3D941B-3A5E-4C6E-9CDE-35515634AF69
364,14352,Sarfand,Sarfand,35.28000000,33.45000000,Sarepta,0.00000000,20F87349-37C6-454D-BFDE-3551DBA549AB
320,14276,Ein-Harod,Ein-Harod,35.39000000,32.55000000,NULL,0.00000000,CD500A9D-2A51-40CA-B42F-3560F321435A
314,14269,Abadia,Abadia,35.55000000,32.68000000,Ubadieh,0.00000000,BDC9025B-1565-4068-A2AB-3580B444D2D9
385,14392,Al-Shaubak,Al-Shaubak,35.56000000,30.53000000,NULL,0.00000000,70A6E522-E60F-4A59-8465-360AADFBFE75
562,15084,Khirbet el Mendur,Khirbet el Mendur,34.46000000,31.40000000,NULL,0.00000000,5CD0AD60-4E85-4422-A96E-362309EE4442
736,16026,I'bllin,I'bllin,35.19000000,32.82000000,Evlayin,0.00000000,1350C2D8-4124-4A70-A376-365B3553320E
952,20184,Ramat Rahel,NULL,29.75160000,33.67970000,NULL,NULL,FD365ECF-9789-490D-9658-36721A25D1C1
103,13369,Kh. Baka'a,Kh. Baka'a,35.50000000,32.67000000,NULL,0.00000000,CCFCA3C2-3B41-40B1-B5AE-36D6455ABBB6
583,15123,Evrona,Evrona,34.99000000,29.63000000,"NUEarly Islamic farm houses, underground water system ( Kanat), pool, agricultureLL",0.00000000,C89EED1C-0586-4644-935E-36DEC3EE7AE8
199,14067,Seleucia,Seleucia,44.52000000,33.09000000,Seleucia Pieria,0.00000000,231A53DE-7ED9-48E2-B13D-37C8C761E020
935,20167,Resafa,NULL,29.75160000,33.67970000,NULL,NULL,5D309C76-6E5F-49F3-B963-3856D4B48FD0
758,16052,Tanta,NULL,30.99846508,30.78414364,NULL,0.00000000,ED0EFD0B-6FD4-4C95-93C2-38CF279D3876
548,15051,Baicat el-Radi,Baicat el-Radi,34.42000000,31.39000000,NULL,0.00000000,46DD6B50-C20C-4C67-8259-38D61F325284
24,29,Tel Ahmar,Tel Ahmar,38.11000000,36.66000000,NULL,0.00000000,C3D0FD57-9B0D-4017-A10A-39264B17B744
927,20159,Petra - Roman Street,NULL,29.75160000,33.67970000,NULL,NULL,4F370FA6-7B95-40D8-9C2F-396297CDB927
666,15222,Har Haluqim,Har Haluqim,34.80000000,30.90000000,NULL,0.00000000,8BB1B992-7169-43E9-936F-39B64C03477F
550,15070,Khirbet esh Sheluf,Khirbet esh Sheluf,34.43000000,31.47000000,NULL,0.00000000,2B840C33-DCFE-4314-A0E8-3A0F0C4A3D05
580,15119,Grafon Fort,Grafon Fort,34.88000000,30.72000000,"Roman fort, structures (Nabataean), water cistern in streambed, aqueduct, Nabataean pottery",0.00000000,76A22F45-560C-4489-99AC-3AC37289EF44
972,20204,Teleilat Ghassul,NULL,29.75160000,33.67970000,NULL,NULL,71616808-F1A2-4310-8EFF-3AEB7EEFF266
859,20090,Jericho - Tell es-Samarat,NULL,29.75160000,33.67970000,NULL,NULL,FAD8E507-2122-4125-9E74-3B4409E811F6
921,20153,Petra - Main Theater,NULL,29.75160000,33.67970000,NULL,NULL,0E5A1474-788A-4627-A510-3B6613647FC8
504,14557,Deir al-Qamar,Deir al-Qamar,35.56000000,33.69000000,NULL,0.00000000,AEE15515-E797-4B48-B029-3C0867B4A06A
445,14488,Baghras,Baghras,36.21000000,36.38000000,NULL,0.00000000,245276D8-EAC6-4E11-81AB-3C25788ED627
888,20120,Khirbet Iskander,NULL,29.75160000,33.67970000,NULL,NULL,145EB593-DF22-43F6-B66E-3C2DA1BF8366
615,15162,H. Samra,H. Samra,35.12000000,31.23000000,NULL,0.00000000,09C44CBB-E24F-4BAE-83F2-3CCD076D6300
379,14381,Hauran,Hauran,36.49000000,32.75000000,Hauran,0.00000000,05B71FB8-C847-4462-8494-3CE84448637A
424,14461,Al-Raqqa,Al-Raqqa,39.01000000,35.95000000,Callinice,0.00000000,D5ADE834-E702-4F8D-BDF8-3D750C12A6D1
822,20053,Hebron - Tomb of the Patriarchs,NULL,29.75160000,33.67970000,NULL,NULL,FD709656-3B11-4AB7-8C33-3D8E85B38E63
912,20144,Palmyra,NULL,29.75160000,33.67970000,NULL,NULL,9EA54C84-2EE9-420C-8D55-3DB86822EE64
754,16048,Tel Judeidah,Tel Goded,34.91660000,31.63330000,NULL,0.00000000,05117A09-21B8-42F8-9C6A-3DC36493AA49
163,13463,Dummar,Dummar,36.22000000,33.53000000,NULL,0.00000000,5B3F82F8-1C6C-431C-896D-3DCD2C4A8073
973,20205,Tell 'Amar,NULL,29.75160000,33.67970000,NULL,NULL,BFCA4587-BAB5-440C-8396-3DDC1ABF3614
882,20114,Khirbet al-Khalde,NULL,29.75160000,33.67970000,NULL,NULL,819B373D-6130-4539-A615-3E2361632A46
827,20058,Horbat Dafit,NULL,29.75160000,33.67970000,NULL,NULL,C0B330AC-C38E-4110-84BB-3E35FDBC133C
616,15163,En Aneva,En Aneva,35.33000000,31.35000000,NULL,0.00000000,3EA35DA5-3F14-4854-8CF3-3E47E2535367
231,14159,Tel Arad,Tel Arad,35.12000000,31.28000000,NULL,0.00000000,C255E6EC-2532-42FA-9EA5-3EB9034F14F4
236,14167,Tel el-Hama,Tel el-Hama,35.65000000,32.68000000,NULL,0.00000000,5BD14774-E24B-4F35-8811-3EBED9DE80FE
384,14391,Akhlat,Akhlat,34.97000000,37.52000000,Erkizan,0.00000000,73F986D9-22B8-4BE6-B196-3EBF3B16BE24
796,20026,Crak des Chevaliers,NULL,29.75160000,33.67970000,NULL,NULL,3A8AE72C-789D-4E35-9C90-3EC46DE12EA7
184,13500,Nawa,Nawa,36.03000000,32.89000000,NULL,0.00000000,FBE9C841-88F2-43C5-B861-3F1B95B8C457
969,20201,Tel Tanninim,NULL,29.75160000,33.67970000,NULL,NULL,C49A2E31-7B26-4A49-A0E4-3F531E3E4D18
73,13314,Bet-Yahun,Bet-Yahun,35.49000000,33.15000000,NULL,0.00000000,4F3CC20C-5B42-4934-A05F-3F5F171BFAC4
83,13325,Deishun,Deishun,35.43000000,33.02000000,NULL,0.00000000,754A7ECA-0A2A-4CF3-A1FE-3F70C9BA70DD
195,14022,Nicea,Nicea,29.71000000,40.41000000,NULL,0.00000000,29419CF8-9A69-476F-8134-3FC66923FB18
193,13991,Latakia,Latakia,35.77000000,35.51000000,NULL,0.00000000,252F6859-A330-41AD-9210-3FC8730D7E2A
850,20081,Jerash - Southwest Hill,NULL,29.75160000,33.67970000,NULL,NULL,B7260B3A-CCA8-4ED4-AF70-4037F70FE4E8
680,15238,Nahal Horsha,Nahal Horsha,34.53000000,30.67000000,NULL,0.00000000,6E36D6E1-671C-46C6-9483-40566C08BDA2
20,23,'D'NWS (U),'D'NWS (U),35.23000000,31.85000000,Unknown site. Appears in Cyril's Harvard Syriac letter,0.00000000,3437862C-4214-47EE-912D-40BDB3E9ABB7
260,14210,Bet-Sorik,Bet-Sorik,35.14000000,31.81000000,NULL,0.00000000,E02EFDAF-36BB-4686-8105-416A5D9854A4
775,20005,Amman Citadel - Tower B,NULL,29.75160000,33.67970000,NULL,NULL,D1D0728F-6F79-4F94-93DF-4185835B0CD3
34,13221,Nablus,Nablus,35.25000000,32.21000000,Neapolis,0.00000000,C601857B-C043-4546-85FC-41C8D3548F01
883,20115,Khirbet el-Kheibar,NULL,29.75160000,33.67970000,NULL,NULL,E44262E3-0451-45DC-91DD-41D9C93C53E8
227,14153,Egypt (A),Misr,31.49000000,28.61000000,NULL,0.00000000,A0C86E88-21A1-44AE-A572-41F8959585E9
109,13375,Arraba,Arraba,35.22000000,32.31000000,NULL,0.00000000,CD8C1A8D-DA5B-48B3-BF5F-42142896C473
353,14321,Meiron,Meiron,35.44000000,32.98000000,Marun,0.00000000,DD566610-A9BF-4DD2-992D-42A5685780A7
161,13460,Dimas (U),Dimas (U),33.65082151,33.05128774,NULL,0.00000000,8191CA14-8065-446C-9464-42A8FD98FF14
283,14234,Zarka Maein,Zarka Maein,35.72000000,31.68000000,NULL,0.00000000,CD1520E0-DFC0-4FD7-A09E-42B76C52E5AC
987,20219,Wadi Ramm - Temple to Allat,NULL,29.75160000,33.67970000,NULL,NULL,6E8B6F14-9FD7-4F03-930E-42D5132B39DE
838,20069,Jerash - Church of Saint Theodore,NULL,29.75160000,33.67970000,NULL,NULL,3CEECF61-DF5C-48B9-AC30-433274E0EE07
400,14433,Dead Sea East (A),Dead Sea East (A),35.57000000,31.62000000,NULL,0.00000000,591F6197-B17E-4552-965F-43A061F36404
627,15176,H. Zalit,H. Zalit,34.95000000,31.32000000,NULL,0.00000000,03E0EA87-1E6F-4CAE-8A63-43E960165FF5
71,13312,Qana,Qana,35.28000000,33.20000000,NULL,0.00000000,C8F2DA0B-899D-4669-8EA4-44C5056A70B9
111,13377,Attil,Attil,35.06000000,32.36000000,NULL,0.00000000,1967D478-799B-46F1-8568-44D97273544D
211,14106,Al-Marwa,Al-Marwa,39.72000000,23.42000000,NULL,0.00000000,605201F3-DEF4-41F8-AECF-454F6D860717
511,14566,Ain-Zarbah,Ain-Zarbah,36.53000000,37.29000000,NULL,0.00000000,142FE76E-3763-41BE-BA2B-456ED06D11E0
470,14516,Atmanlu,Atmanlu,36.35000000,37.05000000,NULL,0.00000000,50EADDF3-0ADC-41B8-9C11-459458FAB145
673,15231,Mezad Ma'ale Zin,Mezad Ma'ale Zin,34.80000000,30.85000000,NULL,0.00000000,8E1209AC-A555-4304-8751-45FFCD5C35E8
479,14525,Jisr Al-Shughur,Jisr Al-Shughur,36.31000000,35.80000000,shughr; Jisr al-Shugur; Shugr-Bekas,0.00000000,3573BD2F-C314-46B0-890E-46C33A88B660
988,20220,Yavne-Yam,NULL,29.75160000,33.67970000,NULL,NULL,18DE1F2A-E814-4BE7-9524-46CADA0E836D
13,16,Hada (U),Hada (U),35.26306682,31.79656120,Unkown site. A suberb near Jerusalem (after Cyril's Harvard Syriac letter),0.00000000,6B6A9E12-356E-4381-8F29-470B6C580922
549,15052,Kh. Umm Jarar,Kh. Umm Jarar,34.43000000,31.41000000,NULL,0.00000000,1E860CCA-9C08-4762-B57E-470D16E7D057
1001,20233,Tiberias - Ottoman Tiberias,NULL,29.75160000,33.67970000,NULL,NULL,7702BE1E-A226-4E48-99EE-487E796EA8E6
319,14275,Ein-Dok,Ein-Dok,35.43000000,31.87000000,NULL,0.00000000,3C471159-CBDB-4719-B69A-489BF18B07BD
352,14320,Kfar Nahum,Kfar Nahum,35.57000000,31.09000000,Caperneum,0.00000000,7B6C2F6D-B881-40B4-9EED-48B5027B8F4D
346,14314,Yarmuch Fall,Yarmuch Fall,35.66000000,32.68000000,NULL,0.00000000,01B52B91-CBED-483C-8B7D-48D6E1291FDE
752,16045,Bethel,NULL,35.24130000,31.92270000,NULL,0.00000000,463CF28B-57FF-4363-A369-48F3947ABB08
620,15167,Anim,Anim,35.06000000,31.35000000,NULL,0.00000000,5A2BB5E7-D294-4245-829E-48F6083927B5
104,13370,Danna,Danna,35.53000000,32.65000000,NULL,0.00000000,6144B196-AC72-46CB-9119-48F6A93DDD05
749,16042,Miʿilyā,Castellum Regis/Miʿilyā,35.25706604,33.02771860,NULL,0.00000000,D16FE6D2-DEBE-42CB-9B5E-4900D551CA79
638,15187,Photis,Photis,34.62000000,31.32000000,NULL,0.00000000,768F9328-CCE3-4DA7-B964-494761FB9AA3
721,16010,Al-Nabi Dau'd,Al-Nabi Dau'd,35.22986220,31.77156356,Minaret on Mt. Zion,0.00000000,F5322F79-54CD-41CB-871D-4984FF9CA584
25,1634,Tel Abu en-Ni’aj,Tell Abu en-Ni’aj,35.56572537,32.42616833,NULL,0.00000000,015ED4F2-DCDE-4114-96D2-49D2414AE9F7
699,15273,Elot,Elot,34.96000000,29.57000000,"Early Islamic settlement, installations for smelting cooper ore, slag",0.00000000,295DEFDD-7B01-4CA5-AF85-4A137C8DAD2A
243,14176,Salem,Ainun; Salim; Salumias; Salim of John,35.54940000,31.83750000,NULL,0.00000000,84EBEC4B-4A4E-4CF1-9140-4A34DDCF325C
281,14232,Zarka,Zarka,36.08000000,32.06000000,NULL,0.00000000,500F145D-D1EC-458A-9BA3-4AB7731BA22F
133,13417,Marjayoun,Marjayoun,35.59000000,33.36000000,NULL,0.00000000,C2398A1E-C213-4E04-A963-4B6D365221AE
784,20014,al-Marqab Citadel,NULL,29.75160000,33.67970000,NULL,NULL,27F1F196-71D6-4CB3-950C-4B6FBECC7014
919,20151,Petra - Katute,NULL,29.75160000,33.67970000,NULL,NULL,5B4176BF-7053-482A-8CEC-4BC8CC91EE9A
541,15043,H. Mesorah,H. Mesorah,34.70000000,30.91000000,NULL,0.00000000,26C032B3-8980-4643-BCA9-4C0C29BA6996
613,15159,Rogem Zohar,Rogem Zohar,35.23000000,31.23000000,NULL,0.00000000,C524505B-5165-4B4F-A78E-4C68FD245439
63,13302,Hunin Castle,Hunin Castle,35.56000000,33.23000000,Chastel Neuf of the Crusaders,0.00000000,9015283A-DFBE-4E90-BD3A-4C7BA9DE331C
730,16019,Shouff (A),Shouff (A),35.54000000,33.83000000,NULL,0.00000000,5739A990-624F-40EA-889D-4C8C3F91E053
610,15156,Mezad Zohar,Mezad Zohar,35.34000000,31.14000000,NULL,0.00000000,4C175D10-E1D8-4E55-9585-4CC10F08B263
305,14260,Meslovia,Meslovia,35.63000000,31.76000000,NULL,0.00000000,E6E2E44D-7C2D-4308-9D2C-4CF06B6F58F5
417,14454,Harim,Harim,36.51000000,36.20000000,NULL,0.00000000,76510585-6EEF-483C-A8DB-4D1743D6C659
279,14230,Herzelia,Herzelia,34.79000000,32.15000000,NULL,0.00000000,30966C58-B5E4-475E-8356-4DB994ACDCE2
1002,20234,Tiberias - Umayyad Mosque,NULL,29.75160000,33.67970000,NULL,NULL,838A81B8-50D1-40D2-B1D5-4E3DB8794864
828,20059,Horbat Hazaza,NULL,29.75160000,33.67970000,NULL,NULL,F9155821-D777-4715-8FE8-4E6C1183B356
65,13304,Asbagha (U),Asbagha (U),35.53000000,33.00000000,NULL,0.00000000,1D8A402E-CDDD-4130-9DB5-4E869956F40F
521,15005,Qadesh-Barnea,Qadesh-Barnea,34.43000000,30.65000000,NULL,0.00000000,CD01E661-B539-47BD-94CD-4EB4C5FA337D
156,13455,Maara (U),Maara (U),33.65082151,33.05128774,NULL,0.00000000,A87C3AC3-C5F8-419E-8EA2-4EBDF6510B82
500,14552,Tel Ta'anach,Tel Ta'anach,35.26000000,32.55000000,NULL,0.00000000,9DC0DC4F-ECF2-4D62-9C11-4F20752F029A
551,15071,Khirbet en Namus,Khirbet en Namus,34.47000000,31.46000000,NULL,0.00000000,4D0CF19E-7C62-4554-9D8C-4F5B107DB7A6
200,14090,Tripoli,Tripoli,35.83000000,34.43000000,Tripolis [Syria],0.00000000,C8AC700E-1F60-45F7-9D1F-4F695EE1C87B
383,14390,Barin,Barin,36.41000000,34.93000000,NULL,0.00000000,6E2CEDE8-41A6-499F-A541-4F874BED5F05
848,20079,Jerash - Propylaea Church,NULL,29.75160000,33.67970000,NULL,NULL,283D5F9E-EEA0-48A3-B891-4F8A2A38E1D9
823,20054,Herodium,NULL,29.75160000,33.67970000,NULL,NULL,BE3479A2-A64E-431D-A963-4F8CEACA2501
447,14491,Mardin,Mardin,40.73000000,37.31000000,NULL,0.00000000,F87B3378-2168-4679-9111-4FE6C38C55C7
404,14440,Azaz,Azaz,37.05000000,36.58000000,NULL,0.00000000,1E28C382-1F1A-49F4-B244-50058EE3D200
738,16028,H. Ashan,H. Ashan,34.73000000,31.27000000,NULL,0.00000000,7CB1810B-7B69-4CF9-A45C-50569A343CB8
106,13372,Ma'lun (U),Ma'lun (U),35.28000000,32.83000000,NULL,0.00000000,BC514736-8B5C-4243-8719-507E3CFA3019
846,20077,Jerash - Northwest Aqueduct,NULL,29.75160000,33.67970000,NULL,NULL,07FA00B4-1417-401B-AA2E-50DF06664EE7
325,14282,Anab,Anab,34.92000000,31.39000000,NULL,0.00000000,4332C3A0-6FED-4B2E-8DC0-50FABB6CD391
141,13430,Afka,Afka,35.88000000,34.06000000,NULL,0.00000000,B95A5079-A375-4561-97E1-5105B9413166
650,15200,Kh. Amra,Kh. Amra,34.83000000,31.26000000,NULL,0.00000000,8921A7A2-EACD-4114-AA27-512E5846E0B4
208,14103,Galilee (A),Galilee (A),35.45000000,32.91000000,NULL,0.00000000,AAB48A30-692A-445F-AC67-522A5063CBEF
777,20007,Amman Citadel,NULL,29.75160000,33.67970000,NULL,NULL,5147311E-D570-40C6-91FF-527068B6D4DC
434,14474,Jum (U),Jum (U),33.65082151,33.05128774,NULL,0.00000000,FB1C5602-30CC-4C9F-9EC5-52FD374EAE6C
442,14483,Nisfin (U),Nisfin (U),33.65082151,33.05128774,NULL,0.00000000,51F17FC2-DBF7-4407-960D-53128602B4B0
190,13928,Batrun (Botrys),Batrun (Botrys),35.64000000,34.25000000,Botrys,0.00000000,09252BEE-06F1-4C43-BC30-533B68813ED9
630,15179,Rujm el Hummus,Rujm el Hummus,34.91000000,31.39000000,NULL,0.00000000,88EDB977-27CB-44C2-8A37-535B4736D263
572,15100,el-Burej,el-Burej,34.40000000,31.43000000,NULL,0.00000000,8C590862-3A8C-44EE-987B-53669835599F
57,13292,Bilad el-Shuqf (A),Bilad el-Shuqf (A),35.57000000,33.39000000,NULL,0.00000000,02B89F0E-6C6B-4591-9C0C-538323266D54
151,13449,Deir Hanna,Deir Hanna,35.37000000,32.86000000,NULL,0.00000000,98A56406-F4AE-4072-B136-54392163C645
941,20173,Salamis,NULL,29.75160000,33.67970000,NULL,NULL,63968DD8-220A-49BB-9F6C-546FAE841968
387,14397,Sinai (A),Sinai (A),33.68000000,29.71000000,NULL,0.00000000,A3F9F16B-5C7A-4449-962A-54EA9EB182ED
508,14562,Al-Hadath,Al-Hadath,35.51000000,36.82000000,NULL,0.00000000,3CE987A4-1938-49BE-BC84-54F12EEBE28C
58,13293,Qal'at al-Shuqf,Qal'at al-Shuqf,35.52000000,33.39000000,Chateau de Beaufort of the Crusaders,0.00000000,2498A62D-8E82-43ED-8BE8-565C1E64DA2D
748,16041,Tel Yavneh,Tell Yavneh,34.74834311,31.86515249,NULL,0.00000000,771D0E26-1645-4ECF-8C48-566B27ED6D4E
914,20146,Petra - Ez-Zantur,NULL,29.75160000,33.67970000,NULL,NULL,5A8E5797-8537-4187-A1B5-568C1DFE3C10
910,20142,Nimrod,NULL,29.75160000,33.67970000,NULL,NULL,D4CA3B87-7F40-4D0F-B4BA-56952867EF21
206,14098,Tartus,Tartus,35.88000000,34.88000000,Tortosa; Antharidus; Antartus,0.00000000,8C66ED36-CB7F-4D4F-AFF0-56A9104695CA
835,20066,Jerash - Artemis Complex,NULL,29.75160000,33.67970000,NULL,NULL,75FAEBD5-8550-4BAD-942B-56DFEE6B7CBA
286,14239,Yalo,Yalo,35.02000000,31.83000000,NULL,0.00000000,7F78C881-7892-459C-AA7D-56E14CD718DA
570,15092,Khirbet Umm Adrah,Khirbet Umm Adrah,34.57000000,31.39000000,NULL,0.00000000,995138DF-F46F-45CA-A11B-571C84775F57
662,15214,Kh. Bulei'is,Kh. Bulei'is,34.84000000,31.05000000,NULL,0.00000000,50EB3EF2-1AE2-4DE4-935E-573B4EAE9FA6
27,1637,Tel el-Fukhar,Tell el-Fukhar (Jordan),35.95276963,32.68074620,NULL,0.00000000,AEACA11F-95AF-4B8F-ABFF-57499EDA9D3D
96,13359,Lubya,Lubya,35.42000000,32.77000000,NULL,0.00000000,445F0651-6024-427D-B4A7-5758E379158D
388,14398,Damieh,Damieh,35.56000000,32.20000000,NULL,0.00000000,A374891E-3138-4DA4-952C-57B2353F4C57
516,15000,Mamshit,Mamshit,35.06000000,31.02000000,NULL,0.00000000,2CEFA533-A375-4B57-B973-57C62034C370
755,16049,Ben Hinnom Valley (A),NULL,35.22640000,31.77100000,NULL,0.00000000,6E54B347-F84F-4389-8723-57DB1502B5DE
339,14299,Rehovot,Rehovot,34.80000000,31.89000000,NULL,0.00000000,839DBE7C-74C2-4CEB-B17E-57E848EBFFEB
169,13471,Nashbiyeh (U),Nashbiyeh (U),33.65082151,33.05128774,NULL,0.00000000,FB19B648-00E6-4B76-B471-57F1C5D6E49F
918,20150,Petra - Jabal Khubthah,NULL,29.75160000,33.67970000,NULL,NULL,47357C6B-A5F6-4632-96F2-5825B9C9B344
323,14279,Ein-Qinya,Ein-Qinya,35.14000000,31.92000000,NULL,0.00000000,2E4AAB37-60F9-49C3-9E28-58C19E5FCE6B
427,14464,Nisibin,Nisibin,37.06000000,36.38000000,NULL,0.00000000,7428F4FD-0406-499E-BF9F-58F7E537B0A8
23,28,Maarrat al-Nu'man,Maarrat al-Nu'man,36.67000000,35.63000000,NULL,0.00000000,9AC085E8-5E1F-4A05-A3D5-593201E674EF
652,15202,Tel es Sawa,Tel es Sawa,34.89000000,31.24000000,NULL,0.00000000,6CC14907-66CA-4E7D-A1FE-5989326252DC
982,20214,Tell Abu Hawam,NULL,29.75160000,33.67970000,NULL,NULL,EBF5D404-35D9-4B13-9229-599FBB7DCA02
127,13408,Sassa,Sassa,35.38000000,33.01000000,NULL,0.00000000,20CE8DD7-67BC-49C5-BEAA-59CE9DF42084
554,15075,Khirbet Mansurah,Khirbet Mansurah,34.46000000,31.45000000,NULL,0.00000000,991E8B50-CBB1-40C1-A465-59D51BA31157
301,14255,Maa'yan Elisha,Maa'yan Elisha,35.43000000,31.87000000,NULL,0.00000000,F77F71CF-12FB-4ED6-9A18-59E43AE21A7D
376,14370,Al-Badan,al-Badan,35.31000000,32.25000000,NULL,0.00000000,6D1AB72C-0556-4E22-9E22-59F1C64EFAE1
366,14355,Laura of Euthymius,Laura of Euthymius,35.83000000,31.78000000,NULL,0.00000000,C63614DC-B922-4B1B-A59D-5A094A45308A
70,13310,Sutli (U),Sutli (U),35.40000000,33.16000000,NULL,0.00000000,8C7BE0A5-08B4-4019-9479-5A54E9A147D9
985,20217,Umm al-Qanatir,NULL,29.75160000,33.67970000,NULL,NULL,D4ACA25B-221C-4A6A-BAFA-5A7FEDF5646D
159,13458,Halboun,Halboun,36.23000000,33.64000000,NULL,0.00000000,369B9035-1B5E-4C9F-802F-5AEA71288584
523,15007,Ein-Gedi,Ein Gedi,35.39000000,31.46000000,NULL,0.00000000,98BD1CF7-F427-401D-8B44-5B0A30B6283D
930,20162,Petra - Wadi Sabra Theater,NULL,29.75160000,33.67970000,NULL,NULL,4F0B2A41-F115-4AEB-85E9-5B7764CB6C5B
219,14114,Medina,Medina,39.59000000,24.46000000,NULL,0.00000000,D6527DD3-799D-479C-A335-5BD285CDC768
931,20163,Qasr al-Yahud,NULL,29.75160000,33.67970000,NULL,NULL,A2C84FCD-D483-4327-ADDC-5BE3C9560602
423,14460,Tel Ahmar (U),Tel Ahmar (U),33.65082151,33.05128774,NULL,0.00000000,BB5021D9-C0B3-461F-8DA9-5C083CA6F06A
259,14209,Bet-Likia,Bet-Likia,35.06000000,31.86000000,NULL,0.00000000,5B9EB218-23F7-4AD6-90A2-5C2A5D5F97FA
865,20096,Jerusalem - Givati Site,NULL,29.75160000,33.67970000,NULL,NULL,02773306-180D-4B6D-A3B8-5C3F26335280
152,13450,Qusayr [TR],Qusayr [TR],36.18000000,36.05000000,NULL,0.00000000,3F288565-FC76-43E9-82DA-5C8EAC9DA7D2
469,14514,Han Sheikhun (U),Han Sheikhun (U),33.65082151,33.05128774,NULL,0.00000000,D5457F78-1331-4CF6-B419-5CB30F808B0F
105,13371,Bashan (A),Bashan (A),35.99000000,32.44000000,NULL,0.00000000,11852F51-C018-4627-83E2-5D15A084CBFA
715,15295,Nue'iba,Nue'iba,34.67000000,28.99000000,NULL,0.00000000,3F1CEF83-582B-465F-8B00-5D4AE24A1171
711,15291,Southern Anatolia (A),Southern Anatolia (A),29.84000000,36.79000000,NULL,0.00000000,DAA47796-8BB9-4D5D-A9EB-5D6CF4E87AF8
916,20148,Petra - High Places,NULL,29.75160000,33.67970000,NULL,NULL,C8BAF2DC-42AC-4354-B700-5D7C8FDCD675
167,13468,Adhra,Adhra,35.76000000,34.05000000,NULL,0.00000000,DCE50D19-1DB0-4F95-9532-5D9F2ECF1EEC
370,14362,Nile Delta (A),Nile Delta (A),31.42000000,30.89000000,NULL,0.00000000,759E7003-BCE1-4291-BF68-5DC8A2355AA5
779,20009,Antioch,NULL,29.75160000,33.67970000,NULL,NULL,478AB01E-B195-4A12-BD54-5DEA0BF45C73
150,13448,Al-Rama,Al-Rama,35.36000000,32.93000000,NULL,0.00000000,DCAF5943-883B-4F7B-A4F0-5DF90521FB1E
397,14425,Kfar Bir'im,Kfar Bir'im,35.41000000,33.04000000,Kfar Bara'm,0.00000000,DED0F79B-8515-488E-8D47-5DFA810F9F3A
360,14328,Khorazim,Khorazim,35.65000000,32.82000000,NULL,0.00000000,5D52215F-E3A4-4ACA-A87B-5DFFD8D8BB9E
110,13376,Ajja,Ajja,35.18000000,32.68000000,NULL,0.00000000,85382BB2-D88C-443F-8181-5E53F90B9990
371,14363,N. Lebanease Coast (A),N. Lebanease Coast (A),35.71000000,34.01000000,NULL,0.00000000,4A78820E-B699-4C82-93FE-5E937DCC35E3
801,20031,Dharih,NULL,29.75160000,33.67970000,NULL,NULL,2CC3446E-40C1-4438-B533-5EE9A6BB61E6
287,14240,Yavne,Yavne,34.74000000,31.87000000,NULL,0.00000000,B7621C1D-1085-4C61-A230-5F35737E8E5D
326,14283,Afula,Afula,35.28000000,32.60000000,NULL,0.00000000,A4D0E74E-5CD6-4ECE-9AAA-5FEF49A97839
113,13379,Burqa,Burqa,35.24000000,32.19000000,NULL,0.00000000,9A160032-203B-4287-B7E2-600B22B40C14
750,16043,Tel el-Mazar,el Mazar,35.35910000,32.52720000,NULL,0.00000000,2DB9CF40-FA4B-4182-B8B9-606504C741CB
204,14096,Trieris,Trieris,36.00000000,34.70000000,NULL,0.00000000,E48DBEC7-A933-4DD3-B0A7-616955F2AE08
528,15025,Abila,Abila,35.86000000,32.68000000,Decapolis,0.00000000,5373A382-3DE0-432B-8BF9-61BEDEF90253
608,15154,Mezad Zafit,Mezad Zafit,35.18000000,31.04000000,NULL,0.00000000,E9FFD162-FCD4-46DE-BEDA-632DCFE6B4DB
971,20203,Tel Yokneam,NULL,29.75160000,33.67970000,NULL,NULL,26F125EA-F1B2-4574-ADCC-6370C56178BC
454,14498,Khirbet Qasiun (U),Khirbet Qasiun (U),33.65082151,33.05128774,NULL,0.00000000,A06A8EC7-4E25-4104-897A-63847F69CD2E
770,15142,Timna,NULL,34.94000000,29.76000000,NULL,NULL,77501F32-036D-4227-9AEE-63E7FB5A1D3D
739,16029,Borochov Neibourhood [Tel Aviv],Borochov neibourhood [Tel Aviv],34.80000000,32.07000000,In Givaa'tayim/Tel-Aviv,0.00000000,72D49B4F-9EF6-4F07-8E45-647E55049B85
377,14379,Kafr Tab,Kafr Tab,36.58000000,35.51000000,NULL,0.00000000,CC223D36-82F2-4FEF-8500-648ED8AE5A87
974,20206,Tell el-Judeideh,NULL,29.75160000,33.67970000,NULL,NULL,240FF5DF-B3FA-4BD9-BB2D-64D1B1EA89E3
582,15122,Wadi Tawahin,Wadi Tawahin,34.92000000,29.59000000,"Industrial installations for extracting gold, 8th-10th c. CE",0.00000000,E54141BC-A5B2-439F-9B4E-6556A37F3BC7
145,13436,Sergaya (U),Sergaya (U),33.65082151,33.05128774,NULL,0.00000000,18ABB102-6DC7-4CC0-A438-65B41D927A2B
943,20175,Samos,NULL,29.75160000,33.67970000,NULL,NULL,922A4AFB-E3CE-4C14-9ACF-6645688ED9B2
128,13409,Ghutah,Ghutah,36.42000000,33.49000000,Around Demascus,0.00000000,D744E9B4-E0A5-4E5B-A5F1-6695B807B5C7
899,20131,Magdala,NULL,29.75160000,33.67970000,NULL,NULL,26851D73-D256-4AA8-9DD7-66D9A392F942
269,14219,Jeresh,Jeresh,35.85000000,32.28000000,Garussa,0.00000000,A3D8BD36-C027-40E1-A800-671F9FC18FEC
271,14221,Allenby Bridge,Allenby Bridge,35.53000000,31.87000000,NULL,0.00000000,412109AF-689D-414F-851A-672C4AE10418
515,14572,Unspecified,Unspecified,35.92000000,33.29000000,NULL,0.00000000,E2D55CBE-8E94-49E0-97B4-6759C130EFFF
530,15027,Mao'n,Mao'n,35.13000000,31.40000000,NULL,0.00000000,018C3D6D-C5A7-4A28-B5F7-67A7E404954C
815,20046,En Haseva,NULL,29.75160000,33.67970000,NULL,NULL,7628EB6D-5F84-427C-95F1-67F0C5B40F1A
277,14228,Carmel Mt.,Carmel Mt.,35.03000000,32.75000000,NULL,0.00000000,5A4A3145-3D99-4B45-A57E-67F52635E617
8,9,Caesarea,Caesarea,34.89000000,32.50000000,NULL,0.00000000,32CCC3A0-A7EE-46D7-92AA-6818C0DB8787
68,13308,Akbar (U),Akbar (U),35.47000000,33.04000000,NULL,0.00000000,6A79A1AD-8580-42AC-BDBF-684C1FEFDAC0
344,14308,Tel Aviv,Tel Aviv,34.76000000,32.06000000,NULL,0.00000000,CD13BEE9-44E3-4B0F-A1B5-684C5F080774
932,20164,Qasrin,NULL,29.75160000,33.67970000,NULL,NULL,FEC5F173-4116-4FC7-BC67-68544A38DDFB
496,14548,Latrun,Latrun,34.97000000,31.83000000,NULL,0.00000000,0E4E2795-2222-44F8-8D36-685E4B43B436
135,13419,Zebdine,Zebdine,35.76000000,34.05000000,NULL,0.00000000,FBAA4EB2-C21E-4798-8261-6903BB830D45
495,14546,Ein-Hamdeh,Ein-Hamdeh,35.41000000,33.54000000,NULL,0.00000000,E9D1E8BA-3D12-4ED2-ACF4-69D4C91C36C9
129,13410,El-Hama,El-Hama,35.65000000,32.68000000,NULL,0.00000000,BC20E94B-A34D-4F1F-AF24-6A1EFCD65DC5
355,14323,Negev (A),Negev (A),34.63000000,30.67000000,NULL,0.00000000,DC7ADA1B-8177-4844-8330-6A3BB1981DEA
604,15148,Adru,Adru,35.59000000,30.32000000,NULL,0.00000000,09919D0A-D905-414C-88B7-6A4572778CC7
905,20137,Mishmar David,NULL,29.75160000,33.67970000,NULL,NULL,F7544B96-B326-45C9-A0B2-6A52F3B7ADC8
956,20188,Tall Zira'a,NULL,29.75160000,33.67970000,NULL,NULL,D08C8350-D1C9-424F-9F81-6AB5177FC1FA
329,14286,Pki'in,Pki'in,35.32000000,32.97000000,NULL,0.00000000,3C63E015-097A-4490-9A06-6AFD13145A64
855,20086,Jerash - Wadi Suf,NULL,29.75160000,33.67970000,NULL,NULL,40AC0E62-28AB-451B-9C53-6B5B8BA30E6E
724,16013,Ascension Chapel,Minaret Mt. Olives,35.24566860,31.77933651,NULL,0.00000000,8F31689C-849F-4038-BF1F-6B74D922A1C8
292,14245,Amman-Jordan Road,Amman-Jordan Road,35.64000000,31.81000000,NULL,0.00000000,50DDE072-3A3C-4CAE-A3E9-6BE6316D6E2A
948,20180,Shiah,NULL,29.75160000,33.67970000,NULL,NULL,5267F267-F7BA-4EF3-91CB-6C2E28C3F437
945,20177,Saône,NULL,29.75160000,33.67970000,NULL,NULL,1D8D5AD1-E57B-473A-A143-6C2F8DB163D3
514,14570,Jabal Musa,Jabal Musa,33.96000000,28.53000000,NULL,0.00000000,FDA958E1-3FA2-42E7-8D56-6C5DE722F2D4
663,15216,Mizpe Shivta,Mizpe Shivta,34.60000000,30.91000000,NULL,0.00000000,6EC9F6C2-41D4-4186-B79F-6C66677F8DF9
709,15287,Litani river (A),Litani river (A),35.35000000,33.32000000,NULL,0.00000000,1F0A70BD-7C5E-478B-BDC9-6C890B02D0D3
226,14141,Cyprus (A),Cyprus (A),33.10000000,34.98000000,NULL,0.00000000,56C3EBE7-8350-4CA2-A9E0-6D2EAE64E858
61,13296,Deir Kifa,Deir Kifa,35.40000000,33.27000000,Qufa; al-Kufah,0.00000000,10AA43E9-0A03-4926-BF68-6D59425449C9
274,14224,Deir a-Shech,Deir A-Shech,35.07000000,31.74000000,NULL,0.00000000,130ED611-E3D2-41B3-A453-6DDA558207F8
233,14163,Tel Michal,Tel Michal,34.80000000,32.14000000,NULL,0.00000000,81706A06-024B-4F32-8528-6DF439E4B6B2
733,16022,Qal'at al-Shubeibe,Qal'at al-Shubeibe,35.71000000,33.25000000,Qal'at Nimrod,0.00000000,CCA7F45E-FD8E-4CFB-A4CB-6E2AB37FFE4A
302,14256,Mrar,Mrar,35.40000000,32.88000000,NULL,0.00000000,D5897422-3D2B-4B84-A307-6E2B3A92B4AF
963,20195,Tel Jezreel,NULL,29.75160000,33.67970000,NULL,NULL,83C4553B-1539-41A6-BC2E-6EA74B44AFD3
144,13434,Baalbeq,Baalbeq,36.20000000,34.00000000,NULL,0.00000000,8B0ECE77-755E-4497-BE34-6EA7DCB86A9C
785,20015,al-Harif Aqueduct,NULL,29.75160000,33.67970000,NULL,NULL,66527426-9E84-474E-AA8E-6F8A32B766DE
984,20216,Trihalet,NULL,29.75160000,33.67970000,NULL,NULL,1400C574-5F2E-4300-98C1-6FEEC73C9A11
333,14291,Kabab,Kabab,34.74000000,31.88000000,NULL,0.00000000,5181AC9D-A4D9-4000-AA0C-7003848AE85D
746,16037,Roman Theater/Tiberias,Roman Theater,35.54381513,32.77441350,NULL,0.00000000,074B5802-672B-4A17-A933-700A78E1D7AF
160,13459,Mnin (U),Mnin (U),33.65082151,33.05128774,NULL,0.00000000,03B9FA25-1360-4143-A3F4-7040CC2932BA
542,15044,H. Nahal Zilzal,H. Nahal Zilzal,34.73000000,30.94000000,NULL,0.00000000,0D91B7C0-A385-4575-8B34-70589400E362
851,20082,"Jerash - Tabernae, thermopolium",NULL,29.75160000,33.67970000,NULL,NULL,FF2DC68E-445E-4913-AEEA-7063168C557A
30,13143,Hebron,Hebron,35.09000000,31.51000000,Al-Khalil,0.00000000,C916E2D5-89EF-459F-BF93-707B85675979
600,15144,Gypsaria,Gypsaria,34.67000000,29.98000000,NULL,0.00000000,EA47BD93-AC45-4844-8035-70EEFA1B3108
665,15221,Har Rahma,Har Rahma,34.85000000,30.94000000,NULL,0.00000000,46CAD644-32EF-421F-9011-713941EE6862
642,15192,Sycomazon,Sycomazon,34.37000000,31.40000000,NULL,0.00000000,CD48B9F9-EBD5-4EA7-981C-71BB151A3EA1
718,16000,Tel Rehov,Tel Rehov,35.49000000,32.45000000,NULL,0.00000000,E753D4C6-F43F-4820-A0E2-71D54B791E56
176,13485,Phoenicia (A),Phoenicia (A),35.37000000,33.42000000,NULL,0.00000000,C3204458-8A35-4241-AAE1-71F5AAE2BB0D
513,14569,Al-Qusayr [SR],Al-Qusayr [SR],36.56000000,34.49000000,Al-Qusayr,0.00000000,599D87F3-E5CB-4914-88D9-721E60922A0C
829,20060,Horvat Bira,NULL,29.75160000,33.67970000,NULL,NULL,2EECAE04-FFA5-4BA2-B899-7226ACC6494A
564,15086,Khirbet Zummarah,Khirbet Zummarah,34.53000000,31.39000000,NULL,0.00000000,1FE06A1C-AAB2-4BE4-80F2-72B0692A2958
537,15038,Mezad Nahal Zena,Mezad Nahal Zena,34.75000000,30.74000000,NULL,0.00000000,4CDF333F-3F71-44D4-B725-72C00687CA9D
895,20127,Kition,NULL,29.75160000,33.67970000,NULL,NULL,737C07B0-CCAF-4093-9F3E-73381AD4E6F1
321,14277,Ein-Karem,Ein-Karem,35.16000000,31.77000000,NULL,0.00000000,577F480F-962E-43D3-B007-73395170945D
694,15268,Duma,Duma,34.97000000,31.42000000,NULL,0.00000000,BD625BCE-46E5-4251-AF59-733A464F1925
966,20198,Tel Shimron,NULL,29.75160000,33.67970000,NULL,NULL,3841A341-2097-4EA3-B110-736FABE8CA51
100,13366,Hadatha,Hadatha,35.51000000,32.72000000,NULL,0.00000000,D6C4E8C9-CF70-4235-87AC-73805E63F43D
687,15253,Ostrakine,Ostrakine,33.41000000,31.14000000,el-Flusyat; Ostrakina,0.00000000,5EC5E975-A456-4DC4-8AF7-73F4ACD84458
28,13103,Alexandria,Alexandria,29.89000000,31.20000000,NULL,0.00000000,5C9FEE42-4817-4C3B-A724-740330C36572
997,20229,Tiberias - House of Bronzes,NULL,29.75160000,33.67970000,NULL,NULL,F5A778C2-3713-4BE2-A0A3-747B10FB94A9
893,20125,Khirbet Wadi Hamam,NULL,29.75160000,33.67970000,NULL,NULL,3D8312A3-11DC-4EA5-BC4E-74B41305DE4E
405,14441,Qinnarsin,Qinnarsin,36.99000000,35.98000000,NULL,0.00000000,1FC193A7-7F33-43A7-8F54-7509BCBC010F
633,15182,En Rimmon,En Rimmon,34.86000000,31.36000000,NULL,0.00000000,0EBDC488-BB50-41D8-AAF9-7567BB165FC3
137,13425,Joun,Joun,35.47000000,33.58000000,NULL,0.00000000,C3FC61FD-5405-4E34-94AE-762D8DC403FB
38,13265,Umm al-Rasas,Umm al-Rasas,35.92000000,31.50000000,NULL,0.00000000,5482FB66-9ED8-4B2D-93F0-76A9FE580450
870,20101,Jerusalem - Mount Zion,NULL,29.75160000,33.67970000,NULL,NULL,2A8B540B-EAFE-419F-9880-7725E7197CB1
587,15127,Mezad Bee'r Menuha,Mezad Bee'r Menuha,35.13000000,30.30000000,"Bir el-Muleiha; Early Nabataean fort, Roman tower",0.00000000,569F75A3-A684-412E-8096-772D6C506789
766,2088,Jerash - Qairawan Aqueduct,NULL,29.75160000,33.67970000,NULL,NULL,CB357A1C-4FA4-4DDE-A2C3-77444FFB5CEF
282,14233,Zichron Yaa'kov,Zichron Yaa'kov,34.94000000,32.56000000,NULL,0.00000000,ECDEFF83-8F25-4EA2-97A9-7770746D82AE
671,15229,Kh. Ahdir,Kh. Ahdir,34.87000000,30.90000000,NULL,0.00000000,AAD37C37-9E26-4642-8982-77EB9AC8434C
476,14522,Orontes,Orontes,36.41000000,35.52000000,NULL,0.00000000,EDE84FDF-2D1A-4531-BE29-796125D05551
7,8,Antipatris,Antipatris,34.93000000,32.10000000,NULL,0.00000000,FB9E1223-F579-4C9A-8C54-7982B1A5968F
368,14357,Khabura,Al-Khabour,38.98376647,36.62979959,NULL,0.00000000,883A7C4E-F4E4-4764-B46E-79CD48564F48
501,14554,Tabgha,Tabgha,35.53000000,32.87000000,NULL,0.00000000,D8E02F13-BB7C-4EF2-8427-79CFC7B613BB
435,14475,Maarrat al-Nu'man (U),Maarrat al-Nu'man (U),33.65082151,33.05128774,NULL,0.00000000,EBC15253-3575-44DB-B3F1-79EE345CF61C
951,20183,Raban,NULL,29.75160000,33.67970000,NULL,NULL,1FB5B229-E8B2-454B-B000-7A1EB96179F0
318,14274,Ein el-Kelt,Ein El-Kelt,35.36000000,31.83000000,NULL,0.00000000,BD24A366-89AC-409F-96A8-7A5BF45C4445
884,20116,Khirbet el-Qom,NULL,29.75160000,33.67970000,NULL,NULL,67BEE72B-7908-400C-BCB2-7A79742C2410
101,13367,Ulam,Ulam,35.32000000,32.64000000,NULL,0.00000000,6D27E3E0-63AE-4117-8C03-7AA240DF3254
698,15272,Kh. Umm Qhuntera?,Kh. Umm Qhuntera?,35.23000000,30.47000000,NULL,0.00000000,A1816F3F-A987-4806-9867-7AECCE33A79C
645,15195,Bir Abu Jurejda,Bir Abu Jurejda,34.43000000,31.26000000,NULL,0.00000000,58CB61A3-290D-47B9-BF88-7B38FAECEE65
651,15201,Tel Bee'r Sheva,Tel es-Seba,34.84040000,31.24470000,NULL,0.00000000,0EB628C8-8872-4A66-ACA1-7B3E945FC379
294,14247,Shiloach Village,Shiloach Village,35.24000000,31.76000000,NULL,0.00000000,B30C3E0E-DE9A-48E6-B086-7B66863DB382
944,20176,Sarafand al-?Amar,NULL,29.75160000,33.67970000,NULL,NULL,3165D7DD-B56D-4B9B-A160-7B78BE9F2F0C
441,14482,Salamiyah,Salamiyah,37.06000000,34.99000000,Al-Salameyeh; Salamiya; Salamias,0.00000000,E5F7DD96-A99B-4EB2-B8C9-7B9B515B3BB6
47,13280,Rumin,Rumin,35.43000000,33.52000000,NULL,0.00000000,10715D5F-F888-4E95-8C18-7C09C1D8071C
581,15120,Kh. Dafit,Kh. Dafit,35.00000000,29.69000000,"Nabataean caravansary, Roman fort",0.00000000,EFC52306-2293-4F00-9697-7C1148FCF631
576,15104,Qasr Umm Ratam,Qasr Umm Ratam,35.37000000,30.36000000,Qasr Wadi Musa,0.00000000,16A04DEE-81D9-4BCE-ACD8-7C19ED57B53A
903,20135,Mezad Mahmal,NULL,29.75160000,33.67970000,NULL,NULL,000E6A67-BD27-4858-9CBA-7C1B6574D12F
622,15170,Rujm Ras Khallet el Jahs,Rujm Ras Khallet el Jahs,35.02000000,31.38000000,NULL,0.00000000,CA7329E7-814D-422E-8C52-7C3261BF1C87
509,14563,Marash (U),Marash (U),33.65082151,33.05128774,NULL,0.00000000,F368D8F9-109B-447A-A2C6-7C60F200C3B4
362,14336,Balash,Balash,35.25000000,32.20000000,Baladah; Balatah,0.00000000,78F71E38-AF79-4E8E-BBC3-7C9897CBF476
357,14325,Halutsa,Halutsa,34.65000000,31.09000000,"Eluza; Elusa; Khalsa; Remains of a major Nabataean city in the Negev on an important crossroad on the Petra-Gaza road, large church, theater, building remains, bath house, wells, cemeteries",0.00000000,5D16E549-BB9B-4106-A8FA-7D5D7618BBE5
451,14495,St. John,St. John,35.51000000,31.08000000,Mar Johans; St. the Baptist Church; Qasr al-Yahud,0.00000000,6AD762C0-E90C-4B19-A5A6-7D670B927B92
293,14246,Michmach Village,Michmach Village,35.27000000,31.86000000,NULL,0.00000000,4831B37F-A99A-4645-8BEC-7DD966C41D13
188,13916,Apamea,Apamea,36.39000000,35.41000000,Afamya,0.00000000,D94DC49F-6AFE-4CAF-8198-7DE4D8163488
126,13405,Qunetra,Qunetra,35.82000000,33.12000000,Quneitra,0.00000000,108F8150-D79F-4BCE-A833-7DE68508EBB1
449,14493,Mosul,Mosul,43.13000000,36.34000000,NULL,0.00000000,D6BAE1C8-3025-41BF-A4DB-7EC9D83FA428
45,13278,Salihiyah,Salihiyah,35.44000000,33.56000000,NULL,0.00000000,E64DAB7B-F15A-4A6D-9C37-7EF83FBC6F49
250,14200,Um-Juni,Um-Juni,35.56000000,32.70000000,NULL,0.00000000,92B2E74E-FF69-460A-82F7-7FB1A4EB8A51
760,16055,Al-Ressipah,Rusayfah; Al-Russaypha,36.04566549,32.02804571,NULL,0.00000000,49B662D3-8A24-47E2-8B00-7FC6CF03E67D
843,20074,Jerash - Macellum,NULL,29.75160000,33.67970000,NULL,NULL,B6BE70BB-3E87-45AA-A6FF-7FE4F5829870
228,14154,Mizpeh,Mizpeh,35.21000000,31.88000000,NULL,0.00000000,73A11959-6004-4D87-A696-7FFFDB5C4CBA
546,15048,Besor,Besor,34.48000000,31.34000000,NULL,0.00000000,DCC1C17C-16DA-46E8-810E-80B946015C98
937,20169,Rujm Taba,NULL,29.75160000,33.67970000,NULL,NULL,BAE0611D-BD78-41DA-AABF-80C1B7882F04
436,14477,Massyaf,Massyaf,36.33000000,35.06000000,NULL,0.00000000,9E48ECD1-07F2-407F-8955-80E3ACB95614
653,15205,h. So'a,h. So'a,34.98000000,31.26000000,NULL,0.00000000,245925D3-632E-4B93-B1BB-80EE78F65AE8
879,20111,Kaysun,NULL,29.75160000,33.67970000,NULL,NULL,91D665BA-F99C-4B18-81A9-813555B76DED
139,13428,Tannourine,Tannourine,35.90000000,34.18000000,NULL,0.00000000,E3693749-EAA1-4F51-A279-8159AE860178
723,16012,Minaret Mt. Olives [Delete],Minaret Mt. Olives,35.24566860,31.77933651,NULL,0.00000000,D937DF67-79A9-424C-9747-817C85E7FC4E
731,16020,Deir Mar-Elias [LB],Deir Mar Elias [LB],35.41000000,33.56000000,NULL,0.00000000,C3B9D426-69FE-424A-A7B9-82C4F2C9FCF1
77,13319,Bint-Jbeil,Bint Jbeil,35.44000000,33.12000000,NULL,0.00000000,2B1D3592-4D05-469B-A1B0-82D20AED078B
940,20172,Saint Catherine's Monastery in Sinai,NULL,29.75160000,33.67970000,NULL,NULL,9211D604-95C1-4107-B413-82D994BA61F0
599,15143,Kh. Rodeda (Quarries),Kh. Rodeda (Quarries),34.89000000,29.59000000,"Industrial installations for extracting gold, 8th-10th c. CE",0.00000000,A96E3AD3-7E60-49FD-BDA4-82F02C3DBA3A
54,13289,Khirbet Shaqa,Kh. Shaqa,35.62000000,33.35000000,NULL,0.00000000,A5D7A2EC-EB33-4857-B254-832E9A5CC358
358,14326,Ze'elim Terrace (G),NULL,35.37000000,31.43000000,NULL,0.00000000,EA9AEEA9-ADAF-4472-A53B-834917660CB8
241,14172,Tel Abu Hawan,Tel Abu Hawan,35.55000000,32.82000000,NULL,0.00000000,028D7E49-5AEF-47E5-87AD-8378B70F4496
772,20001,Al-Harif Aqueduct,NULL,29.75160000,33.67970000,NULL,NULL,264F1935-CFCA-477C-BED7-8392C1021B67
807,20037,Emmaus,NULL,29.75160000,33.67970000,NULL,NULL,0712349E-EBDC-4D7C-9BB3-8399EA546768
875,20106,Jerusalem - The Armenian Garden,NULL,29.75160000,33.67970000,NULL,NULL,33504C6F-0741-4D81-9400-83BF2B07C25E
917,20149,Petra - Jabal Harun,NULL,29.75160000,33.67970000,NULL,NULL,C7A5500A-069C-4FCC-BC9B-83C575FFCD40
394,14422,Abra,Abra,35.41000000,33.58000000,NULL,0.00000000,08280197-C77A-47FE-BB16-842C6FD7C4A9
683,15241,Har Nafha,Har Nafha,34.77000000,30.69000000,NULL,0.00000000,55690978-BDEB-4551-BFEB-8442983903AF
224,14132,Hamma,Hamma,36.75000000,35.13000000,Hamath,0.00000000,912B3498-4EC2-46F8-9731-8444E6B28B0D
839,20070,Jerash - City Walls,NULL,29.75160000,33.67970000,NULL,NULL,6F85DBD2-8569-43C9-A5FD-8495A834CCD2
657,15209,Aroe'r,Aroe'r,34.97000000,31.14000000,NULL,0.00000000,508E7D30-3191-4C45-BE5E-849CB3557857
820,20051,En Feshka Paleoseismic,NULL,29.75160000,33.67970000,NULL,NULL,3332E55A-BD39-462D-B19C-84A134367CE6
783,20013,Tell el-Haliefe,NULL,29.75160000,33.67970000,NULL,NULL,F1CE1EA0-FF20-4BFF-8784-84C16E5A8D83
229,14155,Ein-Rogel,Ain Umm al-Daraj [?]; Bir Eyub [?],35.22000000,31.76000000,NULL,0.00000000,3984008F-D0EA-408F-B5F8-84D35198CB95
869,20100,Jerusalem - Landslides,NULL,29.75160000,33.67970000,NULL,NULL,CEB213FA-8D35-405A-9845-84DE5EFD1ECC
375,14367,Jezree'l Valley (A),Yizrael Valley (A),35.35000000,32.53000000,NULL,0.00000000,3D4C960E-D2F2-4946-9AED-853E22EBDB81
412,14449,Israel coast (A),Israel coast (A),34.83000000,32.28000000,NULL,0.00000000,D10B2F3F-65B2-4705-8AC7-8540AF65D5A0
148,13439,Maithalun (U),Maithalun (U),33.65082151,33.05128774,NULL,0.00000000,D20AF827-FDC8-4FE5-9EF9-855BFF913A13
854,20085,Jerash - Umayyad Mosque,NULL,29.75160000,33.67970000,NULL,NULL,405D4AAC-8F39-41A4-82E9-85E1E5A6B621
861,20092,Jericho - The Synagogue north of Tell es-Sultan,NULL,29.75160000,33.67970000,NULL,NULL,EB84F6A9-3151-4948-A5D9-86921A19EB5F
621,15169,Eshthemoa,Eshthemoa,35.06000000,31.39000000,NULL,0.00000000,47B36AEE-43F4-4D5A-9356-86AF912FA2A7
992,20224,Tiberias - Basilica,NULL,29.75160000,33.67970000,NULL,NULL,FFB86A5F-899C-4293-AE0D-87615D16400A
644,15194,Mivtahim,Mivtahim,34.39000000,31.26000000,NULL,0.00000000,81B46FF9-8329-4E0E-83EE-879449184528
842,20073,Jerash - Large East Baths,NULL,29.75160000,33.67970000,NULL,NULL,83FE9F12-CC9D-4BAA-9245-87BEB25AF33C
155,13454,Saidnaya (U),Saidnaya (U),33.65082151,33.05128774,NULL,0.00000000,40E3BD4D-6B07-4766-95E0-884E44A00DA1
525,15011,Roum (A),Roum (A),36.13000000,37.13000000,NULL,0.00000000,8B026828-20D4-4893-BEBD-886C5B4A6F11
524,15010,A-Sham (A),A-Sham (A),36.55000000,35.03000000,NULL,0.00000000,7602860F-58BB-4764-8FAB-888658C47D88
398,14427,Kafr Sumei,Kafr Sumei,35.30000000,32.99000000,NULL,0.00000000,E2EAB595-14B9-415B-8A5D-88CB40A051C7
609,15155,Mezad Tamar,Mezad Tamar,35.24000000,31.02000000,NULL,0.00000000,EAC045FA-1451-43F1-A8B1-8964DA4F1D55
255,14205,Bet-Jala,Bet-Jala,35.17000000,31.71000000,NULL,0.00000000,B3A0563E-B045-4B9B-B84D-896A9D05FA66
802,20032,Dor,NULL,29.75160000,33.67970000,NULL,NULL,9B857A50-5445-48C0-A06F-89A57E1A5592
484,14533,Kozan,Kozan,35.80000000,37.45000000,NULL,0.00000000,0AE1DB1B-A4CB-4267-9619-89C43B9D5709
437,14478,Shumaimis (U),Shumaimis (U),33.65082151,33.05128774,NULL,0.00000000,DB2908BD-57A7-4B81-9804-89D64FDF5986
780,20010,Anz,NULL,29.75160000,33.67970000,NULL,NULL,FD25268F-93FA-4F7D-B196-8A07C5014527
425,14462,Balis,Balis,36.40000000,35.79000000,NULL,0.00000000,89FA1F0C-A370-4CB4-BFF2-8A1CE15A31B8
408,14444,Ze'boim,Ze'boim,35.47000000,31.04000000,Khanazir,0.00000000,46CC765A-72C2-4DED-BF18-8A43F7272DBB
877,20109,Kafr Jinnis,NULL,29.75160000,33.67970000,NULL,NULL,7F293C1F-96AE-40BE-9F11-8A73D1EEACAD
889,20121,Khirbet Qeiyafa,NULL,29.75160000,33.67970000,NULL,NULL,2527EDCF-2D5E-4BBD-A45C-8AB34273E3B4
11,14,Gophna,Gophna,35.21000000,31.96000000,Jifna,0.00000000,4585AC67-8DDC-41CF-9AA6-8B1C03715D17
670,15228,Nahal Revivim,Nahal Revivim,34.88000000,30.93000000,NULL,0.00000000,82901721-FC94-4B7B-9D88-8B225DEAB7A9
171,13476,Shaizar,Shaizar,36.56000000,35.25000000,NULL,0.00000000,8E326C44-F167-4063-A7FB-8B4014B01FB6
178,13491,Syria (A),Syria (A),37.03000000,34.93000000,"The location of Syria is somewhat vage - a general location is set to X = 36.2 and Y = 34.0 which is an approximate location between Damascus (as the capital and cultural center) and Homs
Alternative Y is 34.7 which is approximtely the location of Homs",0.00000000,E0A3CC35-34B4-4C7A-99A6-8B69DCCFA2BF
902,20134,Mazliah (Ramla South),NULL,29.75160000,33.67970000,NULL,NULL,0EDA608C-E442-40FC-BE14-8B6EF3F52DA5
452,14496,Gibeon,Gibeon,35.17000000,31.84000000,Zozilgip (?); al-Gib; Giv'on,0.00000000,02B25711-C98F-40A9-BA20-8C2E767286B7
201,14093,Tel Hazor,Hazor; Tel al-Qidah; Tel Waqqas,35.56000000,33.01000000,NULL,0.00000000,E6B73FCE-2D24-4B33-8D94-8CCC9EC77873
438,14479,Hish Al-Akrad,Hish Al-Akrad,36.28000000,34.75000000,NULL,0.00000000,D694D7B4-73B9-4964-9F87-8CE1C74BBC6D
14,17,Tiberias,Tiberias,35.54223594,32.78604531,NULL,0.00000000,298E6A51-CC52-4806-9266-8CE38BA95E52
212,14107,Wadi al-Safra (A),Wadi al-Safra (A),39.10000000,24.01000000,NULL,0.00000000,A09B0380-C683-49FE-BBBE-8D89D2B8E788
373,14365,Al-Dumayr,al-Dumayr,36.69000000,33.64000000,NULL,0.00000000,4D8BF72B-9E4A-44A6-989E-8DAA6ED404EB
729,16018,Church of the Cross,Church of the Cross,35.20000000,31.70000000,NULL,0.00000000,7C9FD69C-A3E7-4A1F-B025-8DB60B818382
674,15232,En Avdat tower,En Avdat tower,34.76000000,30.82000000,NULL,0.00000000,17F3D422-D77E-4FDC-8738-8DB78B537938
897,20129,Legio,NULL,29.75160000,33.67970000,NULL,NULL,89DE64FE-E5F8-4F1D-A541-8DCEA5E260EA
634,15183,H. Rosh,H. Rosh,34.87000000,31.32000000,NULL,0.00000000,E542E6A1-7B53-4B1C-8C09-8DE8070E4E50
170,13475,Homs,Homs,36.71000000,34.73000000,Hims; Emessa,0.00000000,F47CDBDF-4B12-4C96-9DD9-8E6E6061970A
592,15134,Maa'le Zafir ('Aqrabim),Maa'le Zafir ('Aqrabim),35.12000000,30.90000000,Remains of a carved and paved road and a number of forts dated to the Late Roman / Early /Byzantine periods,0.00000000,AF189609-569F-4B6C-925D-8E8F84B46CDA
455,14499,Nuaran (U),Nuaran (U),33.65082151,33.05128774,NULL,0.00000000,11424452-0482-4452-902C-8F3C15BF6587
289,14242,Holy Mt./Temple,Holy Mt.,35.23555404,31.77788817,NULL,0.00000000,AA35A5ED-3ADB-4654-B3E7-8F53EE7D1413
464,14509,Bucak,Bucak,30.59000000,37.45000000,NULL,0.00000000,CDC938B1-7C31-40C9-B3CC-8F98D6BA8895
419,14456,Shih (U),Shih (U),33.65082151,33.05128774,Small fort in Cilicia,0.00000000,707371CD-ABA3-471C-8A55-8FE6440FFC05
628,15177,Nahal Yatir,Nahal Yatir,34.95000000,31.28000000,NULL,0.00000000,38612681-AA87-46B8-8CD9-9011B6886967
643,15193,Saltus Constantinianus,Saltus Constantinianus,34.42000000,31.29000000,NULL,0.00000000,0243ECB8-54CE-4F67-AD8B-901383506D28
894,20126,Khirbet Yajuz,NULL,29.75160000,33.67970000,NULL,NULL,12D89762-A66B-45F0-BF08-9040078684D8
898,20130,Ma'ayan Baruch,NULL,29.75160000,33.67970000,NULL,NULL,865BC925-5D6E-44A3-9035-909220120802
300,14254,Maa'n,Maa'n,35.71000000,30.18000000,NULL,0.00000000,3714F002-8C8B-4613-BDFD-913863FF96A6
253,14203,Bira,Bira,35.22000000,31.90000000,NULL,0.00000000,03210BB1-C5D6-4E8E-982D-919212E7C3DC
686,15252,Mezad Hatrurim,Mezad Hatrurim,35.29000000,31.21000000,NULL,0.00000000,E1491C94-07DA-4B6A-A0F9-919713A17BE1
347,14315,Dead Sea north 1 (A),Dead Sea north 1 (A),35.52000000,31.76000000,NULL,0.00000000,E17AB41C-40F2-4BC3-AA99-91EBEA409675
328,14285,Ekron,Ekron,34.82000000,31.85000000,NULL,0.00000000,51CCBD27-24FC-41EC-BBB0-91EF2516431B
216,14111,Ramla,Ramla,34.87000000,31.92000000,NULL,0.00000000,D2CC8734-4DB1-442B-8942-920C367191D9
490,14539,Ufra,Ufra,36.74000000,38.11000000,Sanliurfa; al-Ruha,0.00000000,053AB976-67DE-4ED1-8821-92356421CE6A
91,13334,Qaddita,Qaddita,35.46000000,33.00000000,NULL,0.00000000,C26CF63C-A8EA-4C74-8D07-926AB79C5882
756,16050,Galei Kinneret,NULL,35.54389945,32.78387224,NULL,0.00000000,1D5F3370-A0F1-4734-9E45-9322D8D5736D
692,15266,H. Muran,H. Muran,34.87000000,31.43000000,NULL,0.00000000,289A7D57-025D-4890-B5CB-9323660EFA81
518,15002,Rehovot,Rehovot,34.56000000,31.02000000,"Qasr Ruheibeh; Churches, domestic structures, water cisterns, ancient agriculture",0.00000000,BF918D77-81C4-413C-9E15-935160D05A5D
805,20035,El Fityan,NULL,29.75160000,33.67970000,NULL,NULL,C6E5960C-3589-46D5-B644-9371DF330669
636,15185,Tel Sera,Tel Sera,34.67000000,31.39000000,NULL,0.00000000,16880F09-70E6-4D87-B48D-9377ACC5819B
270,14220,Gesher,Gesher,35.55000000,32.61000000,NULL,0.00000000,E82825C7-8E94-4CE2-A963-93B3233D4FA5
814,20045,En-Erga,NULL,29.75160000,33.67970000,NULL,NULL,4BC3AC92-C14F-46E6-B1E9-93C7B283F192
502,14555,Alonei Abba,Alonei Abba,35.16000000,32.71000000,Waldheim,0.00000000,74A2E6F9-7453-47C1-9F80-93EAA7CFACB5
571,15093,Kh. el Euteis,Kh. el Euteis,34.61000000,31.34000000,NULL,0.00000000,907F036F-489F-4266-AF69-93ED874DE899
725,16014,St. Prodromos Church,St. Prodromos Church,35.23126499,31.77669384,Yohanan HaMatbil,0.00000000,B39270C8-6E08-4B7A-9D58-9434F3496DC5
1000,1,Tiberias - Southern Gate,NULL,29.75160000,33.67970000,NULL,NULL,F1F8D63B-9E6C-4E44-8EA7-9451DD577D30
409,14445,Ugarit,Ugarit,35.80000000,35.65000000,NULL,0.00000000,46244C9E-C39A-46C6-9F1F-9464FB1798BF
56,13291,Al-Khiam,Al-Khiam,35.60000000,33.31000000,Khiyam,0.00000000,1D66B6B8-98A0-4599-86B0-9541597469EE
659,15211,Har Dimona,Har Dimona,35.04000000,31.08000000,NULL,0.00000000,9A7F5626-47C1-4978-AA33-9572393B637E
649,15199,H. Sufa,H. Sufa,34.70000000,31.26000000,NULL,0.00000000,91BA04DF-BBBD-4283-9B4F-959F1BD1D967
585,15125,Rock Drawing farm Laana,Rock Drawing farm Laana,34.66000000,29.40000000,Agricultural farm system of the Byzantine and Early Islamic periods with Arabic inscriptions and rock drawings,0.00000000,7EF58FDF-605B-4D9B-B373-95BDE2B46006
890,20122,Khirbet Rabud,NULL,29.75160000,33.67970000,NULL,NULL,E7444A66-E091-4E28-BB7E-95F7AAE29686
149,13442,Bet-Jann,Bet-Jann,35.37000000,32.96000000,NULL,0.00000000,9FEFF99F-ABD4-4142-9523-96735990804E
309,14264,Sorek River,Sorek River,34.87000000,31.79000000,NULL,0.00000000,4D744198-7EE0-4723-9F36-97243A8237C7
968,20200,Tel Taanach,NULL,29.75160000,33.67970000,NULL,NULL,CFC7B918-4B16-4DEE-8604-97B65E2BBB35
217,14112,Baniyas [IL],Banias [IL],35.61000000,33.24000000,Paneas,0.00000000,85B2C229-F775-44F1-B9E6-97C368BAF9AE
185,13501,Mt. Tabor,Tabor,35.39000000,32.68000000,NULL,0.00000000,2BB31895-5D02-40FB-A036-9854A01F6199
43,13275,Al-Ghaziye,Al-Ghaziye,35.36000000,33.53000000,NULL,0.00000000,3E1F5A48-364A-465B-8D76-98B6628B1A02
959,20191,Tel Ashdod,NULL,29.75160000,33.67970000,NULL,NULL,530F1532-0449-4ACE-BB56-99720E3D65A6
389,14407,Hasbaya,Hasbaya,35.68000000,33.38000000,NULL,0.00000000,898A7577-A0A0-4F11-B8AC-997399ADAAA8
819,20050,no Name,NULL,29.75160000,33.67970000,NULL,NULL,94F29022-655E-442B-B981-9A50B88657D6
544,15046,T. el-Far'a South,T. el-Far'a South,34.47000000,31.28000000,NULL,0.00000000,7E852EC5-E02F-4305-92CD-9A7AB371E86F
631,15180,Kh. Esh Shalandi,Kh. Esh Shalandi,34.85000000,31.39000000,NULL,0.00000000,06DA2355-1E87-4A9B-BAAB-9AC6B5B4817A
1003,20235,Tiberias - Water Reservoir,NULL,29.75160000,33.67970000,NULL,NULL,F1EE0729-AB0A-4291-ABBF-9ACFD0C3E3B0
519,15003,Raphiah,Raphiah,34.24000000,31.29000000,NULL,0.00000000,8695F122-8D5A-4FE5-B1CF-9ADFFBE254D2
938,20170,Saadon,NULL,29.75160000,33.67970000,NULL,NULL,693D78F3-B1FA-42E8-BAEB-9B7ED525EF1E
795,20025,Bourzey Castle,NULL,29.75160000,33.67970000,NULL,NULL,5BE93FDC-4B58-4BAB-8F95-9B9511898686
55,13290,Khirban,Khirban,35.58000000,33.43000000,NULL,0.00000000,28AC9B34-EF07-42B4-BE0A-9BA0C0468762
48,13281,Rashaya,Rashaya,35.85000000,33.43000000,On the eastern side of the Bekaa Valley,0.00000000,C02EF92E-08B5-454E-8754-9BAF3CA46780
732,16021,Deir Mar-Elias [LB],Dei Mar-Elias [LB],35.47000000,33.38000000,Caffar,0.00000000,D7004196-0678-4CDA-8857-9BC6B4D4625C
765,25,Fustat,NULL,31.23000000,30.00000000,NULL,NULL,5CB72194-643D-48E7-AB9F-9C13EA3AA0CB
296,14249,Karak,Karak,35.70000000,31.17000000,Karach; el-Karak; Charachmoba?;,0.00000000,1A61D731-645C-42C3-B951-9C41A455A243
202,14094,Tel Gezer,Gezer,34.92000000,31.87000000,NULL,0.00000000,65DF0B7E-D5BA-4B8F-BA12-9C5738CDF09F
669,15227,Mezad Yeroham,Mezad Yeroham,34.90000000,30.98000000,Qasr Rahme,0.00000000,742C7AF9-0C0A-4CB6-8359-9C7336B4D65C
964,20196,Tel Kabri,NULL,29.75160000,33.67970000,NULL,NULL,98D81270-5384-4EB8-BB06-9CD205F52075
138,13427,Mukhtara (U),Mukhtara (U),33.65082151,33.05128774,NULL,0.00000000,27E3E2F9-9C2B-4910-A032-9CD53367FBE1
407,14443,Admah,Admah,35.45000000,31.07000000,Feifa,0.00000000,52102D82-2036-41AA-9887-9CDF79854DC0
632,15181,Thala,Thala,34.86000000,31.37000000,NULL,0.00000000,C7DAF15C-27A2-4D3C-B55C-9CFA4E604A5F
369,14358,Khirbet Kerak,Khirbet Kerak,35.57000000,32.71000000,Near lake of Kinneret,0.00000000,B620EDF8-2758-48C7-AA94-9D474412B808
359,14327,A-Lajon,A-Lajon,35.37000000,32.63000000,Lagio,0.00000000,70D76B3D-082F-4D76-81CB-9D612BA61AB4
267,14217,Jenin,Jenin,35.29000000,32.45000000,NULL,0.00000000,F7ABBE32-F745-485E-BC9B-9DA3F25D2634
552,15072,Kh. el Hawadi,Kh. el Hawadi,34.48000000,31.45000000,NULL,0.00000000,7E8C2B34-5A11-4EA5-A6F9-9E2009201B5C
10,13,Ashdod,Azotus,34.67000000,31.76000000,Azotus,0.00000000,ED27095C-AC24-43D7-9918-9E70F85A7D02
410,14446,Balqa,Balqa,36.80000000,35.66000000,NULL,0.00000000,446F4A6E-B83E-4724-A0DD-9EF1EA6D93C1
380,14382,Safa,Safa,35.52000000,32.43000000,NULL,0.00000000,CDE4970A-1BCE-4173-BC81-9F0E0CEF94DE
831,20062,Horvat Tov,NULL,29.75160000,33.67970000,NULL,NULL,26B550DD-A00B-41FC-A3D6-9F58DE8A591E
487,14536,Trabazon,Trabazon,39.73000000,40.99000000,NULL,0.00000000,B1327CB5-B4DD-4E4F-9A17-9FBCB1EB9860
647,15197,H. Hasif,H. Hasif,34.59000000,31.25000000,NULL,0.00000000,6C59FE7D-BEF1-441E-B1B8-9FC60551EF7A
619,15166,Kh. Churabe,Kh. Churabe,35.08000000,31.36000000,NULL,0.00000000,76D6A0A0-1523-4A5F-9E6B-A03421F2D281
261,14211,Binyamina,Binyamina,34.94000000,32.51000000,NULL,0.00000000,FF979EC0-1785-4081-8B33-A056B3F5AFEF
322,14278,Ein-Musa,Ein-Musa,35.72000000,31.76000000,NULL,0.00000000,FEB1BDEF-D99A-4A2C-B8A2-A099CF5BF578
623,15172,Rujm Khallet Umm Sira,Rujm Khallet Umm Sira,34.97000000,31.35000000,NULL,0.00000000,925DDC2D-667F-4F31-B4BF-A101B671DB01
743,16033,Tel Al’ Umayri,Tell Al’ Umayri,35.88860943,31.86851419,NULL,0.00000000,88D395A0-8012-45E8-9DC0-A134627CEC66
172,13479,El-Arish,El-Arish,33.76000000,31.12000000,Rehinocilura,0.00000000,20CD3C8E-5ED6-46A5-9B9E-A136E257D0FF
597,15140,H. Rogem,H. Rogem,34.58000000,31.06000000,Remains of a Persian period fortress on a hill overlooking the ancient road running through Nahal Shunra.,0.00000000,220F5B60-EADA-4550-B709-A1D3A56664F6
79,13321,Maroun al-Ras,Maroun al-Ras,35.44000000,33.10000000,NULL,0.00000000,10A7DFF2-B364-45C3-9C30-A2C56C21066C
166,13466,Douma,Douma,36.40000000,33.57000000,NULL,0.00000000,584A2014-2C4E-44F3-A1DD-A2CB123ADF08
168,13469,Maydas (U),Maydas (U),33.65082151,33.05128774,NULL,0.00000000,F2C33063-FF91-4DAF-8425-A2D1850837AB
177,13490,Beirut,Beirut,35.48000000,33.89000000,Berytus,0.00000000,D10B0336-2D82-4E78-A1B2-A300A02903E7
986,20218,Umm al-Jimal,NULL,29.75160000,33.67970000,NULL,NULL,BEC4DC2D-78C7-4204-B3CC-A4A7DA9A55E2
678,15236,Mezudat Beer Hafir,Mezudat Beer Hafir,34.57000000,30.71000000,NULL,0.00000000,27F5618E-AB0A-47D0-BE76-A4B2C0E61D52
317,14273,Atara,Atara,35.19000000,31.99000000,NULL,0.00000000,79626193-F72F-463A-9226-A4B4AF80BAC7
816,20047,En Ziq,NULL,29.75160000,33.67970000,NULL,NULL,E4E59E8A-36D3-4D31-9752-A4BBE7EDA615
466,14511,Jisr (U),Jisr (U),33.65082151,33.05128774,NULL,0.00000000,044B46AC-1A90-434A-84DC-A5123AE0CFCE
640,15190,Kh. Kissufim,Kh. Kissufim,34.43000000,31.39000000,NULL,0.00000000,8FD366FB-51DC-4351-91C1-A52AA84F23A3
939,20171,Safi,NULL,29.75160000,33.67970000,NULL,NULL,26AA01A3-88CB-4F94-A557-A56ABAD4C960
817,20048,En-Nabratein,NULL,29.75160000,33.67970000,NULL,NULL,C027E553-204E-4950-B83D-A595F131AD0F
639,15189,Orda,Orda,34.55000000,31.36000000,NULL,0.00000000,8195B2A7-7F65-4167-B03F-A6252E4F1367
624,15173,Lethira,Lethira,35.01000000,31.34000000,NULL,0.00000000,D524FBBC-1CAD-4B25-9F3C-A632CF3DA429
186,13502,Palestine (A),Palestine (A),35.20000000,32.39000000,Location somewhat vauge. Alternative Y is 32.7,0.00000000,5A686BB1-27BE-45D3-9FFC-A684F46DF552
413,14450,Bagdad,Bagdad,44.42000000,33.32000000,NULL,0.00000000,ED3F79FE-D8BE-4E9E-AEA9-A688AF294CD5
812,20042,Euthymius,NULL,29.75160000,33.67970000,NULL,NULL,BE3C13F8-E879-42FF-892C-A6AC6AD80D52
5,5,Nicopolis [IL],Nicopolis [IL],34.98000000,31.83000000,"Emaus
2. Emaus near 'Canada Park' / Latrun",0.00000000,D6D126BA-C9B0-40E4-AEAF-A6C20CF0FA5C
197,14060,Samaria,Samaria,35.29000000,32.42000000,Sebastia,0.00000000,88A5A9E6-4DD9-4BF2-8A48-A6D7724D1040
703,15281,East Mediterranean (A),East Mediterranean (A),34.12000000,34.07000000,General location at the Mediterranean Sea,0.00000000,58CA6784-2E1A-4796-B418-A6F14080AC5F
696,15270,Mezad En Erga,Mezad En Erga,35.18000000,30.63000000,Hellenistic,0.00000000,9CC9E68E-E781-4AC5-8FCA-A6F1439F5919
493,14543,Qal'at Mahalbe (U),Qal'at Mahalbe (U),33.65082151,33.05128774,NULL,0.00000000,C5C88F98-64D1-48C0-AC26-A6F3578C635D
589,15131,Ein Hatseva,Mezad Hazeva,35.24000000,30.80000000,"Fortresses from the Iron Age II period, a Roman fort with projecting corner towers, a cavalry camp and bath house from the Diocletianic period, farmstead from the Early Islamic period",0.00000000,1CC5BC2C-99DA-4479-B8BB-A6FEF8BCF5BF
949,20181,Qasr Bshir,NULL,29.75160000,33.67970000,NULL,NULL,497DD05D-E349-4DDE-8CD8-A75E407D294B
701,15275,Kh. Halukim,Kh. Halukim,34.80000000,30.88000000,NULL,0.00000000,11515F85-B82E-4540-BC76-A76B41FC6CF3
660,15212,Mezad Shorer,Mezad Shorer,34.98000000,31.07000000,NULL,0.00000000,AF128B8E-A9D5-4CED-B760-A77EBA5EA8B7
118,13385,Aleppo,Aleppo,37.15000000,36.21000000,NULL,0.00000000,6C37CC8B-7F51-4557-BA02-A7A23966EFD3
787,20017,Ashdod-Yam,NULL,29.75160000,33.67970000,NULL,NULL,637D4C6B-DCDF-46C9-8A29-A7D0C4DFE150
929,20161,Petra - Urn Tomb,NULL,29.75160000,33.67970000,NULL,NULL,64BB19A2-D9CB-4AEA-81C0-A7EEF7B04452
605,15149,Phaenon (Faynan?),Phaenon (Faynan?),35.51000000,30.62000000,NULL,0.00000000,CD8B556E-872C-420D-9930-A7F0CC114082
722,16011,Old Walls Jerusalem (A),Jerusalem Walls,35.23000000,31.77000000,NULL,0.00000000,9F1C9290-2C03-4FD1-810B-A8122EEFCB51
257,14207,Bet-HaKerem,Bet-HaKerem,35.19000000,31.78000000,NULL,0.00000000,95FA6122-4B9C-43E3-8D42-A849242350A6
367,14356,Desert Holy City (U),Desert Holy City (U),33.65082151,33.05128774,Jerusalem district extending to the east up to Madaba. Only general location,0.00000000,7A1E7AFC-E91C-4CCB-A69E-A87D8D840E93
115,13381,Jit,Jit,35.55000000,33.08000000,NULL,0.00000000,67EAD24A-8992-42DD-A8BF-A8A32BA1E12A
811,20041,Et-Tell,NULL,29.75160000,33.67970000,NULL,NULL,C2EB72D5-A15B-4978-9AA4-A8DCA4AD3A9C
72,13313,Al-Mays,Al-Mays,35.82000000,33.44000000,NULL,0.00000000,62025A34-9D0B-4C67-8C81-A95C254E8C18
773,20002,al-Marqab Citadel,NULL,29.75160000,33.67970000,NULL,NULL,8223F9C3-DAC0-4A60-A56D-A9AE237D5D60
808,20038,Givati Junction,NULL,29.75160000,33.67970000,NULL,NULL,F9BB5A64-38A7-4437-920F-A9C714E4CD04
872,20103,Jerusalem - Robinson's Arch,NULL,29.75160000,33.67970000,NULL,NULL,411CA22E-7333-4AEF-A732-AA3FBF5F7832
312,14267,Salfit,Salfit,35.17000000,32.07000000,NULL,0.00000000,2DF65531-D117-4C1C-95D7-AA6F1590E94F
164,13464,Arbin,Arbin,36.33000000,33.47000000,NULL,0.00000000,17943B90-D470-4E5A-A124-AA6F98F74420
907,20139,Mount Nebo,NULL,29.75160000,33.67970000,NULL,NULL,A54DBE41-A73D-45A7-B5ED-AAABADF24481
35,13232,Sidon,Sidon,35.37000000,33.56000000,Saida,0.00000000,5472F125-084A-49EE-BE2A-AADB2C17C1C2
52,13287,Jibshit,Jibshit,35.50000000,33.36000000,Djibshit,0.00000000,5236131A-F4BA-452D-B15D-AAED54573235
856,20087,Jerash,NULL,29.75160000,33.67970000,NULL,NULL,CBA16C83-B626-4919-84BF-AAEE1D2761C9
198,14066,Sebastia,Sebastia,35.19000000,32.27000000,NULL,0.00000000,79144BB7-A01C-4D7B-8DCA-AB5DE4A5FEF2
913,20145,Petra - Blue Chapel and Ridge Church,NULL,29.75160000,33.67970000,NULL,NULL,D55AFBF2-B991-4283-9EC5-AC37F04B1C7B
656,15208,Tel Malhata,Tel Malhata,35.02000000,31.21000000,NULL,0.00000000,6AE2BC4E-97D5-4991-B4B7-AC6892225329
348,14316,Dead Sea north 2 (A),Dead Sea north 2 (A),35.46000000,31.72000000,NULL,0.00000000,F466BC2A-1D81-4078-803C-AC6DD50F43A3
759,16054,Al-Azraq,El-Azraq,36.82927598,31.87982698,NULL,0.00000000,3233324F-19EA-4AC7-9426-AC853B0B1163
536,15037,Kh. En Ziq,Kh. En Ziq,34.85000000,30.80000000,NULL,0.00000000,32E611AC-E3A8-4573-8229-ACB985300F37
778,20008,Anazarbus,NULL,29.75160000,33.67970000,NULL,NULL,2C0EC7B3-51EA-4CE6-B28C-ACFF89F95D84
162,13462,Mazza (U),Mazza (U),33.65082151,33.05128774,NULL,0.00000000,BD8D4BA6-5DF8-49F4-B568-ADAC6FD201EF
461,14506,Shilfatia (U),Shilfatia (U),33.65082151,33.05128774,NULL,0.00000000,CEC7A6FA-E745-44CC-ACCD-ADC82319E38F
297,14250,Migdal,Migdal,35.49000000,32.83000000,Mejdal,0.00000000,A9057C6C-7718-4EFB-A131-AEBA88CDBA55
415,14452,Alexandreta,Alexandreta,36.17000000,36.58000000,Iskenderun,0.00000000,80E454E5-8B1D-4D54-9DA7-AF421757C262
646,15196,Birsama,Birsama,34.54000000,31.25000000,NULL,0.00000000,AB1699A7-B13F-4FAC-9E11-AF63555CBAFB
414,14451,Ruhba (U),Ruhba (U),33.65082151,33.05128774,NULL,0.00000000,DEEFAAD4-5CC6-4465-94A5-B00B38DC4974
426,14463,Edessa,Edessa,38.80000000,37.15000000,Urfa,0.00000000,D690C6F4-161A-45DF-A9E8-B012AA5D5E39
205,14097,Arabia (A),Arabia (A),40.36000000,24.38000000,NULL,0.00000000,C9CF6781-0C9F-482C-83B2-B016363FDFDD
194,14021,Niksar,Niksar,36.96000000,40.58000000,Neocaesarea,0.00000000,DBC7409D-DD97-41CE-AC45-B02BC9F7B642
40,13267,Dead Sea Southwest (A),Dead Sea Southwest (A),35.36000000,31.13000000,NULL,0.00000000,649C9271-3EFA-4248-A7E4-B04F9ACE6F09
60,13295,Zeqqieh,Zeqqieh,35.38000000,33.29000000,NULL,0.00000000,FDED07A9-585C-421B-89ED-B07FD8253BD1
947,20179,Sheikh Abu Zarad,NULL,29.75160000,33.67970000,NULL,NULL,9B95017F-43BB-4F5E-A6EA-B0842A4902F2
697,15271,Kh. Sufayif?,Kh. Sufayif?,35.33000000,30.34000000,NULL,0.00000000,7025B4FE-6249-4902-9FAA-B10B60A355E6
374,14366,Desert of Sava (U),Desert of Sava (U),33.65082151,33.05128774,NULL,0.00000000,4CAA9AB5-7F50-431B-ADEF-B1A2AEAF01A4
443,14485,Harran,Harran,39.03000000,36.87000000,NULL,0.00000000,B9889765-A642-48DD-940E-B1C8CA7B90B5
771,20000,Ablasta,NULL,29.75160000,33.67970000,NULL,NULL,0D3F0224-B5CA-404D-9532-B1E8B0B201CF
446,14489,Samosata,Samosata,38.46000000,37.57000000,NULL,0.00000000,7848E097-78EB-45B4-857A-B21C46602F81
41,13271,Deir al-Mukhalles,Deir al-Mukhalles,35.54000000,33.77000000,NULL,0.00000000,9E01850A-AAA5-4D50-877C-B26F6D5460FC
489,14538,Merzifon,Merzifon,35.46000000,40.87000000,NULL,0.00000000,F805E3A2-8996-4D03-8AED-B2A5AAA8B605
891,20123,Khirbet Tannur,NULL,29.75160000,33.67970000,NULL,NULL,AA0A94F2-6EFC-4CD3-8762-B33B9000A5EF
596,15139,Elot,Elot,34.96000000,29.57000000,"Early Islamic settlement, installations for smelting cooper ore, slag",0.00000000,068A4A38-A28D-4DAA-943C-B4F3EF0E23D6
586,15126,Mezad Yotvata,Mezad Yotvata,35.04000000,29.88000000,Diocletianic Roman fort with four corner towers' inscriptionLL,0.00000000,2757BB78-3FCA-4E7E-9F6E-B4F3FD501B4E
482,14530,Beilan(U),Beilan(U),33.65082151,33.05128774,NULL,0.00000000,2F07D13B-1EE7-4055-8D88-B54C172A78D2
936,20168,Rujm Beni Yasser,NULL,29.75160000,33.67970000,NULL,NULL,106543C3-3D53-4C9C-B9CA-B59FD6DD304F
976,20208,Tell er-Ras,NULL,29.75160000,33.67970000,NULL,NULL,5C427035-D72F-4A19-BF96-B5FB69F06D9C
539,15041,Kh. Maa'gorah,Kh. Maa'gorah,34.75000000,30.86000000,Established by Alexander Jannaeus (103?אף76 BCE),0.00000000,FDCAC911-6742-444F-9191-B6047070FDA4
591,15133,Rogem Zafir,Rogem Zafir,35.12000000,30.90000000,Roman fort and road station,0.00000000,6F0A0976-7331-4A66-8104-B63BE0773FEF
794,20024,BethYerah/al-Sinnabra,NULL,29.75160000,33.67970000,NULL,NULL,F41E9CE1-AEA9-4C51-8278-B64E681290E7
290,14243,Jerusalem-Jericho Road (A),Jerusalem-Jericho Road (A),35.40000000,31.79000000,NULL,0.00000000,EA893DDB-2EF5-4ED8-B626-B69BA7460090
306,14261,Nabi-Musa,Nabi-Musa,35.43000000,31.78000000,NULL,0.00000000,2C57D5EC-AA9C-4113-857E-B6DAD47D9171
2,1,Jerusalem,Jerusalem,35.23371042,31.77430227,NULL,0.00000000,372EE9DF-BD1C-4FE4-8BAF-B7DEDDA3BCA8
737,16027,Limassol,Limassol,33.00000000,34.59000000,NULL,0.00000000,3FDE7D05-7E9E-4FFD-9245-B7E8C1FE6B94
430,14469,Balatunus Castle,Balatunus Castle,36.07000000,35.50000000,Qalat al-Mahalibah,0.00000000,68549EEB-0BE7-41E9-A3D8-B80D99B66B37
641,15191,Menois,Menois,34.39000000,31.32000000,NULL,0.00000000,A24E5EA6-9155-45AB-B659-B82C408BE87F
556,15077,Kh. el Burjaliyeh,Kh. el Burjaliyeh,34.45000000,31.44000000,NULL,0.00000000,E290D328-EE77-44AE-B747-B84596E13B91
403,14439,Al-Wasim (A),al-Wasim (A),36.51000000,36.98000000,"The Muslim side of the frontier zone between the Byzantine Empire and the Umayyad and Abbasid Caliphates in Cilicia, northern Syria and Upper Mesopotamia",0.00000000,EA4C5A39-6493-43A6-9A0E-B8797520DACE
991,20223,Tiberias - Aviv Hotel,NULL,29.75160000,33.67970000,NULL,NULL,B3766F39-D73D-445E-9526-B8C9A0E39E48
915,20147,Petra - Great Temple,NULL,29.75160000,33.67970000,NULL,NULL,99470DA3-0A6B-4AE6-9F70-B8F7A7E4912A
114,13380,Tubas,Tubas,35.36000000,32.32000000,NULL,0.00000000,382BC39A-789B-4328-86B6-B94B0CF00BFC
223,14131,Damascus,Damascus,36.29000000,33.51000000,NULL,0.00000000,11A1487E-27D7-4A7E-B810-B9BDB80B99B0
18,21,Haifa,Haifa,35.00000000,32.82000000,NULL,0.00000000,4DB98FB7-2AD2-4043-A737-B9E71D391CAD
285,14238,Tafilah,Tafilah,35.60000000,30.84000000,Tapila,0.00000000,49BB87DA-4434-4095-A045-BA0ACC73E692
1,-1,Unknown,Unknown,33.65082151,33.05128774,NULL,0.00000000,C470B1FC-CE33-4D91-92A3-BA609DEA3F47
685,15251,Kh. Umm Deimine,Kh. Umm Deimine,34.92000000,31.36000000,NULL,0.00000000,9C24DBE4-4AD8-4B75-8E23-BA963970F028
85,13327,Al-Fara,al-Fara,35.45000000,32.97000000,NULL,0.00000000,DE1E3B23-BF11-4259-A54D-BAC785790132
626,15175,Deir Hawa,Deir Hawa,34.92000000,31.35000000,NULL,0.00000000,41FB44F6-2915-4B87-817F-BAD103CEA4E1
459,14504,Hermon Mt.,Hermon Mt.,35.70000000,33.25000000,NULL,0.00000000,D1AB9A15-E13E-4C44-887C-BAD9F89AB515
6,7,Ashkelon,Ashkelon,34.54000000,31.66000000,Ascalon,0.00000000,ABB62C18-3D51-4A5A-A8CA-BB19D585F343
76,13317,Malkiah,Malkiah,35.51000000,33.09000000,Melkiyeh,0.00000000,7D0105FA-1EC0-42D9-909F-BB763A0A296B
774,20003,Al-Muwaqqar,NULL,29.75160000,33.67970000,NULL,NULL,1C43F82C-1C00-4C19-AE80-BC9E2D132DAC
607,15153,En Tamar,En Tamar,35.35000000,30.97000000,NULL,0.00000000,C599EA0B-206A-4894-9FE3-BCB901C4128D
316,14272,Azraa',Azraa',36.23000000,32.84000000,NULL,0.00000000,CA5CD13A-5BAA-4060-B559-BD5C44D45D9B
664,15220,Kh. Umm Jerfan,Kh. Umm Jerfan,34.80000000,31.00000000,NULL,0.00000000,6C251939-EF56-49F7-AAA0-BE16AB36A77F
66,13306,Amba (U),Amba (U),35.53000000,33.02000000,NULL,0.00000000,31491228-69B8-45CC-893C-BE74B07516AC
393,14420,Medaba,Medaba,35.76000000,31.71000000,NULL,0.00000000,811AFEEB-1B97-44E1-9408-BEEF00109D8D
278,14229,Scopus Mt. (Hebrew University),Scopus Mt. (Hebrew University),35.24494272,31.79216741,NULL,0.00000000,0747EEC7-5983-445F-944D-BF6459E5222F
679,15237,H. Laa'na,H. Laa'na,34.64000000,30.71000000,NULL,0.00000000,61D41D29-A390-4BAF-8B6A-BF7F25F94729
95,13344,Maghar (U),Maghar (U),33.65082151,33.05128774,NULL,0.00000000,959EE195-A778-4BFD-89B7-BFB7035155C9
555,15076,Khirbet es Sireh,Khirbet es Sireh,34.42000000,31.45000000,NULL,0.00000000,1F55BD86-C380-4AF5-9BD3-C003D8585442
957,20189,Tel Agol,NULL,29.75160000,33.67970000,NULL,NULL,FAA8253D-46CE-440D-95F3-C00DF1449924
492,14542,Bara(U),Bara(U),33.65082151,33.05128774,NULL,0.00000000,11C8A008-BA78-4DAA-8C5F-C00EB3D8DAF0
693,15267,Deir al-Asal,Deir al-Asal,34.93000000,31.46000000,NULL,0.00000000,F9082811-B4F6-4E49-802C-C05B29B0F17D
80,13322,Rumaysh,Rumaysh,35.36000000,33.07000000,NULL,0.00000000,63E7D87E-F872-4DCE-A95B-C185A35DCA5D
618,15165,Kh. Rafat,Kh. Rafat,35.06000000,31.38000000,NULL,0.00000000,87555F5B-B44E-40F3-8D2C-C1C59C0F81B4
120,13387,Gaziantep/Aintab,Gaziantep/Aintab,37.11000000,37.33000000,Aintab,0.00000000,D5047D96-A062-4389-9577-C20174AB55DE
535,15036,Mahmal Fort,Mahmal Fort,34.92000000,30.69000000,"Important pass along the Petra - Gaza Road created by the Nabataeans for their caravans, Nabataean structures and a Late Roman fort",0.00000000,7DE3845B-C5C6-4CD8-A2DD-C216551B7B3B
629,15178,H. Hura,H. Hura,34.92000000,31.28000000,NULL,0.00000000,4E5C2B4A-67F8-4674-86BD-C230A2986AE0
617,15164,Nahal Zee'lim,Nahal Zee'lim,35.29000000,31.34000000,NULL,0.00000000,1E406754-0135-478E-A90A-C23D7E08EB5C
878,20110,Kathisma,halde,29.75160000,33.67970000,NULL,NULL,4012114A-9540-4899-A171-C29515AE2D1E
108,13374,Harithiya (A),Harithiya (A),35.22000000,32.50000000,NULL,0.00000000,93FBE5A6-5F87-4285-A48A-C2984BCFDC7C
249,14199,Umm al-Fahm,Umm al-Fahm,35.14000000,32.51000000,NULL,0.00000000,7621C83C-AB41-4ED9-9C02-C2C9728719FC
648,15198,Hazerim,Hazerim,34.64000000,31.24000000,NULL,0.00000000,0FE5C141-2680-4F11-8899-C2EFDB99D733
962,20194,Tel Dover,NULL,29.75160000,33.67970000,NULL,NULL,0665A314-233D-420A-A1CC-C3718EB067E9
954,20186,Tall al-'Umayri,NULL,29.75160000,33.67970000,NULL,NULL,01E6393A-8DD6-494A-956C-C37787C11DE4
42,13273,Qal'at Mezzeh,Qal'at Mezzeh,35.37000000,33.56000000,Chateau de Saint Louis of the Crusaders,0.00000000,E2284402-5420-4BD9-8019-C3A93225BC73
841,20072,Jerash - JWP115 Landslide,NULL,29.75160000,33.67970000,NULL,NULL,BE27CBC8-F34A-4049-8051-C3E1625DCF9E
880,20112,Khirbat Ta'ena,NULL,29.75160000,33.67970000,NULL,NULL,56487974-5849-4577-91CB-C4188F7E4B4A
337,14297,Rosh Ha-A'ayin,Rosh Ha-A'ayin,34.92000000,32.09000000,Ras al-Ein,0.00000000,0C4D6A24-6FCC-40A0-9CF5-C42C6C680E21
256,14206,Bet-Gimal,Bet-Gimal,34.96000000,31.71000000,NULL,0.00000000,1CCA8D00-BE6A-4526-BC05-C4549E9C2720
993,20225,Tiberias - Berniki Theater,NULL,29.75160000,33.67970000,NULL,NULL,B4037268-DA40-4305-A1F6-C4AEEF77E9BB
154,13453,Hermel-post house (U),Hermel-post house (U),33.65082151,33.05128774,NULL,0.00000000,1AC76E9B-0498-40B1-A29F-C52AF364F11A
866,20097,Jerusalem - Haram esh-Sharif and adjacent,NULL,29.75160000,33.67970000,NULL,NULL,7BE9BEDD-53FC-4D1D-A23A-C52E64E4C145
533,15034,Neqarot Fort,Neqarot Fort,35.01000000,30.57000000,"Qasr Wadi Siq; Nabataean caravan station, covered water cistern and Roman fort",0.00000000,25217EDF-CBCA-400A-8F69-C57E6B86FF80
266,14216,Jaljulia,Jaljulia,34.94000000,32.15000000,NULL,0.00000000,F6FD8AB4-0E5A-4311-81AB-C59E4D150989
804,20034,Ein Rahel,NULL,29.75160000,33.67970000,NULL,NULL,918D5EBA-B039-4AC2-B437-C5A0B91967C9
392,14412,Bekaa (A),Bekaa (A),36.14000000,34.00000000,NULL,0.00000000,21E5701C-EE5B-4DDE-BECD-C5C9A614822E
327,14284,Aqaba,Aqaba,35.00000000,29.52000000,NULL,0.00000000,0930890E-E905-4975-8D2D-C5CA831124EE
960,20192,Tel Ateret,NULL,29.75160000,33.67970000,NULL,NULL,7DE3F426-914D-4429-A7EC-C627A15CD627
682,15240,Mezad Nahal avdat,Mezad Nahal avdat,34.72000000,30.75000000,NULL,0.00000000,4D7F791C-B75B-450A-BB3B-C657AEA89387
527,15021,Nicosia,Nicosia,33.35000000,35.15000000,NULL,0.00000000,36857353-DAE7-4CF0-8FAB-C6D8FC72E2C5
26,1635,Khirbat Iskandar,Khirbat Iskandar,35.76605856,31.57339144,NULL,0.00000000,31DF06E9-E49F-414F-AD9E-C757B33F6546
349,14317,Dead Sea north 3 (A),Dead Sea north 3 (A),35.49000000,31.74000000,NULL,0.00000000,E2F506EB-8CDD-4747-B829-C832AFCE9D52
180,13494,Busra,Busra ash Sham; Bosrah; Bostra,36.48000000,32.51000000,Bosrah; Bostra,0.00000000,2F73C0CC-D218-4082-A1C1-C85AD707944A
862,20093,Jericho - Tulul Abu al-'Alayiq,NULL,29.75160000,33.67970000,NULL,NULL,45A751E9-2AAF-45C2-B049-C866BEA70854
901,20133,Mar Elias Monastery,NULL,29.75160000,33.67970000,NULL,NULL,DD64160F-0E3D-425C-8304-C8A8A16EF59D
411,14447,Lebanon (A),Lebanon (A),35.87000000,33.84000000,NULL,0.00000000,FC355398-591A-4E14-B88C-C8CE1AFBAE08
531,15031,Kh. Qazra,Kh. Qazra,35.08000000,30.55000000,"H. Qasra; Meza; Mezad  Qasra; Qasr el-Abd; Roman fort, Nabataean open sanctuary and altar, Nabataean pottery, lead seals, coins, water cistern in streambed below the fort' Early Arabic inscriptions on fort",0.00000000,8846B68E-C976-4F44-927B-C8D6B49E098C
93,13338,Rama (U),Rama (U),33.65082151,33.05128774,NULL,0.00000000,B58A1E8F-6250-4EE9-8557-C9992127E651
598,15141,Mezad Shaharut,Mezad Shaharut,35.00000000,29.90000000,NULL,0.00000000,BF830AA7-2629-4345-ACDF-C9C0ACB8CC43
92,13335,Ein-Zeitun,Ein Zeitun,35.48000000,32.98000000,NULL,0.00000000,8C732FC1-11E0-44ED-91A2-C9D3386C7858
942,20174,Samak/Shiqmona,NULL,29.75160000,33.67970000,NULL,NULL,C6C902E4-FAE4-45C6-9D7D-CA12A2CEA191
74,13315,Ya'tar,Ya'tar,35.35000000,33.10000000,NULL,0.00000000,7A86E043-15C4-46E4-A083-CA68E150D39B
335,14295,Kiriat Anavim,Kiriat Anavim,35.11000000,31.80000000,NULL,0.00000000,0C18A27D-AA5C-4E76-8956-CAEFC683AE4A
497,14549,Rishon le-Zion,Rishon le-Zion,34.85000000,32.02000000,NULL,0.00000000,9D958543-9648-4C31-A860-CB25FE6F91E3
99,13362,Kafr Qana,Kafr Qana,35.34000000,32.75000000,Kafr Kanna,0.00000000,4AD7E9CC-AEDF-4CC5-8893-CB548EEB9D9E
569,15091,Tel Abu Hareireh,Tell Abu Hareireh,34.60000000,31.38000000,NULL,0.00000000,DC367D77-F135-44B1-901C-CBA841F115F3
433,14473,Qastal fortress (U),Qastal fortress (U),33.65082151,33.05128774,NULL,0.00000000,1ECBA06E-42A6-4BEE-9E5F-CBB9122FA22E
460,14505,Niha Mt. (U),Niha Mt. (U),33.65082151,33.05128774,NULL,0.00000000,A4DEE2D3-6D32-4567-8091-CBC8AD5D24FF
134,13418,Kaukaba (U),Kaukaba (U),33.65082151,33.05128774,NULL,0.00000000,C39520C1-B534-41DD-B4D3-CBCD3A78E153
967,20199,Tel Sukas,NULL,29.75160000,33.67970000,NULL,NULL,53E4C641-8903-4302-B0E6-CC129DADCD26
834,20065,Iraq el-Amir,NULL,29.75160000,33.67970000,NULL,NULL,7E03203D-221D-41DC-A2CC-CC1B6AB8207F
378,14380,Jabalah,Jabalah,35.92000000,35.35000000,Jablah; Jabalah,0.00000000,2915160D-8131-437C-A44D-CC6988A5977D
690,15264,Oded Mt.,Oded Mt.,34.68000000,30.58000000,NULL,0.00000000,7560286A-7FFB-49AD-B426-CCA31CB2A332
857,20088,Jericho - Hisham's Palace,NULL,29.75160000,33.67970000,NULL,NULL,1AA52E01-FBB3-4B0E-9924-CCBD6523127B
563,15085,el Munkheile,el Munkheile,34.49000000,31.40000000,NULL,0.00000000,B636CD7E-DEE8-4675-8DEA-CD33DE4DD7F7
871,20102,Jerusalem - Nea Church,NULL,29.75160000,33.67970000,NULL,NULL,DDCD89A6-F082-4D00-98EF-CD3CC3507610
239,14170,Tel Mevorakh,Tel Mevorakh,34.96000000,32.03000000,NULL,0.00000000,01F8F10F-2F85-4443-B5C3-CD495BCDAD0C
477,14523,Armennaz,Armennaz,36.44000000,36.49000000,NULL,0.00000000,822148AB-BF10-4DD3-A845-CD5B65DF1A39
578,15111,Mishor Ha'Ruhot,Mishor Ha'Ruhot,34.81000000,30.64000000,Sah'l al-Hawa,0.00000000,9AD9AD31-32D5-4B34-A027-CD7E8FCE4224
768,10186,Shechem,TBD,29.75160000,33.67970000,NULL,NULL,83A99464-05C5-4639-B792-CDB51931F8C7
396,14424,Al-Afrish,al-Afrish,35.49000000,33.03000000,NULL,0.00000000,FC2E29EC-4DE3-460C-81BD-CE021155DFC5
782,20012,Aila,NULL,29.75160000,33.67970000,NULL,NULL,B5BA28CA-11B4-4A40-A172-CE15726260D6
488,14537,Tokat,Tokat,36.55000000,40.30000000,NULL,0.00000000,6D78E401-11FC-4603-97ED-CE7500E51EF2
465,14510,Nahr al-Kebir (U),Nahr al-Kebir (U),33.65082151,33.05128774,NULL,0.00000000,5518BC21-093F-4614-A140-CE976594F604
429,14466,Safitta Castle,Safitta Castle,36.11000000,34.81000000,Safad,0.00000000,BC5FE482-045C-482F-9725-CEEF339EFBA3
806,20036,el-Lejjun,NULL,29.75160000,33.67970000,NULL,NULL,0FBBD228-C0CA-41FD-84E4-CF330A220CFD
291,14244,Jerusalem-Jericho Road 2 (A),Jerusalem-Jericho Road 2 (A),35.40000000,31.79000000,NULL,0.00000000,285D2F9B-BDC0-4A75-B7ED-CF331E03C16F
573,15101,Nuseirat,Nuseirat,34.39000000,31.44000000,NULL,0.00000000,D9BB5249-D75F-4B9E-A910-CF3AC55628D2
288,14241,Augusta Victoria,Augusta Victoria,35.24866144,31.78683038,NULL,0.00000000,4EBA8B04-F3EE-4FB1-97D9-CF8679053C45
923,20155,Petra - NEPP Site,NULL,29.75160000,33.67970000,NULL,NULL,65BE9BAB-E88B-493B-B7C5-CF8EB711A40B
965,20197,Tel Nissa,NULL,29.75160000,33.67970000,NULL,NULL,C90BA555-701B-4FFD-900C-CF91DE15877B
9,11,NSL (U),NSL (U),33.65082151,33.05128774,Unknown site. Appears in Cyril's Harvard Syriac letter,0.00000000,B50E3882-C41F-4160-B625-D04057259A2D
4,3,Bet-She'an,Bet She'an,35.48000000,32.50000000,Baishan; Schitopolis,0.00000000,908ADBB8-45E6-4574-AF87-D0765398DBF3
798,20028,Dan,NULL,29.75160000,33.67970000,NULL,NULL,6F661DB0-25DE-4769-AF88-D0C938FED853
125,13399,Sea of Gali,Lake Tiberias,35.58000000,32.80000000,NULL,0.00000000,813FF560-7792-4F51-ACA0-D1BDB4DDF839
372,14364,Pella,Pella,35.57000000,32.46000000,NULL,0.00000000,1E3EDE07-AE35-4A11-A474-D1CBCB7DA759
934,20166,Ramat Rachel,NULL,29.75160000,33.67970000,NULL,NULL,486CCA4A-99B8-4851-A966-D1EAC7360C50
94,13343,Eilabun,Eilabun,35.40000000,32.83000000,NULL,0.00000000,61654B92-9426-4CAB-952F-D2D3D0155B85
625,15174,Kh. Useiliyye,Kh. Useiliyye,34.92000000,31.38000000,NULL,0.00000000,35243118-B0A1-4770-84E9-D2D7E0A16685
928,20160,Petra - Temple of the Winged Lions,NULL,29.75160000,33.67970000,NULL,NULL,081FBA95-CAE7-4D9F-8FA2-D2EF5E65E0AB
702,15280,Qasr Tilah,Qasr Tilah,35.33000000,30.74000000,NULL,0.00000000,7E1E28F9-98A5-4D1E-B1CF-D324CD24A710
391,14410,Kesrawan (A),Kesrawan (A),35.64000000,33.93000000,Kesrawan; Kisrawan,0.00000000,3E56F5C4-3B6B-4900-B375-D3BB4D87087F
481,14528,Idlib,Idlib,36.63000000,35.93000000,NULL,0.00000000,E9ACF0FE-0455-48B3-B4CA-D3D07B38ABCF
33,13214,Reina,Reina,35.29000000,32.71000000,NULL,0.00000000,81E062D5-FBB2-471D-A762-D423758724BC
983,20215,Tell el-Mazar,NULL,29.75160000,33.67970000,NULL,NULL,06D16A27-4F99-4D2C-9122-D45175D38D7E
262,14212,Batir,Batir,35.13000000,31.72000000,NULL,0.00000000,04E04832-D20B-45E0-9F76-D45E70D8EEAF
244,14187,Avdat,Avdat,34.77000000,30.79000000,NULL,0.00000000,9B5E8456-5D4E-4E83-A872-D521B50A9510
726,16015,Holy Sepulchre Church,Holy Sepulchre Church [Jerusalem],35.22969717,31.77846795,NULL,0.00000000,16C07737-22E0-4BC3-8766-D53DB15C3575
238,14169,Kh. el-Asiq,el-Aa'sek,35.64765205,32.78536381,NULL,0.00000000,5F9531EF-533C-4343-A12B-D5511B4C4475
904,20136,Minya,NULL,29.75160000,33.67970000,NULL,NULL,A87802F1-A882-4B0D-91F6-D56CF2D82975
303,14257,Masada,Masada,35.35000000,31.31000000,"Royal fortress, palaces, water cisterns and aqueducts from the Herodian period, structures from the 1st c. CE, Roman siege wall , camps and ramp.",0.00000000,DC4BC529-AC3D-49AD-8E5C-D570BC79FCAD
978,20210,Tell Eton,NULL,29.75160000,33.67970000,NULL,NULL,ED4492C0-AA73-4028-B4DA-D5E179D624D0
191,13942,Istanbul,Istanbul,28.96000000,41.02000000,Constantinople,0.00000000,14EE52F4-6F41-47BF-B48C-D5E9FA458176
418,14455,Zaradna,Zaradna,36.75000000,36.05000000,NULL,0.00000000,B00439E6-BF5A-42DE-97D5-D60BBDC65C25
946,20178,Shaizar Citadel,NULL,29.75160000,33.67970000,NULL,NULL,5F94A3BA-0D88-4E4C-ABDD-D61DB48045D6
924,20156,Petra - Petra Church,NULL,29.75160000,33.67970000,NULL,NULL,D049ECFF-4E4D-4A04-BBEF-D6A419BE1A0B
64,13303,Tebnine,Tebnine,35.40000000,33.19000000,Toron; Tibnin,0.00000000,686EB615-D964-4C53-9352-D6C20457BD09
51,13286,Al-Tahta,Al-Tahta,35.45000000,33.36000000,NULL,0.00000000,2426A21C-8856-49BB-B1EB-D6C7A9144BC1
832,20063,Hosn Niha,NULL,29.75160000,33.67970000,NULL,NULL,3B5A6BAC-5D48-423D-9940-D7E81A2EB471
705,15283,Turkey (A),Turkey (A),35.40000000,39.20000000,NULL,0.00000000,0BCF09BC-38C1-475A-8959-D85B6D976F10
757,16051,Ismailia,NULL,32.27903944,30.60179463,NULL,0.00000000,6D46ED35-5536-4299-83C6-D867743CB461
338,14298,Amman,Amman,35.91000000,31.96000000,NULL,0.00000000,03535397-F866-4257-BB00-D868C32FAD5C
534,15035,Sha'ar Rammon,Sha'ar Rammon,34.93000000,30.60000000,"Qasr el Mahale, Qasr el Ein; Nabatean caravansary. Spacious hostel (khan)",0.00000000,0D32F8E2-1565-4F60-944B-D8B6E0257C52
341,14303,Ramat Rachel,Ramat Rachel,35.21000000,31.73000000,NULL,0.00000000,9D4E64A0-289E-4C6F-8B52-D9196BC6164F
280,14231,Wadi al-Shueib,Wadi al-Shueib,35.61000000,31.90000000,NULL,0.00000000,2A6DDEFB-49BA-4796-94EF-D94AC2C03F59
97,13360,Kafr Sabt,Kafr Sabt,35.34000000,32.75000000,NULL,0.00000000,450EEE7A-BA90-4BD4-A2DA-D963FD150F7B
559,15080,Kh. el Aseiferieh,Kh. el Aseiferieh,34.49000000,31.41000000,NULL,0.00000000,2657811A-6B04-4A63-94B8-D97302277891
82,13324,Dibil,Dibil,35.35000000,33.11000000,NULL,0.00000000,80BF9AA7-74BD-483B-87CC-D9E67E95D8CD
767,10112,Khirbat Faris,NULL,29.75160000,33.67970000,NULL,NULL,FCAC7393-0421-41CF-A1E5-DA86C59CACAD
491,14540,Kiyarbakir (U),Kiyarbakir (U),33.65082151,33.05128774,NULL,0.00000000,5D46C439-EF0D-4026-B309-DA8B2A249420
468,14513,Black Sea (U),Black Sea (U),33.65082151,33.05128774,NULL,0.00000000,0C43670C-31DD-4A57-8596-DABCF0A14F3A
343,14305,Shunam,Shunam,35.32000000,32.60000000,NULL,0.00000000,C534C771-1632-4790-B9E5-DAC296CC647D
143,13432,Labweh-post (U),Labweh-post (U),33.65082151,33.05128774,NULL,0.00000000,F91537D7-5B7E-40DC-9277-DACFA20C0B87
463,14508,Qadamus (U),Qadamus (U),33.65082151,33.05128774,NULL,0.00000000,63D451C9-0EA6-40BF-9387-DACFF16863F6
614,15160,Kh. Uza,Kh. Uza,35.15000000,31.20000000,NULL,0.00000000,76FB2D4C-E3CE-4A60-BDA0-DAEE59CE5314
196,14024,Nicopolis [GR],Nicopolis [GR],20.73000000,39.00000000,NULL,0.00000000,65EA13E8-9C8E-4C88-9676-DB4D605F751D
416,14453,Atharib,Atharib,36.81000000,36.13000000,Atharib (?); Antharib,0.00000000,747286A1-B577-44FB-B67D-DB559EE4E5FE
365,14353,Troy,Troy,26.23000000,39.94000000,NULL,0.00000000,546415D6-824F-41D5-9CE4-DB61AC87E9ED
520,15004,Nizanna,Nizanna,34.43000000,30.87000000,"Nessana; Auja el Hafir; Remains of a Nabataeaan Byzantine settlement on the banks of Nahal Nizzana and Nahal Azuz. The site contains the remains of 3 chuches, a memorial chapel, a Byzantine fortress and Hellenistic fort with round towers.",0.00000000,8A4E94FD-E53B-489B-810C-DB75BF8D0DBA
908,20140,Msayl?a Bridge,NULL,29.75160000,33.67970000,NULL,NULL,0FDF665A-7736-42A9-914B-DB8923F80896
276,14227,Toov Mt.,Toov Mt.,35.00000000,31.76000000,NULL,0.00000000,8799C468-2C55-42AC-B835-DBA30B7BD883
475,14521,Shikaghi (U),Shikaghi (U),33.65082151,33.05128774,NULL,0.00000000,A6F5411F-320F-4F6B-9F56-DBDF2A16BAF8
567,15089,el Khudra,el Khudra,34.42000000,31.26000000,NULL,0.00000000,E9E98C14-1A3F-421F-8423-DBEC59639C39
526,15020,Paphos,Paphos,32.41000000,34.76000000,NULL,0.00000000,6F46144A-7B74-4D95-BEEF-DC6D456CB433
717,15300,Al-Harin,Al-Harin,36.33000000,35.11000000,NULL,0.00000000,51676EB5-D238-48E7-BE1D-DC8E843AE594
116,13382,Zeita,Zeita,35.19000000,32.10000000,NULL,0.00000000,3126B358-2B8E-4916-86D7-DCB0E41D1F48
386,14396,Qal'at Al-Jundi (U),Qal'at Al-Jundi (U),33.65082151,33.05128774,NULL,0.00000000,BA738794-D8AD-4ECF-8D9D-DCB84406C1D8
235,14166,Tel Deir Alla,Deir' Alla,35.60000000,32.10000000,NULL,0.00000000,4520A2B1-6528-4B59-866E-DCCEB3D71177
1171,-1,Test,Test feature No. 2,NULL,NULL,Created by test user,NULL,77501710-1C15-4A91-BA54-DD256EC85A4B
909,20141,Neqarot Fort,NULL,29.75160000,33.67970000,NULL,NULL,81DEABEF-5574-4CD9-9E0E-DD404ED82B06
130,13413,Tyre,Tyre,35.21000000,33.26000000,Sur; Sour,0.00000000,1EBBDB95-7238-4136-BC07-DD8639C73F05
853,20084,Jerash - Umayyad House,NULL,29.75160000,33.67970000,NULL,NULL,0414DBB0-12FC-484A-A607-DDA25EF5B789
601,15145,Lysa,Lysa,34.34000000,30.40000000,NULL,0.00000000,2571EBBD-DD92-482B-B12E-DDB4F8D74961
240,14171,Megiddo,Megiddo,35.10000000,32.50000000,NULL,0.00000000,7D3B8E03-4FEF-4CDD-A2FA-DE20FF6C07F6
900,20132,Mamistra,NULL,29.75160000,33.67970000,NULL,NULL,0FB325F5-F12F-48B4-BF7B-DE37E1A3D14C
311,14266,Nazareth,Nazareth,35.29000000,32.70000000,NULL,0.00000000,EDE1A850-E561-4E8E-B451-DE3DADC58195
561,15082,Kh. el Kutsan,Kh. el Kutsan,34.45000000,31.40000000,NULL,0.00000000,4926670A-2015-45BD-9E5C-DE572B4E57B4
230,14157,Tel Batash,Timna,34.89000000,31.81000000,Tel Batash,0.00000000,28EB4564-D107-4094-909E-DE9CAC243F95
538,15040,Nahal Zin,Nahal Zin,34.76000000,30.82000000,NULL,0.00000000,4382529F-B0A0-4263-976E-DF2963BD8EB1
299,14253,Motza,Motza,35.15000000,31.78000000,NULL,0.00000000,9A6CB00D-38C3-4105-A747-DF31342CAD3C
313,14268,Sweida,Sweida,36.57000000,32.70000000,NULL,0.00000000,BC402B26-77ED-48D3-AFA3-E005B7FE5AE5
183,13499,Mabbug,Mabbug,37.95000000,36.53000000,NULL,0.00000000,C3A224DF-9815-43F0-AC83-E03C671A4AEA
237,14168,Tel el-Saiidiyeh,Tell Saidiyeh,35.57000000,32.31000000,NULL,0.00000000,6E84A5C4-91FE-4BAD-A88F-E0E00738C530
886,20118,Khirbet es-Suyyagh,NULL,29.75160000,33.67970000,NULL,NULL,22C80368-81BD-4B57-9D3F-E13DA7342339
860,20091,Jericho - Tell es-Sultan,NULL,29.75160000,33.67970000,NULL,NULL,7D12B436-B154-42B1-ABA9-E16DC4AD2EEB
558,15079,Khirbet el Meshrefe,Khirbet el Meshrefe,34.49000000,31.43000000,NULL,0.00000000,C526C549-384F-4331-9808-E171E41A191B
53,13288,Irbil,Irbil,44.00000000,36.19000000,NULL,0.00000000,71452B76-D2FA-4E37-9A80-E19BDD94518F
215,14110,Wadi al-Qura (A),Wadi al-Qura (A),39.45000000,25.21000000,NULL,0.00000000,804A0995-0BDA-42D1-AB9E-E1C396B22F7A
456,14501,Hula,Hula,35.66000000,33.07000000,NULL,0.00000000,5F8734FE-5229-4CB3-BFD5-E255F9D28A73
818,20049,es-Sufeira,NULL,29.75160000,33.67970000,NULL,NULL,101A47B1-405C-4F4E-B194-E264C7E4D8D9
727,16016,Church of the Nativity,Church of the Nativity,35.20000000,31.70000000,NULL,0.00000000,4B9CF6F5-A941-44AA-914E-E2B8CF451E8E
691,15265,Sobila,Sobila,34.74000000,31.41000000,NULL,0.00000000,4D383B8B-DEFD-48B6-BB20-E3805BB54FF0
179,13493,Beit-Qubayeh (U),Beit-Qubayeh (U),33.65082151,33.05128774,Location somewhere around Damascus,0.00000000,F294D839-D912-4BA3-843A-E39E7C109F00
336,14296,Rammala,Rammala,35.19000000,31.89000000,NULL,0.00000000,3A1CD516-CDE3-40B6-BE5E-E462C0BE4FB3
577,15110,Qusayr [SR],Qusayr [SR],36.59000000,34.12000000,NULL,0.00000000,16E85EDA-78C4-43FE-AC4E-E474AD956886
334,14294,Kalkilia,Kalkilia,34.95000000,32.18000000,NULL,0.00000000,F4B12A32-9D09-42DC-87D0-E4AC07B9527D
821,20052,Hebron - Tell Rumeida,NULL,29.75160000,33.67970000,NULL,NULL,7216C2AF-F8E8-4328-A9A8-E4B05CD16EB5
467,14512,Payas,Payas,36.21000000,36.75000000,NULL,0.00000000,16B5351A-E858-4A0D-82DC-E531729F7468
220,14117,Tabuk,Tabuk,36.58000000,28.38000000,NULL,0.00000000,7276A02F-FB05-44FC-BED6-E589858C9B1A
781,20011,Ayla,NULL,29.75160000,33.67970000,NULL,NULL,E1B79493-EDDE-49A5-B5BF-E606D7EC9B03
676,15234,Beraein,Beraein,34.46000000,30.78000000,Bee'rotayim,0.00000000,A5B2C410-5D38-471A-8837-E6BE37925F92
345,14309,Tel Yosef,Tell Yosef,35.39000000,32.52000000,NULL,0.00000000,0BBFEEA1-B19F-4318-93B7-E71B6DDE8963
62,13297,Metula,Metula,35.58000000,33.26000000,NULL,0.00000000,3812DDC1-18C9-4CA4-A5AA-E71EA1754AA4
507,14561,Malatya (U),Malatya (U),33.65082151,33.05128774,Melitene,0.00000000,5F05706E-656D-4A70-829D-E74BB871726B
593,15135,Kh. Zafir,Kh. Zafir,35.11000000,30.91000000,Roman Fort,0.00000000,244009FC-01EE-412B-8A86-E77851439E48
363,14348,Dion (U),Dion (U),33.65082151,33.05128774,NULL,0.00000000,F1A307ED-325D-466D-8591-E79BBF123A4E
579,15112,Khirbet Saa'don,Khirbet Saa'don,34.60000000,31.01000000,"Byzantine village, small churches, gypsum kiln, domestic dwellings, columbaria, agricultural terraces, quarry for large stone vessels",0.00000000,3B478BA3-67C1-4689-81FD-E7AFCC69BF9D
90,13333,Dallata,Dallata,35.50000000,33.02000000,NULL,0.00000000,E0DAA99C-FE14-42F0-B03C-E80C9B2B16F2
712,15292,Yammuneh (A),Yammuneh (A),36.01000000,34.13000000,NULL,0.00000000,3A9DAC7B-3378-4D28-81DE-E82065215CD4
661,15213,Nahal Yitnan,Nahal Yitnan,34.95000000,31.12000000,NULL,0.00000000,03D3F0CF-A238-4016-8927-E8321FA5E34F
720,16002,Kh. el-Manhata,Kh. el-Manhata,35.23000000,33.04000000,Tarphile,0.00000000,7D1B7C8E-7C0C-4BBD-B883-E8A74DF58B9D
19,22,Jaffa,Jaffa,34.75000000,32.05000000,NULL,0.00000000,22ECD9ED-EB41-4957-A438-E90C1F3A2211
499,14551,Sarona,Sarona,34.78000000,32.06000000,NULL,0.00000000,F5E43597-F790-4B2B-83D1-E9A90C6E7B3E
529,15026,Susia,Susia,35.10000000,31.39000000,NULL,0.00000000,6855C8C3-D41B-4994-AE74-E9EEF6306D12
836,20067,Jerash - Bishop Isaiah Church,NULL,29.75160000,33.67970000,NULL,NULL,598E7AB9-7055-4CE5-991B-EA6297B85213
67,13307,Al-Asban (U),al-Asban (U),35.50000000,33.06000000,NULL,0.00000000,A34C941F-F37E-47ED-84B4-EAA38C2E30BD
981,20213,Tell Ya'amun,NULL,29.75160000,33.67970000,NULL,NULL,683DADAF-9B9A-4CBE-9E27-EAA8043EE4A3
826,20057,Horbat Be'er Shema,NULL,29.75160000,33.67970000,NULL,NULL,D3EC41BC-501F-4FF5-BD1D-EAF3B5D47851
734,16023,Tebnine & Hunin (A),Tebnine & Hunin (A),35.47000000,33.21000000,NULL,0.00000000,93A17F97-8274-4EEE-8CD5-EB000A980195
258,14208,Bet-Lehem,Bet-Lehem,35.19000000,31.69000000,NULL,0.00000000,F5560F90-D551-4E58-B185-EC1E9AFADF5C
847,20078,Jerash - Northwest Quarter,NULL,29.75160000,33.67970000,NULL,NULL,04EC3B18-99C1-4320-BFC6-EC33B65C2E46
980,20212,Tell Masos,NULL,29.75160000,33.67970000,NULL,NULL,B39264AC-378F-4161-8BDF-EC7E34CE9E22
990,20222,Zerdana,NULL,29.75160000,33.67970000,NULL,NULL,460E6D97-BDA7-4558-84E6-ECF29ABBC4C4
284,14237,Tool Karem,Tool Karem,35.01000000,32.30000000,NULL,0.00000000,F32A5B5F-9E54-463E-9733-ECF2AD6BD856
440,14481,Adad al-Arab (U),Adad Al-Arab (U),35.71000000,33.78000000,NULL,0.00000000,BD07B1C9-D87C-44A6-8913-ED90B839F128
688,15261,Yahel area,Yahel area,35.14000000,30.09000000,NULL,0.00000000,5221EA86-DE79-4E08-8A37-ED9457CF2FBC
39,13266,Al-Rahba,Al-Rahba,35.72000000,31.35000000,"Mayadin, Rabba",0.00000000,8E329625-5D3F-4FD5-A273-ED9B760CF425
719,16001,Qiryat Shemona-EEA (A),Qiryat Shemona-EEA (A),35.55000000,33.19000000,Ein el-Assad Formation,0.00000000,83987057-41DC-45CD-9A3E-EDBEF186542E
214,14109,Yanbu,Yanbu,38.00000000,24.09000000,Yanbu' al-Bahr,0.00000000,C8F9FF53-71BA-41F6-AA96-EDDC7756C95C
431,14470,Saltuham (U),Saltuham (U),33.65082151,33.05128774,NULL,0.00000000,88944A91-038E-4C61-A400-EE0E59247CC1
863,20094,Jerusalem - Church of the Holy Sepulchre,NULL,29.75160000,33.67970000,NULL,NULL,B23C8FA0-4E92-4EF7-A8EC-EE17890C5A77
553,15074,Ali Muntar,Ali Muntar,34.46000000,31.48000000,NULL,0.00000000,56B2C3AB-CF3C-4705-8DDC-EEBD286D1D2B
672,15230,Nahal ha'Etz,Nahal ha'Etz,34.87000000,30.89000000,NULL,0.00000000,F643821F-A6B3-4A78-A089-EF4DC8A652E2
735,16025,Jatt,Jatt,35.32000000,33.02000000,NULL,0.00000000,473EF033-C9A0-424D-AF14-EF7F33690621
44,13277,Deir Mar-Elias [IL],Deir Mar-Elias [IL],35.20000000,31.71000000,NULL,0.00000000,E3783255-BB01-4698-98C3-EFAFE8BDCFC9
543,15045,Shiqmim (unofficial name,Shiqmim (unofficial name,34.62000000,31.19000000,NULL,0.00000000,2A401D91-1E18-476A-9D82-EFFA24EDBD77
716,15296,Sharm A-Sheich,Sharm A-Sheich,34.33000000,27.87000000,NULL,0.00000000,7CFE44AE-CD32-4077-A241-F08161032658
809,20039,Hab,NULL,29.75160000,33.67970000,NULL,NULL,490FACCE-62BA-45FE-90B1-F09EA94F5746
933,20165,Raban,NULL,29.75160000,33.67970000,NULL,NULL,F4F480A1-7089-4313-BA55-F0D6364A53C2
786,20016,Arbel,NULL,29.75160000,33.67970000,NULL,NULL,D652BEEF-2275-4372-BBF2-F0E8ACE62EA7
994,20226,Tiberias - Galei Kinneret,NULL,29.75160000,33.67970000,NULL,NULL,29218B1D-DCF4-4E08-8FA3-F0EFF3F01463
22,27,Baniyas [SR],Baniyas [SR],35.95000000,35.18000000,Site located in Syria,0.00000000,85D80D6A-77FF-4167-8B28-F0F3B73E69C8
98,13361,Shadjara,Shadjara,35.45000000,32.64000000,NULL,0.00000000,81EE52D4-3377-4984-84D0-F172C4DEAB33
174,13482,Tarba,Tarba,40.82000000,35.30000000,NULL,0.00000000,DBCD2A84-21E2-4CEC-89AC-F1BC7149CFFC
210,14105,Badr,Badr,38.82000000,23.73000000,NULL,0.00000000,5494C7C5-6593-4373-B48C-F226C6CDB852
833,20064,Huqoq,NULL,29.75160000,33.67970000,NULL,NULL,4DBD4A93-DDDE-4B68-BE8E-F26BEDEBC3CF
308,14263,Nahariah,Nahariah,35.09000000,33.00000000,NULL,0.00000000,7686F2BE-7309-42AD-8982-F2D201EF4758
50,13285,Nabatieh,Nabatieh,35.48000000,33.35000000,NULL,0.00000000,99B625A9-2801-40C3-B476-F305AC73EB9B
977,20209,Tell es-Safi,NULL,29.75160000,33.67970000,NULL,NULL,5A6B9463-1749-4707-8FEB-F36C5077C7D3
568,15090,Khirbet Erk,Khirbet Erk,34.57000000,31.37000000,NULL,0.00000000,11BBBADD-C732-4909-9661-F37245DB272A
131,13415,Safed,Safed,35.48000000,32.96000000,Tzfat,0.00000000,AED6DE2D-113A-4E03-A89A-F37BEA9C7CD8
975,20207,Tell el-Far’ah North,NULL,29.75160000,33.67970000,NULL,NULL,7BD7ABCF-22C7-4AB1-92A9-F37D2FB5EDF6
213,14108,Khaybar,Khaybar,39.29000000,25.69000000,NULL,0.00000000,A5714ED0-FE8C-4C96-936B-F3E7A00C2A66
439,14480,Arqa,Arqa,36.03000000,34.51000000,Arches,0.00000000,AA04AB00-4907-49BD-870A-F3ED7F42197F
310,14265,Nes-Ziona,Nes-Ziona,34.79000000,31.92000000,NULL,0.00000000,DF59E903-CD4A-4D16-9E47-F4107E798606
485,14534,Maras,Maras,36.86000000,37.70000000,NULL,0.00000000,93572A26-45D5-4684-A5B7-F41E6D1AEE26
540,15042,Mezudat Har Boqer,Mezudat Har Boqer,34.74000000,30.88000000,NULL,0.00000000,51E3DDB9-A77F-4ED2-9EA4-F4379EFAC7BD
29,13105,Irbid,Irbid,35.84000000,32.56000000,NULL,0.00000000,168EA030-BFA8-4E0F-8377-F4693D90003B
342,14304,Refidie,Refidie,35.23000000,32.22000000,NULL,0.00000000,5CE7F475-9035-4C59-BBA9-F4A5698A6028
395,14423,Half (U),Half (U),33.65082151,33.05128774,NULL,0.00000000,9C191732-9FD5-4A1C-98E6-F4B16084638C
793,20023,Beitin,NULL,29.75160000,33.67970000,NULL,NULL,34F97C77-D27A-43EF-82AB-F58223F7C142
221,14118,Tayma,Tayma,36.75000000,32.84000000,Taima; Tema,0.00000000,B33C895F-3699-4B18-9467-F5838FB12BD7
251,14201,A-Ram,A-Ram,35.23000000,31.85000000,NULL,0.00000000,E5EB7D15-3B8B-4E4F-80EB-F61F0ACE4B84
595,15138,Mezad Yotvata,Mezad Yotvata,35.04000000,29.87000000,Ad Dianam?; Diocletianic Roman fort with four corner towers' inscription,0.00000000,0A22810E-EEB0-4767-A189-F64E393BA674
332,14290,Tzora,Tzora,34.97000000,31.77000000,NULL,0.00000000,45638DEE-E50A-4113-9260-F6AB3B96506F
304,14258,Merhavia,Merhavia,35.30000000,32.59000000,NULL,0.00000000,DE049183-5025-496B-AB6E-F6BB4C3960FD
307,14262,Nahalal,Nahalal,35.18000000,32.68000000,NULL,0.00000000,5FB28F5D-4D19-43D9-9755-F72A1E54A2C1
998,20230,Tiberias - Mount Berineke,NULL,29.75160000,33.67970000,NULL,NULL,77B42069-A348-45DE-AB79-F73311654B8F
741,16031,Ghazir,Ghazir,35.66375931,34.01868246,NULL,0.00000000,7E3D9B68-BA32-45C2-A811-F76C415F5649
218,14113,Tennis,Tennis,32.30000000,31.17000000,Tinnis,0.00000000,11C3DBAB-A9F6-41CA-A9BA-F7B03B5F9995
708,15286,Shughr-Bekas,Shughr-Bekas,36.28000000,35.85000000,NULL,0.00000000,A2B80278-C107-4E51-99AB-F7B0920D24D0
89,13332,Tarshiha,Tarshiha,35.26000000,33.01000000,NULL,0.00000000,B29F6E45-D030-4C53-B03C-F85ECB96B1A1
486,14535,Nizip (U),Nizip (U),33.65082151,33.05128774,NULL,0.00000000,793155EC-91C2-4A6A-9860-F8D6CB6DABD0
658,15210,Kh. Kuser?,Kh. Kuser?,35.06000000,31.25000000,NULL,0.00000000,7A8D807E-41B8-4876-B364-F95F135B2474
689,15263,Maliatha,Maliatha,34.93000000,30.60000000,NULL,0.00000000,9234DE9C-81C7-4F04-A86C-F9DE7BDE4912
242,14175,Tel Sukas,Tel Sukas,35.93000000,35.30000000,NULL,0.00000000,AF9EB27E-D03C-4DE0-B516-FA84D5DFDFAD
187,13503,Mesopotamia (A),Mesopotamia (A),41.36000000,34.60000000,Jazzira,0.00000000,CEDF63D3-DE3B-4C19-A845-FB023C633391
254,14204,Bet-Alfa,Bet-Alfa,35.42000000,32.51000000,NULL,0.00000000,8C1D2B18-113C-426C-853D-FBB7B15CEF9E
264,14214,Gimzoo,Gimzoo,34.94000000,31.92000000,NULL,0.00000000,368BDB28-292F-4163-9D24-FCCF97F52B80
681,15239,Nahal Avdat,Nahal Avdat,34.69000000,30.73000000,NULL,0.00000000,692260AC-F077-45AB-82D2-FD401DBAC442
575,15103,Bir Madhkur,Bir Madhkur,35.34000000,30.39000000,NULL,0.00000000,216DDAFA-B7AE-4606-9104-FD89922D4FAF
867,20098,Jerusalem - Jason's Tomb,NULL,29.75160000,33.67970000,NULL,NULL,FA93A066-5842-4745-AC44-FDB5A26F4A26
852,20083,Jerash - Temple of Zeus,NULL,29.75160000,33.67970000,NULL,NULL,0FBCF59A-1C63-4DA4-96DE-FE9C3ED72F0B
140,13429,Akura,Akura,35.74000000,33.94000000,NULL,0.00000000,1A56B2BE-C181-40E3-AC0B-FEE8BC6EE163
922,20154,Petra - Near the Temple of the Winged Lions,NULL,29.75160000,33.67970000,NULL,NULL,57214ED6-B99F-40DF-AD33-FEF9D15467A0
458,14503,Sahra (U),Sahra (U),33.65082151,33.05128774,NULL,0.00000000,68230EA9-2E67-42F8-89CF-FF33B5B21DE3
745,16036,Tel Ateret,Vadum Jaa'kub,35.62773538,33.00463080,NULL,0.00000000,D6CF1DC5-D0FB-4D3A-B54B-FF5E03B0AA56
268,14218,Jeser Magmi,Jeser Magmi,35.56000000,32.62000000,NULL,0.00000000,2B26B2C0-5F6E-4188-A284-FF6CDB1A2B66
252,14202,Be'er Sheva,Be'er Sheva,34.78000000,31.24000000,NULL,0.00000000,E7C38BC6-33F2-4076-8EC7-FFC3EE4289AF
635,15184,H. Karkur,H. Karkur,34.75000000,31.31000000,NULL,0.00000000,CDA09DBD-23B9-4F6C-81D6-FFCD04DFE7AD
