Id,Sites_GlobalID,SITE_NAME,Event_Id,Full_Date,Event_Type,Event_Mag,Rel,POINT_X,POINT_Y,Damage,Damage_Val,Causalties_Val,EMS98_Value,EMS98_Num,MSK_Value,MSK_Num,Other_Intensity,Total_Bld,Damaged_Bld,Total_Pop,Casualties,Injuries,Description,Order_Date,Region
1,330AFB67-D91A-484C-8DEC-1CDA327D8E33,Abu-Gosh,210,1927 Jul 11 (15:04),S,6.25000000,Vr,35.10000000,31.79000000,2,Light,No casualties,6,6.00000000,6-7,6.50000000,NULL,NULL,NULL,NULL,NULL,NULL,"(1) MSK values follow (Avni 1999) while correction of the MSK values was done by Zohar and Marco (2012) [ZOMA] in accordance to the site-attributes of construction quality, topographic slope, surface geology and ground water level.

(2) Crusader Church- undamaged except for small and unimportent crack in one pillar",490,C
2,A6C54F6F-89C3-461C-8313-243160C35CA9,Abu-Dis,210,1927 Jul 11 (15:04),S,6.25000000,Vr,35.26000000,31.76000000,4,Heavy,"Few casualties

",8,8.00000000,7-8,7.50000000,NULL,NULL,NULL,NULL,NULL,NULL,"(1) MSK values follow (Avni 1999) while correction of the MSK values was done by Zohar and Marco (2012) [ZOMA] in accordance to the site-attributes of construction quality, topographic slope, surface geology and ground water level.",490,C
3,DFB96483-FF1B-420F-87E7-19E8073CEEE6,Jordan River (A),210,1927 Jul 11 (15:04),S,6.25000000,Vr,35.53000000,31.82000000,4,Heavy,Unknown,Unknown,-1.00000000,8-9,8.50000000,NULL,NULL,NULL,NULL,NULL,NULL,"(1) MSK values follow (Avni 1999) while correction of the MSK values was done by Zohar and Marco (2012) [ZOMA] in accordance to the site-attributes of construction quality, topographic slope, surface geology and ground water level.",490,C
4,01B52B91-CBED-483C-8B7D-48D6E1291FDE,Yarmuch Fall,210,1927 Jul 11 (15:04),S,6.25000000,Vr,35.66000000,32.68000000,4,Heavy,Unknown,Unknown,-1.00000000,7,7.00000000,NULL,NULL,NULL,NULL,NULL,NULL,"(1) MSK values follow (Avni 1999) while correction of the MSK values was done by Zohar and Marco (2012) [ZOMA] in accordance to the site-attributes of construction quality, topographic slope, surface geology and ground water level.",490,C
5,22ECD9ED-EB41-4957-A438-E90C1F3A2211,Jaffa,210,1927 Jul 11 (15:04),S,6.25000000,Vr,34.75000000,32.05000000,2,Light,No casualties,5,5.00000000,5-6,5.50000000,NULL,NULL,NULL,NULL,NULL,NULL,"(1) MSK values follow (Avni 1999) while correction of the MSK values was done by Zohar and Marco (2012) [ZOMA] in accordance to the site-attributes of construction quality, topographic slope, surface geology and ground water level.

(2) In Jaffa, too, they felt the earthquake, in dilapidated buildings seeing noticeable damage. But not in Tel Aviv.",490,C
6,EDE1A850-E561-4E8E-B451-DE3DADC58195,Nazareth,210,1927 Jul 11 (15:04),S,6.25000000,Vr,35.29000000,32.70000000,3,Moderate,No casualties,7-8,7.50000000,7,7.00000000,NULL,NULL,NULL,NULL,NULL,NULL,"(1) MSK values follow (Avni 1999) while correction of the MSK values was done by Zohar and Marco (2012) [ZOMA] in accordance to the site-attributes of construction quality, topographic slope, surface geology and ground water level.

(2) Some houses were demolished and some houses cracked. Part of the house of bans and most of the Christian gathering houses was destroyed.",490,C
7,26CB6377-1804-458F-A817-0D76EB6B03AB,Abu-Tlul,210,1927 Jul 11 (15:04),S,6.25000000,Vr,34.87000000,31.19000000,0,None,No casualties,5,5.00000000,5,5.00000000,NULL,NULL,NULL,NULL,NULL,NULL,"(1) MSK values follow (Avni 1999) while correction of the MSK values was done by Zohar and Marco (2012) [ZOMA] in accordance to the site-attributes of construction quality, topographic slope, surface geology and ground water level.",490,C
8,7621C83C-AB41-4ED9-9C02-C2C9728719FC,Umm al-Fahm,210,1927 Jul 11 (15:04),S,6.25000000,Vr,35.14000000,32.51000000,1,Felt,No casualties,5,5.00000000,5-6,5.50000000,NULL,NULL,NULL,NULL,NULL,NULL,"(1) MSK values follow (Avni 1999) while correction of the MSK values was done by Zohar and Marco (2012) [ZOMA] in accordance to the site-attributes of construction quality, topographic slope, surface geology and ground water level.",490,C
9,92B2E74E-FF69-460A-82F7-7FB1A4EB8A51,Um-Juni,210,1927 Jul 11 (15:04),S,6.25000000,Vr,35.56000000,32.70000000,1,Felt,No casualties,6,6.00000000,7,7.00000000,NULL,NULL,NULL,NULL,NULL,NULL,"(1) MSK values follow (Avni 1999) while correction of the MSK values was done by Zohar and Marco (2012) [ZOMA] in accordance to the site-attributes of construction quality, topographic slope, surface geology and ground water level.",490,C
10,BC20E94B-A34D-4F1F-AF24-6A1EFCD65DC5,El-Hama,210,1927 Jul 11 (15:04),S,6.25000000,Vr,35.65000000,32.68000000,2,Light,No casualties,7,7.00000000,7,7.00000000,NULL,NULL,NULL,NULL,NULL,NULL,"(1) MSK values follow (Avni 1999) while correction of the MSK values was done by Zohar and Marco (2012) [ZOMA] in accordance to the site-attributes of construction quality, topographic slope, surface geology and ground water level.",490,C
11,20CD3C8E-5ED6-46A5-9B9E-A136E257D0FF,El-Arish,210,1927 Jul 11 (15:04),S,6.25000000,Vr,33.76000000,31.12000000,2,Light,No casualties,5-6,5.50000000,4-5,4.50000000,NULL,NULL,NULL,NULL,NULL,NULL,"(1) MSK values follow (Avni 1999) while correction of the MSK values was done by Zohar and Marco (2012) [ZOMA] in accordance to the site-attributes of construction quality, topographic slope, surface geology and ground water level.

(2) In El Arish, a third of the houses were cracked",490,C
12,5C9FEE42-4817-4C3B-A724-740330C36572,Alexandria,210,1927 Jul 11 (15:04),S,6.25000000,Vr,29.89000000,31.20000000,1,Felt,No casualties,3-4,3.50000000,3,3.00000000,NULL,NULL,NULL,NULL,NULL,NULL,"(1) MSK values follow (Avni 1999) while correction of the MSK values was done by Zohar and Marco (2012) [ZOMA] in accordance to the site-attributes of construction quality, topographic slope, surface geology and ground water level.

(2) A slight earthquake shock was felt at about 3.5 p.m. yesterday in Alexandria also, lasting for about one minuet.",490,C
13,9A6A9880-4FAD-471D-91C9-27E9D4205D05,A-Salt,210,1927 Jul 11 (15:04),S,6.25000000,Vr,35.72000000,32.03000000,4,Heavy,Many casualties,8-9,8.50000000,8-9,8.50000000,NULL,NULL,600,NULL,70,NULL,"(1) MSK values follow (Avni 1999) while correction of the MSK values was done by Zohar and Marco (2012) [ZOMA] in accordance to the site-attributes of construction quality, topographic slope, surface geology and ground water level.

(2) The collapse of new and powerful buildings, in 600 of the houses you can not live anymore. 70 dead
The Greek Church became uninhabited.",490,C
14,168EA030-BFA8-4E0F-8377-F4693D90003B,Irbid,210,1927 Jul 11 (15:04),S,6.25000000,Vr,35.84000000,32.56000000,4,Heavy,"Few casualties

",8,8.00000000,7-8,7.50000000,NULL,NULL,1208,NULL,15,20,"(1) MSK values follow (Avni 1999) while correction of the MSK values was done by Zohar and Marco (2012) [ZOMA] in accordance to the site-attributes of construction quality, topographic slope, surface geology and ground water level.

(2) In Irbid, 351 houses were demolished, 466 were about to fall, 391 remained without roof.",490,C
15,E5EB7D15-3B8B-4E4F-80EB-F61F0ACE4B84,A-Ram,210,1927 Jul 11 (15:04),S,6.25000000,Vr,35.23000000,31.85000000,4,Heavy,No casualties,8,8.00000000,7,7.00000000,NULL,200,200,NULL,NULL,NULL,"(1) MSK values follow (Avni 1999) while correction of the MSK values was done by Zohar and Marco (2012) [ZOMA] in accordance to the site-attributes of construction quality, topographic slope, surface geology and ground water level.
(2) Of the 200 houses in this village, only one remains that the earthquake did not damage. Many houses were completely demolished and others cracked down.",490,C
16,E7C38BC6-33F2-4076-8EC7-FFC3EE4289AF,Be'er Sheva,210,1927 Jul 11 (15:04),S,6.25000000,Vr,34.78000000,31.24000000,1,Felt,No casualties,4-5,4.50000000,5,5.00000000,NULL,NULL,NULL,NULL,NULL,NULL,"(1) MSK values follow (Avni 1999) while correction of the MSK values was done by Zohar and Marco (2012) [ZOMA] in accordance to the site-attributes of construction quality, topographic slope, surface geology and ground water level.
(2) From Said, the Sheikh of Azzaem and the mayor of Beersheba, the earthquake is felt but without damage",490,C
17,03210BB1-C5D6-4E8E-982D-919212E7C3DC,Bira,210,1927 Jul 11 (15:04),S,6.25000000,Vr,35.22000000,31.90000000,2,Light,No casualties,6,6.00000000,7-8,7.50000000,NULL,NULL,NULL,NULL,NULL,NULL,"(1) MSK values follow (Avni 1999) while correction of the MSK values was done by Zohar and Marco (2012) [ZOMA] in accordance to the site-attributes of construction quality, topographic slope, surface geology and ground water level.
(2) repairs of crack & plaster",490,C
18,8C1D2B18-113C-426C-853D-FBB7B15CEF9E,Bet-Alfa,210,1927 Jul 11 (15:04),S,6.25000000,Vr,35.42000000,32.51000000,1,Felt,No casualties,5,5.00000000,6,6.00000000,NULL,NULL,NULL,NULL,NULL,NULL,"(1) MSK values follow (Avni 1999) while correction of the MSK values was done by Zohar and Marco (2012) [ZOMA] in accordance to the site-attributes of construction quality, topographic slope, surface geology and ground water level.
(2) A shack in Bethalpa felt it was about to roll over. Everything flipped and tools fell off the table.",490,C
19,B3A0563E-B045-4B9B-B84D-896A9D05FA66,Bet-Jala,210,1927 Jul 11 (15:04),S,6.25000000,Vr,35.17000000,31.71000000,3,Moderate,No casualties,7-8,7.50000000,7-8,7.50000000,NULL,NULL,190,NULL,NULL,NULL,"(1) MSK values follow (Avni 1999) while correction of the MSK values was done by Zohar and Marco (2012) [ZOMA] in accordance to the site-attributes of construction quality, topographic slope, surface geology and ground water level.
(2) In Beit Jala, 30 houses were completely demolished or partially demolished, 160 needed minor repairs.",490,C
20,489019A7-9768-4F28-939D-09844D9D0B7D,Bet-Govrin,210,1927 Jul 11 (15:04),S,6.25000000,Vr,34.90000000,31.60000000,2,Light,No casualties,6,6.00000000,6,6.00000000,NULL,NULL,NULL,NULL,NULL,NULL,"(1) MSK values follow (Avni 1999) while correction of the MSK values was done by Zohar and Marco (2012) [ZOMA] in accordance to the site-attributes of construction quality, topographic slope, surface geology and ground water level.
(2) Police post, repair of arch, grouting and pointings",490,C
21,1CCA8D00-BE6A-4526-BC05-C4549E9C2720,Bet-Gimal,210,1927 Jul 11 (15:04),S,6.25000000,Vr,34.96000000,31.71000000,3,Moderate,No casualties,7,7.00000000,6-7,6.50000000,NULL,NULL,NULL,NULL,NULL,NULL,"(1) MSK values follow (Avni 1999) while correction of the MSK values was done by Zohar and Marco (2012) [ZOMA] in accordance to the site-attributes of construction quality, topographic slope, surface geology and ground water level.
(2) The whole house is cracked, and there are cracks that reach a gap of 30 cm",490,C
22,95FA6122-4B9C-43E3-8D42-A849242350A6,Bet-HaKerem,210,1927 Jul 11 (15:04),S,6.25000000,Vr,35.19000000,31.78000000,1,Felt,No casualties,5-6,5.50000000,7,7.00000000,NULL,NULL,NULL,NULL,NULL,NULL,"(1) MSK values follow (Avni 1999) while correction of the MSK values was done by Zohar and Marco (2012) [ZOMA] in accordance to the site-attributes of construction quality, topographic slope, surface geology and ground water level.",490,C
23,F5560F90-D551-4E58-B185-EC1E9AFADF5C,Bet-Lehem,210,1927 Jul 11 (15:04),S,6.25000000,Vr,35.19000000,31.69000000,4,Heavy,"Few casualties

",7,7.00000000,7-8,7.50000000,NULL,NULL,330,NULL,5,3,"(1) MSK values follow (Avni 1999) while correction of the MSK values was done by Zohar and Marco (2012) [ZOMA] in accordance to the site-attributes of construction quality, topographic slope, surface geology and ground water level.
(2) In the Basilica in Bethlehem there is a crack opposite the Armenian door and many in the walls of the Armenian convent.",490,C
24,5B9EB218-23F7-4AD6-90A2-5C2A5D5F97FA,Bet-Likia,210,1927 Jul 11 (15:04),S,6.25000000,Vr,35.06000000,31.86000000,4,Heavy,Many casualties,8,8.00000000,6-7,6.50000000,NULL,NULL,50,NULL,1,45,"(1) MSK values follow (Avni 1999) while correction of the MSK values was done by Zohar and Marco (2012) [ZOMA] in accordance to the site-attributes of construction quality, topographic slope, surface geology and ground water level.
(2) 50 homes were destroyed or severely damaged. One killed and 45 seriously injured",490,C
25,908ADBB8-45E6-4574-AF87-D0765398DBF3,Bet-She'an,210,1927 Jul 11 (15:04),S,6.25000000,Vr,35.48000000,32.50000000,3,Moderate,No casualties,7,7.00000000,6,6.00000000,NULL,NULL,2,NULL,NULL,NULL,"(1) MSK values follow (Avni 1999) while correction of the MSK values was done by Zohar and Marco (2012) [ZOMA] in accordance to the site-attributes of construction quality, topographic slope, surface geology and ground water level.
(2) 2 houses destroyed; Rilway station destroyed",490,C
26,E02EFDAF-36BB-4686-8105-416A5D9854A4,Bet-Sorik,210,1927 Jul 11 (15:04),S,6.25000000,Vr,35.14000000,31.81000000,2,Light,"Few casualties

",6,6.00000000,7,7.00000000,NULL,NULL,1,NULL,NULL,2,"(1) MSK values follow (Avni 1999) while correction of the MSK values was done by Zohar and Marco (2012) [ZOMA] in accordance to the site-attributes of construction quality, topographic slope, surface geology and ground water level.
(2) One house was damaged",490,C
27,FF979EC0-1785-4081-8B33-A056B3F5AFEF,Binyamina,210,1927 Jul 11 (15:04),S,6.25000000,Vr,34.94000000,32.51000000,1,Felt,No casualties,5,5.00000000,5-6,5.50000000,NULL,NULL,NULL,NULL,NULL,NULL,"(1) MSK values follow (Avni 1999) while correction of the MSK values was done by Zohar and Marco (2012) [ZOMA] in accordance to the site-attributes of construction quality, topographic slope, surface geology and ground water level.
(2) Dr. Shalem stood in the barn and felt as if the roof was moving, but there were no cracks.",490,C
28,04E04832-D20B-45E0-9F76-D45E70D8EEAF,Batir,210,1927 Jul 11 (15:04),S,6.25000000,Vr,35.13000000,31.72000000,2,Light,No casualties,6-7,6.50000000,7,7.00000000,NULL,NULL,NULL,NULL,NULL,NULL,"(1) MSK values follow (Avni 1999) while correction of the MSK values was done by Zohar and Marco (2012) [ZOMA] in accordance to the site-attributes of construction quality, topographic slope, surface geology and ground water level.
(2) At Bittir, the station building was slighttly damaged by cracking",490,C
29,03C34241-7F74-4C86-A24D-16B6386F34EF,Gedera,210,1927 Jul 11 (15:04),S,6.25000000,Vr,34.76000000,31.80000000,2,Light,No casualties,6,6.00000000,6,6.00000000,NULL,NULL,NULL,NULL,NULL,NULL,"(1) MSK values follow (Avni 1999) while correction of the MSK values was done by Zohar and Marco (2012) [ZOMA] in accordance to the site-attributes of construction quality, topographic slope, surface geology and ground water level.
(2) Cracks and bursts formed in the walls of houses. Especially in old buildings",490,C
30,368BDB28-292F-4163-9D24-FCCF97F52B80,Gimzoo,210,1927 Jul 11 (15:04),S,6.25000000,Vr,34.94000000,31.92000000,4,Heavy,No casualties,7,7.00000000,7-8,7.50000000,NULL,NULL,NULL,NULL,1,12,"(1) MSK values follow (Avni 1999) while correction of the MSK values was done by Zohar and Marco (2012) [ZOMA] in accordance to the site-attributes of construction quality, topographic slope, surface geology and ground water level.",490,C
31,4538FD33-4E56-4806-8737-00337BF3BF61,Jiftlik,210,1927 Jul 11 (15:04),S,6.25000000,Vr,35.47000000,32.14000000,2,Light,No casualties,6-7,6.50000000,7,7.00000000,NULL,NULL,NULL,NULL,NULL,NULL,"(1) MSK values follow (Avni 1999) while correction of the MSK values was done by Zohar and Marco (2012) [ZOMA] in accordance to the site-attributes of construction quality, topographic slope, surface geology and ground water level.
(2) The upper floor consisting of two large barrack room and landing to stairs, together with other parts of the building were severly damaged…",490,C
32,F6FD8AB4-0E5A-4311-81AB-C59E4D150989,Jaljulia,210,1927 Jul 11 (15:04),S,6.25000000,Vr,34.94000000,32.15000000,2,Light,No casualties,6,6.00000000,6,6.00000000,NULL,NULL,NULL,NULL,NULL,NULL,"(1) MSK values follow (Avni 1999) while correction of the MSK values was done by Zohar and Marco (2012) [ZOMA] in accordance to the site-attributes of construction quality, topographic slope, surface geology and ground water level.",490,C
33,F7ABBE32-F745-485E-BC9B-9DA3F25D2634,Jenin,210,1927 Jul 11 (15:04),S,6.25000000,Vr,35.29000000,32.45000000,2,Light,No casualties,6,6.00000000,6,6.00000000,NULL,NULL,NULL,NULL,NULL,NULL,"(1) MSK values follow (Avni 1999) while correction of the MSK values was done by Zohar and Marco (2012) [ZOMA] in accordance to the site-attributes of construction quality, topographic slope, surface geology and ground water level.
(2) Slight cracks revealed themselves in the station building",490,C
34,2B26B2C0-5F6E-4188-A284-FF6CDB1A2B66,Jeser Magmi,210,1927 Jul 11 (15:04),S,6.25000000,Vr,35.56000000,32.62000000,4,Heavy,No casualties,8,8.00000000,7,7.00000000,NULL,NULL,NULL,NULL,NULL,NULL,"(1) MSK values follow (Avni 1999) while correction of the MSK values was done by Zohar and Marco (2012) [ZOMA] in accordance to the site-attributes of construction quality, topographic slope, surface geology and ground water level.
(2) The train station was destroyed. A solid railway bridge was destroyed.
Several shops and homes were destroyed.",490,C
35,A3D8BD36-C027-40E1-A800-671F9FC18FEC,Jeresh,210,1927 Jul 11 (15:04),S,6.25000000,Vr,35.85000000,32.28000000,3,Moderate,No casualties,7-8,7.50000000,7,7.00000000,NULL,NULL,35,NULL,NULL,NULL,"(1) MSK values follow (Avni 1999) while correction of the MSK values was done by Zohar and Marco (2012) [ZOMA] in accordance to the site-attributes of construction quality, topographic slope, surface geology and ground water level.
(2) In Gerish, 5 houses were demolished, 30 about to fall.",490,C
36,E82825C7-8E94-4CE2-A963-93B3233D4FA5,Gesher,210,1927 Jul 11 (15:04),S,6.25000000,Vr,35.55000000,32.61000000,2,Light,No casualties,6,6.00000000,7,7.00000000,NULL,NULL,1,NULL,NULL,NULL,"(1) MSK values follow (Avni 1999) while correction of the MSK values was done by Zohar and Marco (2012) [ZOMA] in accordance to the site-attributes of construction quality, topographic slope, surface geology and ground water level.",490,C
37,412109AF-689D-414F-851A-672C4AE10418,Allenby Bridge,210,1927 Jul 11 (15:04),S,6.25000000,Vr,35.53000000,31.87000000,4,Heavy,No casualties,8-9,8.50000000,8,8.00000000,NULL,NULL,NULL,NULL,NULL,NULL,"(1) MSK values follow (Avni 1999) while correction of the MSK values was done by Zohar and Marco (2012) [ZOMA] in accordance to the site-attributes of construction quality, topographic slope, surface geology and ground water level.
(2) The Allenby Bridge was destroyed on both sides. The police station cracked The bridge cracked hard on the side of the Jordan. The buildings cracked hard. From the two buildings next to the Allenby Bridge one were completely destroyed and the other heavily damaged",490,C
38,40720880-8795-48DB-8AE9-0C574ACCDEE0,Bnot-Ya'akov Bridge,210,1927 Jul 11 (15:04),S,6.25000000,Vr,35.62826799,33.01043039,2,Light,No casualties,6-7,6.50000000,6-7,6.50000000,NULL,NULL,NULL,NULL,NULL,NULL,"(1) MSK values follow (Avni 1999) while correction of the MSK values was done by Zohar and Marco (2012) [ZOMA] in accordance to the site-attributes of construction quality, topographic slope, surface geology and ground water level.
(2) Police post - Cracks-building safe & settlement of n. wall",490,C
39,7F3CA75D-7FCB-4CCC-9099-1B075F8746F6,Daharia,210,1927 Jul 11 (15:04),S,6.25000000,Vr,34.97000000,31.41000000,2,Light,No casualties,6-7,6.50000000,6,6.00000000,NULL,NULL,NULL,NULL,NULL,NULL,"(1) MSK values follow (Avni 1999) while correction of the MSK values was done by Zohar and Marco (2012) [ZOMA] in accordance to the site-attributes of construction quality, topographic slope, surface geology and ground water level.
(2) Police post - Grouting Walls",490,C
40,130ED611-E3D2-41B3-A453-6DDA558207F8,Deir a-Shech,210,1927 Jul 11 (15:04),S,6.25000000,Vr,35.07000000,31.74000000,2,Light,No casualties,5-6,5.50000000,6-7,6.50000000,NULL,NULL,NULL,NULL,NULL,NULL,"(1) MSK values follow (Avni 1999) while correction of the MSK values was done by Zohar and Marco (2012) [ZOMA] in accordance to the site-attributes of construction quality, topographic slope, surface geology and ground water level.",490,C
41,11A1487E-27D7-4A7E-B810-B9BDB80B99B0,Damascus,210,1927 Jul 11 (15:04),S,6.25000000,Vr,36.29000000,33.51000000,1,Felt,No casualties,4,4.00000000,4-5,4.50000000,NULL,NULL,NULL,NULL,NULL,NULL,"(1) MSK values follow (Avni 1999) while correction of the MSK values was done by Zohar and Marco (2012) [ZOMA] in accordance to the site-attributes of construction quality, topographic slope, surface geology and ground water level.
(2) No serious damage has been reported in Damascus. Some China glassware and windows being broken…",490,C
42,54D2D679-7DDB-4FD5-86BD-25062FE8EDCE,Dara'a,210,1927 Jul 11 (15:04),S,6.25000000,Vr,35.97000000,32.59000000,3,Moderate,"Few casualties

",7-8,7.50000000,6,6.00000000,NULL,NULL,14,NULL,4,6,"(1) MSK values follow (Avni 1999) while correction of the MSK values was done by Zohar and Marco (2012) [ZOMA] in accordance to the site-attributes of construction quality, topographic slope, surface geology and ground water level.
(2) The recent earthquake destroyed the post office.",490,C
43,E2AF6807-EFF8-4DD0-8B54-15C627573228,Olives Mt.,210,1927 Jul 11 (15:04),S,6.25000000,Vr,35.24405353,31.77460928,4,Heavy,"Few casualties

",7-8,7.50000000,7-8,7.50000000,NULL,NULL,400,NULL,Few,NULL,"(1) MSK values follow (Avni 1999) while correction of the MSK values was done by Zohar and Marco (2012) [ZOMA] in accordance to the site-attributes of construction quality, topographic slope, surface geology and ground water level.",490,C
44,8799C468-2C55-42AC-B835-DBA30B7BD883,Toov Mt.,210,1927 Jul 11 (15:04),S,6.25000000,Vr,35.00000000,31.76000000,1,Felt,Unknown,6,6.00000000,6-7,6.50000000,NULL,NULL,NULL,NULL,NULL,NULL,"(1) MSK values follow (Avni 1999) while correction of the MSK values was done by Zohar and Marco (2012) [ZOMA] in accordance to the site-attributes of construction quality, topographic slope, surface geology and ground water level.",490,C
45,5A4A3145-3D99-4B45-A57E-67F52635E617,Carmel Mt.,210,1927 Jul 11 (15:04),S,6.25000000,Vr,35.03000000,32.75000000,1,Felt,Unknown,5-6,5.50000000,6,6.00000000,NULL,NULL,NULL,NULL,NULL,NULL,"(1) MSK values follow (Avni 1999) while correction of the MSK values was done by Zohar and Marco (2012) [ZOMA] in accordance to the site-attributes of construction quality, topographic slope, surface geology and ground water level.",490,C
46,0747EEC7-5983-445F-944D-BF6459E5222F,Scopus Mt. (Hebrew University),210,1927 Jul 11 (15:04),S,6.25000000,Vr,35.24494272,31.79216741,3,Moderate,No casualties,7,7.00000000,7-8,7.50000000,NULL,NULL,NULL,NULL,NULL,NULL,"(1) MSK values follow (Avni 1999) while correction of the MSK values was done by Zohar and Marco (2012) [ZOMA] in accordance to the site-attributes of construction quality, topographic slope, surface geology and ground water level.
(2) In the university there is great destruction and landslides, especially in the old building. Fallen, cracked and about to fall walls and ceilings (Selzer and Zohar 2019)",490,C
47,30966C58-B5E4-475E-8356-4DB994ACDCE2,Herzelia,210,1927 Jul 11 (15:04),S,6.25000000,Vr,34.79000000,32.15000000,1,Felt,No casualties,5,5.00000000,5,5.00000000,NULL,NULL,NULL,NULL,NULL,NULL,"(1) MSK values follow (Avni 1999) while correction of the MSK values was done by Zohar and Marco (2012) [ZOMA] in accordance to the site-attributes of construction quality, topographic slope, surface geology and ground water level.
(2) In Herzliya the houses were shaken, but no damage happened.",490,C
48,2A6DDEFB-49BA-4796-94EF-D94AC2C03F59,Wadi al-Shueib,210,1927 Jul 11 (15:04),S,6.25000000,Vr,35.61000000,31.90000000,0,None,Unknown,6-7,6.50000000,8,8.00000000,NULL,NULL,NULL,NULL,NULL,NULL,"(1) MSK values follow (Avni 1999) while correction of the MSK values was done by Zohar and Marco (2012) [ZOMA] in accordance to the site-attributes of construction quality, topographic slope, surface geology and ground water level.",490,C
49,500F145D-D1EC-458A-9BA3-4AB7731BA22F,Zarka,210,1927 Jul 11 (15:04),S,6.25000000,Vr,36.08000000,32.06000000,3,Moderate,No casualties,7,7.00000000,7,7.00000000,NULL,NULL,NULL,NULL,NULL,NULL,"(1) MSK values follow (Avni 1999) while correction of the MSK values was done by Zohar and Marco (2012) [ZOMA] in accordance to the site-attributes of construction quality, topographic slope, surface geology and ground water level.",490,C
50,ECDEFF83-8F25-4EA2-97A9-7770746D82AE,Zichron Yaa'kov,210,1927 Jul 11 (15:04),S,6.25000000,Vr,34.94000000,32.56000000,2,Light,No casualties,5-6,5.50000000,5-6,5.50000000,NULL,NULL,NULL,NULL,NULL,NULL,"(1) MSK values follow (Avni 1999) while correction of the MSK values was done by Zohar and Marco (2012) [ZOMA] in accordance to the site-attributes of construction quality, topographic slope, surface geology and ground water level.
(2) The quake lasted for about 20 seconds ... the quake wave moved from south to north. In many homes, windows were smashed and several tools were broken. The walls were also cracked",490,C
51,CD1520E0-DFC0-4FD7-A09E-42B76C52E5AC,Zarka Maein,210,1927 Jul 11 (15:04),S,6.25000000,Vr,35.72000000,31.68000000,0,None,Unknown,Unknown,-1.00000000,7-8,7.50000000,NULL,NULL,NULL,NULL,NULL,NULL,"(1) MSK values follow (Avni 1999) while correction of the MSK values was done by Zohar and Marco (2012) [ZOMA] in accordance to the site-attributes of construction quality, topographic slope, surface geology and ground water level.",490,C
52,C916E2D5-89EF-459F-BF93-707B85675979,Hebron,210,1927 Jul 11 (15:04),S,6.25000000,Vr,35.09000000,31.51000000,4,Heavy,"Few casualties

",8,8.00000000,7,7.00000000,NULL,NULL,90%,NULL,4,NULL,"(1) MSK values follow (Avni 1999) while correction of the MSK values was done by Zohar and Marco (2012) [ZOMA] in accordance to the site-attributes of construction quality, topographic slope, surface geology and ground water level.
(2) Among the houses damaged by the earthquake were also the synagogues, the bathhouse and the women's bathhouse completely destroyed.",490,C
53,4DB98FB7-2AD2-4043-A737-B9E71D391CAD,Haifa,210,1927 Jul 11 (15:04),S,6.25000000,Vr,35.00000000,32.82000000,2,Light,No casualties,6-7,6.50000000,6,6.00000000,NULL,NULL,NULL,NULL,NULL,1,"(1) MSK values follow (Avni 1999) while correction of the MSK values was done by Zohar and Marco (2012) [ZOMA] in accordance to the site-attributes of construction quality, topographic slope, surface geology and ground water level.
(2) 2 strong shocks were felt. The Banko di Roma, and other buildings, were cracked.",490,C
54,D8E02F13-BB7C-4EF2-8427-79CFC7B613BB,Tabgha,210,1927 Jul 11 (15:04),S,6.25000000,Vr,35.53000000,32.87000000,0,None,No casualties,6-7,6.50000000,6-7,6.50000000,NULL,NULL,NULL,NULL,NULL,NULL,"(1) MSK values follow (Avni 1999) while correction of the MSK values was done by Zohar and Marco (2012) [ZOMA] in accordance to the site-attributes of construction quality, topographic slope, surface geology and ground water level.",490,C
55,298E6A51-CC52-4806-9266-8CE38BA95E52,Tiberias,210,1927 Jul 11 (15:04),S,6.25000000,Vr,35.54223594,32.78604531,3,Moderate,No casualties,7,7.00000000,6-7,6.50000000,NULL,NULL,150,NULL,NULL,2,"(1) MSK values follow (Avni 1999) while correction of the MSK values was done by Zohar and Marco (2012) [ZOMA] in accordance to the site-attributes of construction quality, topographic slope, surface geology and ground water level.
(2) Few injuries
There were strong shocks in Tiberias. In the Old City the synagogue and several houses were demolished ... There are damaged houses in the city.",490,C
56,F32A5B5F-9E54-463E-9733-ECF2AD6BD856,Tool Karem,210,1927 Jul 11 (15:04),S,6.25000000,Vr,35.01000000,32.30000000,3,Moderate,No casualties,6-7,6.50000000,6,6.00000000,NULL,NULL,NULL,NULL,NULL,NULL,"(1) MSK values follow (Avni 1999) while correction of the MSK values was done by Zohar and Marco (2012) [ZOMA] in accordance to the site-attributes of construction quality, topographic slope, surface geology and ground water level.
(2) Parts of the walls of the upper floor of the station buildings were shattered and cracks appeared in the walls of thestation master's building and other quarters",490,C
57,49BB87DA-4434-4095-A045-BA0ACC73E692,Tafilah,210,1927 Jul 11 (15:04),S,6.25000000,Vr,35.60000000,30.84000000,1,Felt,No casualties,5,5.00000000,5,5.00000000,NULL,NULL,NULL,NULL,NULL,NULL,"(1) MSK values follow (Avni 1999) while correction of the MSK values was done by Zohar and Marco (2012) [ZOMA] in accordance to the site-attributes of construction quality, topographic slope, surface geology and ground water level.",490,C
58,7F78C881-7892-459C-AA7D-56E14CD718DA,Yalo,210,1927 Jul 11 (15:04),S,6.25000000,Vr,35.02000000,31.83000000,3,Moderate,"Few casualties

",6-7,6.50000000,7,7.00000000,NULL,NULL,NULL,NULL,NULL,NULL,"(1) MSK values follow (Avni 1999) while correction of the MSK values was done by Zohar and Marco (2012) [ZOMA] in accordance to the site-attributes of construction quality, topographic slope, surface geology and ground water level.",490,C
59,B7621C1D-1085-4C61-A230-5F35737E8E5D,Yavne,210,1927 Jul 11 (15:04),S,6.25000000,Vr,34.74000000,31.87000000,2,Light,No casualties,5-6,5.50000000,6,6.00000000,NULL,NULL,NULL,NULL,NULL,NULL,"(1) MSK values follow (Avni 1999) while correction of the MSK values was done by Zohar and Marco (2012) [ZOMA] in accordance to the site-attributes of construction quality, topographic slope, surface geology and ground water level.",490,C
60,372EE9DF-BD1C-4FE4-8BAF-B7DEDDA3BCA8,Jerusalem,210,1927 Jul 11 (15:04),S,6.25000000,Vr,35.23371042,31.77430227,4,Heavy,"Few casualties

",8,8.00000000,7,7.00000000,NULL,NULL,NULL,NULL,3,NULL,"(1) MSK values follow (Avni 1999) while correction of the MSK values was done by Zohar and Marco (2012) [ZOMA] in accordance to the site-attributes of construction quality, topographic slope, surface geology and ground water level.
(2) Mshikuli opposite christ Church- 1 stone fallen down. Room over main entrance gate cracks. Southern tower cracked. 
(3) Minaret part above gallery partly fallen down.
Mosque stones displaced, cracks, part of the roof has fallen in.
in the citadel and on the city walles stone fell down at several points which had not been consolidated recently.",490,C
61,4EBA8B04-F3EE-4FB1-97D9-CF8679053C45,Augusta Victoria,210,1927 Jul 11 (15:04),S,6.25000000,Vr,35.24866144,31.78683038,3,Moderate,"Few casualties

",7-8,7.50000000,7-8,7.50000000,NULL,NULL,NULL,NULL,1,NULL,"(1) MSK values follow (Avni 1999) while correction of the MSK values was done by Zohar and Marco (2012) [ZOMA] in accordance to the site-attributes of construction quality, topographic slope, surface geology and ground water level.
(2) Walls were demolished and the tower collapsed",490,C
62,AA35A5ED-3ADB-4654-B3E7-8F53EE7D1413,Holy Mt./Temple,210,1927 Jul 11 (15:04),S,6.25000000,Vr,35.23555404,31.77788817,3,Moderate,No casualties,7,7.00000000,7-8,7.50000000,NULL,NULL,NULL,NULL,NULL,NULL,"(1) MSK values follow (Avni 1999) while correction of the MSK values was done by Zohar and Marco (2012) [ZOMA] in accordance to the site-attributes of construction quality, topographic slope, surface geology and ground water level.",490,C
63,C4166415-0697-447A-B77C-2DBE634B82CB,Jericho,210,1927 Jul 11 (15:04),S,6.25000000,Vr,35.46264709,31.86013890,4,Heavy,"Few casualties

",9,9.00000000,8,8.00000000,NULL,NULL,NULL,NULL,6,NULL,"(1) MSK values follow (Avni 1999) while correction of the MSK values was done by Zohar and Marco (2012) [ZOMA] in accordance to the site-attributes of construction quality, topographic slope, surface geology and ground water level.

(2) Police barracks were completely destroyed.
The Greek monastery tends to fall.
A new hotel has collapsed.",490,C
64,EA893DDB-2EF5-4ED8-B626-B69BA7460090,Jerusalem-Jericho Road (A),210,1927 Jul 11 (15:04),S,6.25000000,Vr,35.40000000,31.79000000,4,Heavy,Unknown,Unknown,-1.00000000,8,8.00000000,NULL,NULL,NULL,NULL,NULL,NULL,"(1) MSK values follow (Avni 1999) while correction of the MSK values was done by Zohar and Marco (2012) [ZOMA] in accordance to the site-attributes of construction quality, topographic slope, surface geology and ground water level.",490,C
65,285D2F9B-BDC0-4A75-B7ED-CF331E03C16F,Jerusalem-Jericho Road 2 (A),210,1927 Jul 11 (15:04),S,6.25000000,Vr,35.40000000,31.79000000,4,Heavy,Unknown,Unknown,-1.00000000,7-8,7.50000000,NULL,NULL,NULL,NULL,NULL,NULL,"(1) MSK values follow (Avni 1999) while correction of the MSK values was done by Zohar and Marco (2012) [ZOMA] in accordance to the site-attributes of construction quality, topographic slope, surface geology and ground water level.",490,C
66,50DDE072-3A3C-4CAE-A3E9-6BE6316D6E2A,Amman-Jordan Road,210,1927 Jul 11 (15:04),S,6.25000000,Vr,35.64000000,31.81000000,4,Heavy,Unknown,Unknown,-1.00000000,8,8.00000000,NULL,NULL,NULL,NULL,NULL,NULL,"(1) MSK values follow (Avni 1999) while correction of the MSK values was done by Zohar and Marco (2012) [ZOMA] in accordance to the site-attributes of construction quality, topographic slope, surface geology and ground water level.",490,C
67,4831B37F-A99A-4645-8BEC-7DD966C41D13,Michmach Village,210,1927 Jul 11 (15:04),S,6.25000000,Vr,35.27000000,31.86000000,4,Heavy,"Few casualties

",7-8,7.50000000,7-8,7.50000000,NULL,NULL,NULL,NULL,16,NULL,"(1) MSK values follow (Avni 1999) while correction of the MSK values was done by Zohar and Marco (2012) [ZOMA] in accordance to the site-attributes of construction quality, topographic slope, surface geology and ground water level.
(2) We removed sixteen bodies from the coup d'etat of their homes and provided first aid to villagers who were strangled in their bodies.",490,C
68,B30C3E0E-DE9A-48E6-B086-7B66863DB382,Shiloach Village,210,1927 Jul 11 (15:04),S,6.25000000,Vr,35.24000000,31.76000000,4,Heavy,"Few casualties

",7,7.00000000,7-8,7.50000000,NULL,NULL,NULL,NULL,4,10,"(1) MSK values follow (Avni 1999) while correction of the MSK values was done by Zohar and Marco (2012) [ZOMA] in accordance to the site-attributes of construction quality, topographic slope, surface geology and ground water level.",490,C
69,206F081E-EA47-4B19-B10D-2DDADCB5782A,Kafaringi,210,1927 Jul 11 (15:04),S,6.25000000,Vr,35.69000000,32.29000000,4,Heavy,No casualties,7-8,7.50000000,8,8.00000000,NULL,NULL,NULL,NULL,NULL,NULL,"(1) MSK values follow (Avni 1999) while correction of the MSK values was done by Zohar and Marco (2012) [ZOMA] in accordance to the site-attributes of construction quality, topographic slope, surface geology and ground water level.",490,C
70,1A61D731-645C-42C3-B951-9C41A455A243,Karak,210,1927 Jul 11 (15:04),S,6.25000000,Vr,35.70000000,31.17000000,4,Heavy,"Few casualties

",8,8.00000000,6-7,6.50000000,NULL,NULL,NULL,NULL,NULL,4,"(1) MSK values follow (Avni 1999) while correction of the MSK values was done by Zohar and Marco (2012) [ZOMA] in accordance to the site-attributes of construction quality, topographic slope, surface geology and ground water level.
(2) A large part of karach has fallen",490,C
71,7C6E6DED-E60B-4CDB-A57F-128CA0DF9B3E,Lod,210,1927 Jul 11 (15:04),S,6.25000000,Vr,34.90000000,31.95000000,4,Heavy,Many casualties,8-9,8.50000000,7,7.00000000,NULL,NULL," 650 , 85%",NULL,17-32,76,"(1) MSK values follow (Avni 1999) while correction of the MSK values was done by Zohar and Marco (2012) [ZOMA] in accordance to the site-attributes of construction quality, topographic slope, surface geology and ground water level.
(2) According to government official reports, about 80% of the houses were damaged, but the percentage seems to exceed 95. The landslides are blocking the way.",490,C
72,A9057C6C-7718-4EFB-A131-AEBA88CDBA55,Migdal,210,1927 Jul 11 (15:04),S,6.25000000,Vr,35.49000000,32.83000000,2,Light,No casualties,5,5.00000000,5,5.00000000,NULL,NULL,NULL,NULL,NULL,NULL,"(1) MSK values follow (Avni 1999) while correction of the MSK values was done by Zohar and Marco (2012) [ZOMA] in accordance to the site-attributes of construction quality, topographic slope, surface geology and ground water level.",490,C
73,F46690DC-3E1B-4FF1-AFE5-1DCC2EBFF617,Migdal Yava,210,1927 Jul 11 (15:04),S,6.25000000,Vr,34.94000000,32.07000000,4,Heavy,No casualties,6-7,6.50000000,5-6,5.50000000,NULL,NULL,NULL,NULL,NULL,NULL,"(1) MSK values follow (Avni 1999) while correction of the MSK values was done by Zohar and Marco (2012) [ZOMA] in accordance to the site-attributes of construction quality, topographic slope, surface geology and ground water level.",490,C
74,811AFEEB-1B97-44E1-9408-BEEF00109D8D,Medaba,210,1927 Jul 11 (15:04),S,6.25000000,Vr,35.76000000,31.71000000,4,Heavy,"Few casualties

",7-8,7.50000000,7,7.00000000,NULL,NULL,135,NULL,2,5,"(1) MSK values follow (Avni 1999) while correction of the MSK values was done by Zohar and Marco (2012) [ZOMA] in accordance to the site-attributes of construction quality, topographic slope, surface geology and ground water level.
(2) The Latin Church has cracked from top to bottom. The tower was cut and the cross fell.",490,C
75,9A6CB00D-38C3-4105-A747-DF31342CAD3C,Motza,210,1927 Jul 11 (15:04),S,6.25000000,Vr,35.15000000,31.78000000,0,None,No casualties,7,7.00000000,7-8,7.50000000,NULL,NULL,NULL,NULL,NULL,NULL,"(1) MSK values follow (Avni 1999) while correction of the MSK values was done by Zohar and Marco (2012) [ZOMA] in accordance to the site-attributes of construction quality, topographic slope, surface geology and ground water level.",490,C
76,3714F002-8C8B-4613-BDFD-913863FF96A6,Maa'n,210,1927 Jul 11 (15:04),S,6.25000000,Vr,35.71000000,30.18000000,1,Felt,No casualties,5,5.00000000,5,5.00000000,NULL,NULL,NULL,NULL,NULL,NULL,"MSK values follow (Avni 1999) while correction of the MSK values was done by Zohar and Marco (2012) [ZOMA] in accordance to the site-attributes of construction quality, topographic slope, surface geology and ground water level.",490,C
77,F77F71CF-12FB-4ED6-9A18-59E43AE21A7D,Maa'yan Elisha,210,1927 Jul 11 (15:04),S,6.25000000,Vr,35.43000000,31.87000000,0,None,No casualties,7,7.00000000,7-8,7.50000000,NULL,NULL,NULL,NULL,NULL,NULL,"(1) MSK values follow (Avni 1999) while correction of the MSK values was done by Zohar and Marco (2012) [ZOMA] in accordance to the site-attributes of construction quality, topographic slope, surface geology and ground water level.
(2) The water was painted red",490,C
78,D5897422-3D2B-4B84-A307-6E2B3A92B4AF,Mrar,210,1927 Jul 11 (15:04),S,6.25000000,Vr,35.40000000,32.88000000,4,Heavy,"Few casualties

",7,7.00000000,7,7.00000000,NULL,NULL,27,NULL,3,NULL,"(1) MSK values follow (Avni 1999) while correction of the MSK values was done by Zohar and Marco (2012) [ZOMA] in accordance to the site-attributes of construction quality, topographic slope, surface geology and ground water level.
(2) 2 houses were demolished 25 cracked. The balcony of the Greek Church was torn east to west",490,C
79,DC4BC529-AC3D-49AD-8E5C-D570BC79FCAD,Masada,210,1927 Jul 11 (15:04),S,6.25000000,Vr,35.35000000,31.31000000,2,Light,No casualties,7-8,7.50000000,8,8.00000000,NULL,NULL,NULL,NULL,NULL,NULL,"(1) MSK values follow (Avni 1999) while correction of the MSK values was done by Zohar and Marco (2012) [ZOMA] in accordance to the site-attributes of construction quality, topographic slope, surface geology and ground water level.",490,C
80,DE049183-5025-496B-AB6E-F6BB4C3960FD,Merhavia,210,1927 Jul 11 (15:04),S,6.25000000,Vr,35.30000000,32.59000000,2,Light,No casualties,5-6,5.50000000,6-7,6.50000000,NULL,NULL,1,NULL,NULL,NULL,"(1) MSK values follow (Avni 1999) while correction of the MSK values was done by Zohar and Marco (2012) [ZOMA] in accordance to the site-attributes of construction quality, topographic slope, surface geology and ground water level.",490,C
81,1936F477-1750-4C18-8CE6-1528010A851E,Deir Mar-Saba,210,1927 Jul 11 (15:04),S,6.25000000,Vr,35.33000000,31.70000000,0,None,No casualties,7,7.00000000,7-8,7.50000000,NULL,NULL,NULL,NULL,NULL,NULL,"(1) MSK values follow (Avni 1999) while correction of the MSK values was done by Zohar and Marco (2012) [ZOMA] in accordance to the site-attributes of construction quality, topographic slope, surface geology and ground water level.",490,C
82,E6E2E44D-7C2D-4308-9D2C-4CF06B6F58F5,Meslovia,210,1927 Jul 11 (15:04),S,6.25000000,Vr,35.63000000,31.76000000,0,None,No casualties,6-7,6.50000000,8,8.00000000,NULL,NULL,NULL,NULL,NULL,NULL,"(1) MSK values follow (Avni 1999) while correction of the MSK values was done by Zohar and Marco (2012) [ZOMA] in accordance to the site-attributes of construction quality, topographic slope, surface geology and ground water level.",490,C
83,2C57D5EC-AA9C-4113-857E-B6DAD47D9171,Nabi-Musa,210,1927 Jul 11 (15:04),S,6.25000000,Vr,35.43000000,31.78000000,4,Heavy,No casualties,7-8,7.50000000,8,8.00000000,NULL,NULL,NULL,NULL,NULL,NULL,"(1) MSK values follow (Avni 1999) while correction of the MSK values was done by Zohar and Marco (2012) [ZOMA] in accordance to the site-attributes of construction quality, topographic slope, surface geology and ground water level.",490,C
84,5FB28F5D-4D19-43D9-9755-F72A1E54A2C1,Nahalal,210,1927 Jul 11 (15:04),S,6.25000000,Vr,35.18000000,32.68000000,1,Felt,No casualties,4,4.00000000,6,6.00000000,NULL,NULL,NULL,NULL,NULL,NULL,"(1) MSK values follow (Avni 1999) while correction of the MSK values was done by Zohar and Marco (2012) [ZOMA] in accordance to the site-attributes of construction quality, topographic slope, surface geology and ground water level.
(2) Some huts were shaking in their places",490,C
85,7686F2BE-7309-42AD-8982-F2D201EF4758,Nahariah,210,1927 Jul 11 (15:04),S,6.25000000,Vr,35.09000000,33.00000000,1,Felt,No casualties,4-5,4.50000000,6,6.00000000,NULL,NULL,NULL,NULL,NULL,NULL,"(1) MSK values follow (Avni 1999) while correction of the MSK values was done by Zohar and Marco (2012) [ZOMA] in accordance to the site-attributes of construction quality, topographic slope, surface geology and ground water level.",490,C
86,4D744198-7EE0-4723-9F36-97243A8237C7,Sorek River,210,1927 Jul 11 (15:04),S,6.25000000,Vr,34.87000000,31.79000000,0,None,"Few casualties

",Unknown,-1.00000000,6-7,6.50000000,NULL,NULL,NULL,NULL,2,2,"(1) MSK values follow (Avni 1999) while correction of the MSK values was done by Zohar and Marco (2012) [ZOMA] in accordance to the site-attributes of construction quality, topographic slope, surface geology and ground water level.",490,C
87,DF59E903-CD4A-4D16-9E47-F4107E798606,Nes-Ziona,210,1927 Jul 11 (15:04),S,6.25000000,Vr,34.79000000,31.92000000,1,Felt,No casualties,4-5,4.50000000,7,7.00000000,NULL,NULL,NULL,NULL,NULL,NULL,"(1) MSK values follow (Avni 1999) while correction of the MSK values was done by Zohar and Marco (2012) [ZOMA] in accordance to the site-attributes of construction quality, topographic slope, surface geology and ground water level.",490,C
88,2DF65531-D117-4C1C-95D7-AA6F1590E94F,Salfit,210,1927 Jul 11 (15:04),S,6.25000000,Vr,35.17000000,32.07000000,4,Heavy,No casualties,6,6.00000000,7,7.00000000,NULL,NULL,NULL,NULL,NULL,NULL,"(1) MSK values follow (Avni 1999) while correction of the MSK values was done by Zohar and Marco (2012) [ZOMA] in accordance to the site-attributes of construction quality, topographic slope, surface geology and ground water level.",490,C
89,BC402B26-77ED-48D3-AFA3-E005B7FE5AE5,Sweida,210,1927 Jul 11 (15:04),S,6.25000000,Vr,36.57000000,32.70000000,3,Moderate,No casualties,7-8,7.50000000,7,7.00000000,NULL,NULL,2,NULL,NULL,NULL,"(1) MSK values follow (Avni 1999) while correction of the MSK values was done by Zohar and Marco (2012) [ZOMA] in accordance to the site-attributes of construction quality, topographic slope, surface geology and ground water level.
(2) A lot of broken stones fell. Two houses collapsed.",490,C
90,BDC9025B-1565-4068-A2AB-3580B444D2D9,Abadia,210,1927 Jul 11 (15:04),S,6.25000000,Vr,35.55000000,32.68000000,4,Heavy,No casualties,7,7.00000000,7,7.00000000,NULL,NULL,50%,NULL,2,NULL,"(1) MSK values follow (Avni 1999) while correction of the MSK values was done by Zohar and Marco (2012) [ZOMA] in accordance to the site-attributes of construction quality, topographic slope, surface geology and ground water level.",490,C
91,35239A1F-9D3A-4292-A2F4-3133837A5BDF,Ajloon,210,1927 Jul 11 (15:04),S,6.25000000,Vr,35.74000000,32.32000000,4,Heavy,"Few casualties

",8,8.00000000,8,8.00000000,NULL,NULL,277,NULL,NULL,NULL,"(1) MSK values follow (Avni 1999) while correction of the MSK values was done by Zohar and Marco (2012) [ZOMA] in accordance to the site-attributes of construction quality, topographic slope, surface geology and ground water level.
(2) 182 houses are about to fall, 95 have been demolished, 300 people remain without shelter.",490,C
92,E14D7DB9-9A00-4F0C-A710-1442E7F3317A,Gaza,210,1927 Jul 11 (15:04),S,6.25000000,Vr,34.46000000,31.50000000,4,Heavy,No casualties,7,7.00000000,6-7,6.50000000,NULL,NULL,NULL,NULL,NULL,NULL,"(1) MSK values follow (Avni 1999) while correction of the MSK values was done by Zohar and Marco (2012) [ZOMA] in accordance to the site-attributes of construction quality, topographic slope, surface geology and ground water level.
(2) Largest of all the ruins is the damage to the police palace - a very ancient building from the Crusades. The palace has not completely fallen yet, but the much damage it has caused the government has decided to move the offices from the palace to a new building.
Most of the buildings in the city that have remained intact since the war have been damaged to some extent and many have been completely destroyed. Buildings damaged during the war have completely disintegrated.",490,C
93,CA5CD13A-5BAA-4060-B559-BD5C44D45D9B,Azraa',210,1927 Jul 11 (15:04),S,6.25000000,Vr,36.23000000,32.84000000,3,Moderate,No casualties,6-7,6.50000000,6,6.00000000,NULL,NULL,1,NULL,NULL,NULL,"(1) MSK values follow (Avni 1999) while correction of the MSK values was done by Zohar and Marco (2012) [ZOMA] in accordance to the site-attributes of construction quality, topographic slope, surface geology and ground water level.
(2) One house collapsed",490,C
94,79626193-F72F-463A-9226-A4B4AF80BAC7,Atara,210,1927 Jul 11 (15:04),S,6.25000000,Vr,35.19000000,31.99000000,4,Heavy,No casualties,7-8,7.50000000,7,7.00000000,NULL,NULL,20,NULL,NULL,NULL,"(1) MSK values follow (Avni 1999) while correction of the MSK values was done by Zohar and Marco (2012) [ZOMA] in accordance to the site-attributes of construction quality, topographic slope, surface geology and ground water level.
(2) Twenty homes were destroyed or severely damaged",490,C
95,BD24A366-89AC-409F-96A8-7A5BF45C4445,Ein el-Kelt,210,1927 Jul 11 (15:04),S,6.25000000,Vr,35.36000000,31.83000000,0,None,No casualties,8,8.00000000,7-8,7.50000000,NULL,NULL,NULL,NULL,NULL,NULL,"(1) MSK values follow (Avni 1999) while correction of the MSK values was done by Zohar and Marco (2012) [ZOMA] in accordance to the site-attributes of construction quality, topographic slope, surface geology and ground water level.",490,C
96,3C471159-CBDB-4719-B69A-489BF18B07BD,Ein-Dok,210,1927 Jul 11 (15:04),S,6.25000000,Vr,35.43000000,31.87000000,2,Light,No casualties,7,7.00000000,7-8,7.50000000,NULL,NULL,NULL,NULL,NULL,NULL,"(1) MSK values follow (Avni 1999) while correction of the MSK values was done by Zohar and Marco (2012) [ZOMA] in accordance to the site-attributes of construction quality, topographic slope, surface geology and ground water level.",490,C
97,CD500A9D-2A51-40CA-B42F-3560F321435A,Ein-Harod,210,1927 Jul 11 (15:04),S,6.25000000,Vr,35.39000000,32.55000000,3,Moderate,No casualties,7,7.00000000,6,6.00000000,NULL,NULL,NULL,NULL,NULL,NULL,"(1) MSK values follow (Avni 1999) while correction of the MSK values was done by Zohar and Marco (2012) [ZOMA] in accordance to the site-attributes of construction quality, topographic slope, surface geology and ground water level.
(2) A few walls collapsed in the ancient buildings.",490,C
98,577F480F-962E-43D3-B007-73395170945D,Ein-Karem,210,1927 Jul 11 (15:04),S,6.25000000,Vr,35.16000000,31.77000000,3,Moderate,"Few casualties

",7,7.00000000,7,7.00000000,NULL,NULL,31,NULL,NULL,5,"(1) MSK values follow (Avni 1999) while correction of the MSK values was done by Zohar and Marco (2012) [ZOMA] in accordance to the site-attributes of construction quality, topographic slope, surface geology and ground water level.",490,C
99,FEB1BDEF-D99A-4A2C-B8A2-A099CF5BF578,Ein-Musa,210,1927 Jul 11 (15:04),S,6.25000000,Vr,35.72000000,31.76000000,0,None,No casualties,7,7.00000000,7,7.00000000,NULL,NULL,NULL,NULL,NULL,NULL,"(1) MSK values follow (Avni 1999) while correction of the MSK values was done by Zohar and Marco (2012) [ZOMA] in accordance to the site-attributes of construction quality, topographic slope, surface geology and ground water level.",490,C
100,2E4AAB37-60F9-49C3-9E28-58C19E5FCE6B,Ein-Qinya,210,1927 Jul 11 (15:04),S,6.25000000,Vr,35.14000000,31.92000000,4,Heavy,No casualties,7,7.00000000,7,7.00000000,NULL,NULL,20,NULL,NULL,NULL,"(1) MSK values follow (Avni 1999) while correction of the MSK values was done by Zohar and Marco (2012) [ZOMA] in accordance to the site-attributes of construction quality, topographic slope, surface geology and ground water level.
(2) Twenty homes were destroyed or seriously damaged.",490,C
101,B0F6DE33-2C9A-452B-8651-289A55BB4810,Ein-Farah,210,1927 Jul 11 (15:04),S,6.25000000,Vr,35.34000000,32.28000000,3,Moderate,No casualties,7,7.00000000,7,7.00000000,NULL,NULL,NULL,NULL,NULL,NULL,"(1) MSK values follow (Avni 1999) while correction of the MSK values was done by Zohar and Marco (2012) [ZOMA] in accordance to the site-attributes of construction quality, topographic slope, surface geology and ground water level.",490,C
102,93F14479-704C-4AEB-A37C-0FE08F683F24,Akko,210,1927 Jul 11 (15:04),S,6.25000000,Vr,35.07000000,32.92000000,4,Heavy,No casualties,6-7,6.50000000,6,6.00000000,NULL,NULL,NULL,NULL,NULL,NULL,"(1) MSK values follow (Avni 1999) while correction of the MSK values was done by Zohar and Marco (2012) [ZOMA] in accordance to the site-attributes of construction quality, topographic slope, surface geology and ground water level.
(2) Mosque of Jezzar Pasha- demaged.",490,C
103,4332C3A0-6FED-4B2E-8DC0-50FABB6CD391,Anab,210,1927 Jul 11 (15:04),S,6.25000000,Vr,34.92000000,31.39000000,1,Felt,No casualties,5-6,5.50000000,6,6.00000000,NULL,NULL,NULL,NULL,NULL,NULL,"(1) MSK values follow (Avni 1999) while correction of the MSK values was done by Zohar and Marco (2012) [ZOMA] in accordance to the site-attributes of construction quality, topographic slope, surface geology and ground water level.",490,C
104,A4D0E74E-5CD6-4ECE-9AAA-5FEF49A97839,Afula,210,1927 Jul 11 (15:04),S,6.25000000,Vr,35.28000000,32.60000000,3,Moderate,No casualties,6-7,6.50000000,6-7,6.50000000,NULL,NULL,NULL,NULL,NULL,NULL,"(1) MSK values follow (Avni 1999) while correction of the MSK values was done by Zohar and Marco (2012) [ZOMA] in accordance to the site-attributes of construction quality, topographic slope, surface geology and ground water level.",490,C
105,0930890E-E905-4975-8D2D-C5CA831124EE,Aqaba,210,1927 Jul 11 (15:04),S,6.25000000,Vr,35.00000000,29.52000000,1,Felt,No casualties,4,4.00000000,4,4.00000000,NULL,NULL,NULL,NULL,NULL,NULL,"(1) MSK values follow (Avni 1999) while correction of the MSK values was done by Zohar and Marco (2012) [ZOMA] in accordance to the site-attributes of construction quality, topographic slope, surface geology and ground water level.
(2) No damage caused at Akaba",490,C
106,51CCBD27-24FC-41EC-BBB0-91EF2516431B,Ekron,210,1927 Jul 11 (15:04),S,6.25000000,Vr,34.82000000,31.85000000,4,Heavy,No casualties,6-7,6.50000000,6-7,6.50000000,NULL,NULL,NULL,NULL,NULL,NULL,"(1) MSK values follow (Avni 1999) while correction of the MSK values was done by Zohar and Marco (2012) [ZOMA] in accordance to the site-attributes of construction quality, topographic slope, surface geology and ground water level.
(2) The school walls cracked and the plaster fell. Many houses were cracked, internal walls destroyed.",490,C
107,3C63E015-097A-4490-9A06-6AFD13145A64,Pki'in,210,1927 Jul 11 (15:04),S,6.25000000,Vr,35.32000000,32.97000000,1,Felt,Unknown,4,4.00000000,4-5,4.50000000,NULL,NULL,NULL,NULL,NULL,NULL,"(1) MSK values follow (Avni 1999) while correction of the MSK values was done by Zohar and Marco (2012) [ZOMA] in accordance to the site-attributes of construction quality, topographic slope, surface geology and ground water level.
(2) The earthquake was felt but there was no damage",490,C
108,3F919947-ACE1-459C-8C18-13785EB4B2FF,Petah Tikva,210,1927 Jul 11 (15:04),S,6.25000000,Vr,34.90000000,32.09000000,3,Moderate,No casualties,6-7,6.50000000,5-6,5.50000000,NULL,NULL,NULL,NULL,NULL,NULL,"(1) MSK values follow (Avni 1999) while correction of the MSK values was done by Zohar and Marco (2012) [ZOMA] in accordance to the site-attributes of construction quality, topographic slope, surface geology and ground water level.
(2) Cracks formed in many houses, especially in the Great Buildings: the Great Synagogue, the Pikah School and the """"Eternal of Israel"""".",490,C
109,FB9C0BAD-22D7-45FE-8E0E-197AFBE02FBB,Tzemach,210,1927 Jul 11 (15:04),S,6.25000000,Vr,35.58000000,32.70000000,4,Heavy,No casualties,7-8,7.50000000,7,7.00000000,NULL,NULL,NULL,NULL,NULL,NULL,"(1) MSK values follow (Avni 1999) while correction of the MSK values was done by Zohar and Marco (2012) [ZOMA] in accordance to the site-attributes of construction quality, topographic slope, surface geology and ground water level.",490,C
110,AED6DE2D-113A-4E03-A89A-F37BEA9C7CD8,Safed,210,1927 Jul 11 (15:04),S,6.25000000,Vr,35.48000000,32.96000000,4,Heavy,No casualties,6-7,6.50000000,6-7,6.50000000,NULL,NULL,NULL,NULL,NULL,NULL,"(1) MSK values follow (Avni 1999) while correction of the MSK values was done by Zohar and Marco (2012) [ZOMA] in accordance to the site-attributes of construction quality, topographic slope, surface geology and ground water level.
(2) Mr. Abraham Margalit: """"In the noise of 1927, Safed did not suffer any special damage. A little cracking in the walls and falling plaster",490,C
111,45638DEE-E50A-4113-9260-F6AB3B96506F,Tzora,210,1927 Jul 11 (15:04),S,6.25000000,Vr,34.97000000,31.77000000,0,None,No casualties,6-7,6.50000000,6-7,6.50000000,NULL,NULL,NULL,NULL,NULL,NULL,"(1) MSK values follow (Avni 1999) while correction of the MSK values was done by Zohar and Marco (2012) [ZOMA] in accordance to the site-attributes of construction quality, topographic slope, surface geology and ground water level.",490,C
112,5181AC9D-A4D9-4000-AA0C-7003848AE85D,Kabab,210,1927 Jul 11 (15:04),S,6.25000000,Vr,34.74000000,31.88000000,3,Moderate,"Few casualties

",6-7,6.50000000,7,7.00000000,NULL,NULL,3,NULL,5,NULL,"(1) MSK values follow (Avni 1999) while correction of the MSK values was done by Zohar and Marco (2012) [ZOMA] in accordance to the site-attributes of construction quality, topographic slope, surface geology and ground water level.",490,C
113,BF3D941B-3A5E-4C6E-9CDE-35515634AF69,Cairo,210,1927 Jul 11 (15:04),S,6.25000000,Vr,31.20000000,30.04000000,1,Felt,No casualties,3-4,3.50000000,4,4.00000000,NULL,NULL,NULL,NULL,NULL,NULL,"(1) MSK values follow (Avni 1999) while correction of the MSK values was done by Zohar and Marco (2012) [ZOMA] in accordance to the site-attributes of construction quality, topographic slope, surface geology and ground water level.",490,C
114,108F8150-D79F-4BCE-A833-7DE68508EBB1,Qunetra,210,1927 Jul 11 (15:04),S,6.25000000,Vr,35.82000000,33.12000000,1,Felt,No casualties,3-4,3.50000000,4,4.00000000,NULL,NULL,NULL,NULL,NULL,NULL,"(1) MSK values follow (Avni 1999) while correction of the MSK values was done by Zohar and Marco (2012) [ZOMA] in accordance to the site-attributes of construction quality, topographic slope, surface geology and ground water level.",490,C
115,F4B12A32-9D09-42DC-87D0-E4AC07B9527D,Kalkilia,210,1927 Jul 11 (15:04),S,6.25000000,Vr,34.95000000,32.18000000,3,Moderate,No casualties,6,6.00000000,5-6,5.50000000,NULL,NULL,NULL,NULL,NULL,NULL,"(1) MSK values follow (Avni 1999) while correction of the MSK values was done by Zohar and Marco (2012) [ZOMA] in accordance to the site-attributes of construction quality, topographic slope, surface geology and ground water level.",490,C
116,0C18A27D-AA5C-4E76-8956-CAEFC683AE4A,Kiriat Anavim,210,1927 Jul 11 (15:04),S,6.25000000,Vr,35.11000000,31.80000000,1,Felt,No casualties,6,6.00000000,7,7.00000000,NULL,NULL,NULL,NULL,NULL,NULL,"(1) MSK values follow (Avni 1999) while correction of the MSK values was done by Zohar and Marco (2012) [ZOMA] in accordance to the site-attributes of construction quality, topographic slope, surface geology and ground water level.",490,C
117,3A1CD516-CDE3-40B6-BE5E-E462C0BE4FB3,Rammala,210,1927 Jul 11 (15:04),S,6.25000000,Vr,35.19000000,31.89000000,4,Heavy,"Few casualties

",8,8.00000000,7-8,7.50000000,NULL,NULL,110,NULL,3,3,"(1) MSK values follow (Avni 1999) while correction of the MSK values was done by Zohar and Marco (2012) [ZOMA] in accordance to the site-attributes of construction quality, topographic slope, surface geology and ground water level.",490,C
118,0C4D6A24-6FCC-40A0-9CF5-C42C6C680E21,Rosh Ha-A'ayin,210,1927 Jul 11 (15:04),S,6.25000000,Vr,34.92000000,32.09000000,2,Light,No casualties,5-6,5.50000000,6,6.00000000,NULL,NULL,NULL,NULL,NULL,NULL,"(1) MSK values follow (Avni 1999) while correction of the MSK values was done by Zohar and Marco (2012) [ZOMA] in accordance to the site-attributes of construction quality, topographic slope, surface geology and ground water level.",490,C
119,03535397-F866-4257-BB00-D868C32FAD5C,Amman,210,1927 Jul 11 (15:04),S,6.25000000,Vr,35.91000000,31.96000000,4,Heavy,Many casualties,8-9,8.50000000,8-9,8.50000000,NULL,NULL,738,NULL,?,?,"(1) MSK values follow (Avni 1999) while correction of the MSK values was done by Zohar and Marco (2012) [ZOMA] in accordance to the site-attributes of construction quality, topographic slope, surface geology and ground water level.
(2) Great material damage was caused at amman, where the minaret of the new masque snapped in the middle of the upper half and crashed to the ground. 
The new R.A.F. magazine, which was nearing completion was rased to the ground.
Houses in the town were greatly damaged and many collapsed buryung their occupants.",490,C
120,839DBE7C-74C2-4CEB-B17E-57E848EBFFEB,Rehovot,210,1927 Jul 11 (15:04),S,6.25000000,Vr,34.80000000,31.89000000,3,Moderate,No casualties,6-7,6.50000000,6-7,6.50000000,NULL,NULL,NULL,NULL,NULL,NULL,"(1) MSK values follow (Avni 1999) while correction of the MSK values was done by Zohar and Marco (2012) [ZOMA] in accordance to the site-attributes of construction quality, topographic slope, surface geology and ground water level.",490,C
121,81E062D5-FBB2-471D-A762-D423758724BC,Reina,210,1927 Jul 11 (15:04),S,6.25000000,Vr,35.29000000,32.71000000,4,Heavy,Many casualties,7,7.00000000,7-8,7.50000000,NULL,NULL,NULL,NULL,5,20,"(1) MSK values follow (Avni 1999) while correction of the MSK values was done by Zohar and Marco (2012) [ZOMA] in accordance to the site-attributes of construction quality, topographic slope, surface geology and ground water level.",490,C
122,D2CC8734-4DB1-442B-8942-920C367191D9,Ramla,210,1927 Jul 11 (15:04),S,6.25000000,Vr,34.87000000,31.92000000,4,Heavy,Many casualties,8-9,8.50000000,7,7.00000000,NULL,NULL,NULL,NULL,NULL,NULL,"(1) MSK values follow (Avni 1999) while correction of the MSK values was done by Zohar and Marco (2012) [ZOMA] in accordance to the site-attributes of construction quality, topographic slope, surface geology and ground water level.",490,C
123,5E658E9C-D54B-4CF4-AF76-073D5ADA6D4C,Ramat Yishai,210,1927 Jul 11 (15:04),S,6.25000000,Vr,35.16000000,32.70000000,3,Moderate,No casualties,5,5.00000000,5,5.00000000,NULL,NULL,1,NULL,NULL,NULL,"(1) MSK values follow (Avni 1999) while correction of the MSK values was done by Zohar and Marco (2012) [ZOMA] in accordance to the site-attributes of construction quality, topographic slope, surface geology and ground water level.",490,C
124,9D4E64A0-289E-4C6F-8B52-D9196BC6164F,Ramat Rachel,210,1927 Jul 11 (15:04),S,6.25000000,Vr,35.21000000,31.73000000,3,Moderate,No casualties,6-7,6.50000000,7-8,7.50000000,NULL,NULL,NULL,NULL,NULL,NULL,"(1) MSK values follow (Avni 1999) while correction of the MSK values was done by Zohar and Marco (2012) [ZOMA] in accordance to the site-attributes of construction quality, topographic slope, surface geology and ground water level.",490,C
125,5CE7F475-9035-4C59-BBA9-F4A5698A6028,Refidie,210,1927 Jul 11 (15:04),S,6.25000000,Vr,35.23000000,32.22000000,4,Heavy,No casualties,7-8,7.50000000,8,8.00000000,NULL,NULL,NULL,NULL,NULL,NULL,"(1) MSK values follow (Avni 1999) while correction of the MSK values was done by Zohar and Marco (2012) [ZOMA] in accordance to the site-attributes of construction quality, topographic slope, surface geology and ground water level.",490,C
126,C534C771-1632-4790-B9E5-DAC296CC647D,Shunam,210,1927 Jul 11 (15:04),S,6.25000000,Vr,35.32000000,32.60000000,3,Moderate,No casualties,7,7.00000000,6-7,6.50000000,NULL,NULL,3,NULL,NULL,NULL,"(1) MSK values follow (Avni 1999) while correction of the MSK values was done by Zohar and Marco (2012) [ZOMA] in accordance to the site-attributes of construction quality, topographic slope, surface geology and ground water level.",490,C
127,C601857B-C043-4546-85FC-41C8D3548F01,Nablus,210,1927 Jul 11 (15:04),S,6.25000000,Vr,35.25000000,32.21000000,4,Heavy,Many casualties,9,9.00000000,8,8.00000000,NULL,NULL,750-110,NULL,50-147,250,"(1) MSK values follow (Avni 1999) while correction of the MSK values was done by Zohar and Marco (2012) [ZOMA] in accordance to the site-attributes of construction quality, topographic slope, surface geology and ground water level.
(2) Among the demolished buildings are large and powerful houses such as: cigarette factories, mosque, two schools, the police center, the state court and Arab dignitarie houses.",490,C
129,CD13BEE9-44E3-4B0F-A1B5-684C5F080774,Tel Aviv,210,1927 Jul 11 (15:04),S,6.25000000,Vr,34.76000000,32.06000000,2,Light,No casualties,5-6,5.50000000,5-6,5.50000000,NULL,NULL,NULL,NULL,NULL,NULL,"(1) MSK values follow (Avni 1999) while correction of the MSK values was done by Zohar and Marco (2012) [ZOMA] in accordance to the site-attributes of construction quality, topographic slope, surface geology and ground water level.
(2) damage in Borochov Neibourhood;
In the streets of Nahalat Benjamin and Allenby; cracks formed on many of the ancient stone buildings.",490,C
130,0BBFEEA1-B19F-4318-93B7-E71B6DDE8963,Tel Yosef,210,1927 Jul 11 (15:04),S,6.25000000,Vr,35.39000000,32.52000000,1,Felt,No casualties,6-7,6.50000000,6,6.00000000,NULL,NULL,1,NULL,NULL,NULL,"(1) MSK values follow (Avni 1999) while correction of the MSK values was done by Zohar and Marco (2012) [ZOMA] in accordance to the site-attributes of construction quality, topographic slope, surface geology and ground water level.",490,C
131,E17AB41C-40F2-4BC3-AA99-91EBEA409675,Dead Sea north 1 (A),210,1927 Jul 11 (15:04),S,6.25000000,Vr,35.52000000,31.76000000,0,None,No casualties,Unknown,-1.00000000,8-9,8.50000000,NULL,NULL,NULL,NULL,NULL,NULL,"(1) MSK values follow (Avni 1999) while correction of the MSK values was done by Zohar and Marco (2012) [ZOMA] in accordance to the site-attributes of construction quality, topographic slope, surface geology and ground water level.",490,C
135,E7EC9887-993F-4C96-B43C-2DC87CD35A46,Araq el-Amir,8,c.760-750 BCE,S,7.83000000,Dr,35.75000000,31.91000000,3,Moderate,Unknown,8,8.00000000,Unknown,-1.00000000,NULL,NULL,NULL,NULL,NULL,NULL,"AM following Butler, 1907",15,C
136,65DF0B7E-D5BA-4B8F-BA12-9C5738CDF09F,Tel Gezer,8,c.760-750 BCE,S,7.83000000,Dr,34.92000000,31.87000000,3,Moderate,Unknown,8,8.00000000,Unknown,-1.00000000,NULL,NULL,NULL,NULL,NULL,NULL,"AM; GCT are based on archaeological Remains of Dever and Younker 1991, 286; Younker 1991; Dever 1992, 30. Also, AM suggests they the site is included in the list of cities conquered by the Egyptians (pharaoh Sheshonk I) which might explain damage from a different source.
AUS determine MMI = 9",15,C
137,E6B73FCE-2D24-4B33-8D94-8CCC9EC77873,Tel Hazor,8,c.760-750 BCE,S,7.83000000,Dr,35.56000000,33.01000000,3,Moderate,Unknown,9,9.00000000,Unknown,-1.00000000,NULL,NULL,NULL,NULL,NULL,NULL,"AM; GCT based on Yadin 1972, 113, 181; Dever 1992, 28; Knauf 2002 suggest a possible damage to Tel Hazor. AUS determine MMI = 10",15,C
138,372EE9DF-BD1C-4FE4-8BAF-B7DEDDA3BCA8,Jerusalem,8,c.760-750 BCE,S,7.83000000,Hr,35.23371042,31.77430227,3,Moderate,Unknown,8-9,8.50000000,Unknown,-1.00000000,NULL,NULL,NULL,NULL,NULL,NULL,"Though Jerusalem is not specifically mentioned, had there been a great earthquake (which we believe that occurred), Jerusalem was damaged. BM5 and AUS assign an intensity of VIII and IX, respectively. AM and GCT, based on Josephus and Nathan HaBavli, note that Jerusalem was hit in Ein-Rogel (landslides), the Temple, Valley of Hinnom (landslides) and perhaps Olive Mt.",15,C
139,D843F5FD-6514-4334-BECA-02539A39DD12,Judea (A),8,c.760-750 BCE,S,7.83000000,Hr,35.35000000,32.08000000,3,Moderate,Unknown,8-9,8.50000000,Unknown,-1.00000000,NULL,NULL,NULL,NULL,NULL,NULL,"The description in Amos 1.1, imply of event that was relatively massive to date or reference accordingly  the Amos's prophecy. The 6th century Zecharia and perhaps also Isaiah imply of probable event (AM)",15,C
140,5F9531EF-533C-4343-A12B-D5511B4C4475,Kh. el-Asiq,8,c.760-750 BCE,S,7.83000000,Dr,35.64765205,32.78536381,3,Moderate,Unknown,8,8.00000000,Unknown,-1.00000000,NULL,NULL,NULL,NULL,NULL,NULL,AM following Dever 1992,15,C
141,23A028D1-0F69-4170-B625-21A91193F84E,Lachish,8,c.760-750 BCE,S,7.83000000,Dr,34.84000000,31.56000000,3,Moderate,Unknown,8,8.00000000,Unknown,-1.00000000,NULL,NULL,NULL,NULL,NULL,NULL,"AM is based on archaeological Remains of Ussishkin 1977, 5; Dever
1992, 35, n. 10; Herzog 2002, 97.
AUS determine MMI = 8",15,C
142,7D3B8E03-4FEF-4CDD-A2FA-DE20FF6C07F6,Megiddo,8,c.760-750 BCE,S,7.83000000,Dr,35.10000000,32.50000000,3,Moderate,Unknown,8,8.00000000,Unknown,-1.00000000,NULL,NULL,NULL,NULL,NULL,NULL,AM based on Knauf 2002 suggest the earthquake might have damaged Megido. AM also suggests that this site is included in the list of cities conquered by the Egyptians (pharaoh Sheshonk I) which might explain damage from a different source,15,C
143,88A5A9E6-4DD9-4BF2-8A48-A6D7724D1040,Samaria,8,c.760-750 BCE,S,7.83000000,Dr,35.29000000,32.42000000,3,Moderate,Unknown,8,8.00000000,Unknown,-1.00000000,NULL,NULL,NULL,NULL,NULL,NULL,"AM notes that according to Crisler 2003; 2004, Samaria might have been damaged.
AUS determine MMI = 9",15,C
144,5BD14774-E24B-4F35-8811-3EBED9DE80FE,Tel el-Hama,8,c.760-750 BCE,S,7.83000000,Dr,35.65000000,32.68000000,3,Moderate,Unknown,8,8.00000000,Unknown,-1.00000000,NULL,NULL,NULL,NULL,NULL,NULL,AM: Included in the list of cities conquered by the Egyptians (pharaoh Sheshonk I) which might explain damage from a different source,15,C
145,6E84A5C4-91FE-4BAD-A88F-E0E00738C530,Tel el-Saiidiyeh,8,c.760-750 BCE,S,7.83000000,Dr,35.57000000,32.31000000,3,Moderate,Unknown,8,8.00000000,Unknown,-1.00000000,NULL,NULL,NULL,NULL,NULL,NULL,AM: Included in the list of cities conquered by the Egyptians (pharaoh Sheshonk I) which might explain damage from a different source,15,C
146,C255E6EC-2532-42FA-9EA5-3EB9034F14F4,Tel Arad,8,c.760-750 BCE,S,7.83000000,Dr,35.12000000,31.28000000,3,Moderate,Unknown,8,8.00000000,Unknown,-1.00000000,NULL,NULL,NULL,NULL,NULL,NULL,"AM is based on archaeological Remains of Herzog and Singer 2002, 96–98; Singer-Avitz 2002, 162",15,C
147,0EB628C8-8872-4A66-ACA1-7B3E945FC379,Tel Bee'r Sheva,8,c.760-750 BCE,S,7.83000000,Dr,34.84040000,31.24470000,3,Moderate,Unknown,8,8.00000000,Unknown,-1.00000000,NULL,NULL,NULL,NULL,NULL,NULL,"AM is based on archaeological Remains of Herzog (2002).
AUS determine MMI = 8",15,C
148,01F8F10F-2F85-4443-B5C3-CD495BCDAD0C,Tel Mevorakh,8,c.760-750 BCE,S,7.83000000,Dr,34.96000000,32.03000000,3,Moderate,Unknown,8,8.00000000,Unknown,-1.00000000,NULL,NULL,NULL,NULL,NULL,NULL,AM after Mazar 1993: Included in the list of cities conquered by the Egyptians (pharaoh Sheshonk I) which might explain damage from a different source,15,C
149,81706A06-024B-4F32-8528-6DF439E4B6B2,Tel Michal,8,c.760-750 BCE,S,7.83000000,Dr,34.80000000,32.14000000,3,Moderate,Unknown,8,8.00000000,Unknown,-1.00000000,NULL,NULL,NULL,NULL,NULL,NULL,AM after Mazar 1993: Included in the list of cities conquered by the Egyptians (pharaoh Sheshonk I) which might explain damage from a different source,15,C
150,028D7E49-5AEF-47E5-87AD-8378B70F4496,Tel Abu Hawan,8,c.760-750 BCE,S,7.83000000,Dr,35.55000000,32.82000000,3,Moderate,Unknown,8,8.00000000,Unknown,-1.00000000,NULL,NULL,NULL,NULL,NULL,NULL,"AM is based on archaeological Remains of  Balensi 1980, 586;
Warren and Hankey 1989, 161, was damaged between 1125–1050 BC. AM also suggests that this site is included in the list of cities conquered by the Egyptians (pharaoh Sheshonk I) which might explain damage from a different source",15,C
151,2DB9CF40-FA4B-4182-B8B9-606504C741CB,Tel el-Mazar,8,c.760-750 BCE,S,7.83000000,Dr,35.35910000,32.52720000,3,Moderate,Unknown,8,8.00000000,Unknown,-1.00000000,NULL,NULL,NULL,NULL,NULL,NULL,AM: Included in the list of cities conquered by the Egyptians (pharaoh Sheshonk I) which might explain damage from a different source,15,C
152,A1F614D7-F8B2-43AA-8869-087E829686E1,Tel Qasila,8,c.760-750 BCE,S,7.83000000,Dr,34.80000000,32.11000000,3,Moderate,Unknown,8,8.00000000,Unknown,-1.00000000,NULL,NULL,NULL,NULL,NULL,NULL,"AM is based on archaeological Remains of Dothan and Dunayevsky 1993;Mazar 1993, 298; Stern 1993, suggests that the site was damaged during the period 1100–1050 BC. AM also suggets that the site is included in the list of cities conquered by the Egyptians (pharaoh Sheshonk I) which might explain damage from a different source",15,C
153,28EB4564-D107-4094-909E-DE9CAC243F95,Tel Batash,8,c.760-750 BCE,S,7.83000000,Dr,34.89000000,31.81000000,3,Moderate,Unknown,8,8.00000000,Unknown,-1.00000000,NULL,NULL,NULL,NULL,NULL,NULL,AM: Included in the list of cities conquered by the Egyptians (pharaoh Sheshonk I) which might explain damage from a different source,15,C
154,C3204458-8A35-4241-AAE1-71F5AAE2BB0D,Phoenicia (A),14,c.198 BCE,Unknown,NULL,Hr,35.37000000,33.42000000,5,Severe,Unknown,10,10.00000000,Unknown,-1.00000000,NULL,NULL,NULL,NULL,NULL,NULL,"AM and GCT (p. 145) after Posidonius: ""As a result of an earthquake in Phoenicia..."". The earthuqkae is reported to damage Sidon so it is resonable to assume other locations in Phoenicia (Present day Lebanon) were damaged as well",23,C-N
155,5472F125-084A-49EE-BE2A-AADB2C17C1C2,Sidon,14,c.198 BCE,Unknown,NULL,Hr,35.37000000,33.56000000,4,Heavy,"Few casualties

",10-11,10.50000000,Unknown,-1.00000000,NULL,NULL,NULL,NULL,NULL,NULL,"TODO - where is the reference of landslides?

GCT (p. 145) after Posidonius: ""As a result of an earthquake in Phoenicia, a city above Sidon was swallowed up, and almost two-thirds of Sidon itself collapsed, but the number of victims was limited, because it did not happen in a single shock""",23,C-N
156,E0A3CC35-34B4-4C7A-99A6-8B69DCCFA2BF,Syria (A),14,c.198 BCE,Unknown,NULL,Hr,37.03000000,34.93000000,3,Moderate,Unknown,8,8.00000000,Unknown,-1.00000000,NULL,NULL,NULL,NULL,NULL,NULL,"GCT (p. 145) after Posidonius: ""The same disaster struck the whole of Syria, but with moderate intensity"".
The intensity of the earthquake seems to be lower than in Lebanon (Phoenicia)",23,C-N
157,DA8E5967-B9B3-47EE-99BB-1B767B08C6E5,Antakya,17,148 Feb 21 (130?) BCE,S,NULL,Dr,36.16000000,36.20000000,4,Heavy,Unknown,9-10,9.50000000,Unknown,-1.00000000,NULL,NULL,NULL,NULL,NULL,NULL,"AM and GCT are basin on Malalas which in turn, is based on Domninus. AM (p. 95) doubts the report and suggests that it ""might originally have been the defeat of Antiochus VII, which, with its loss of life, would have affected the city almost as heavily as an earthquake""",26,N
158,D843F5FD-6514-4334-BECA-02539A39DD12,Judea (A),20,31 early spring BCE,S,6.70000000,Hr,35.35000000,32.08000000,4,Heavy,Many casualties,10,10.00000000,Unknown,-1.00000000,NULL,NULL,NULL,NULL,30000,NULL,"GCT (p. 173-174) based on Josephus suggest a strong earthquake with many casualties in Judea. However, the 30000 casualtiles according to Josephus seems to be exagarated",34,C
160,C4166415-0697-447A-B77C-2DBE634B82CB,Jericho,20,31 early spring BCE,S,6.70000000,Dr,35.46264709,31.86013890,0,None,Unknown,Unknown,-1.00000000,Unknown,-1.00000000,NULL,NULL,NULL,NULL,NULL,NULL,"AM following RH disscussesa fault scarp showing a 3.5-m throw near
Hisham’s Palace at Jericho and at Deir Hajla, which is midway between Jericho and the Dead Sea (Reches and
Hoexter 1981; Amiran et al. 1994; Nur and Ron 1996). They thought it might have been associated with the
31BC earthquake mentioned by Josephus. However, a fault break with a 3.5-m throw corresponds to a catastrophic earthquake that Jericho, Jerusalem and other urban centres could not have survived",34,C
161,43673396-9724-4A3E-808E-1F92C886D9F0,Qatana,20,31 early spring BCE,S,6.70000000,Dr,36.08000000,33.43000000,1,Felt,No casualties,6,6.00000000,Unknown,-1.00000000,NULL,NULL,NULL,NULL,NULL,NULL,Following AM: the lack of damage and casualties is probably because the Nabateans were camping in the open.,34,C
162,7C6E6DED-E60B-4CDB-A57F-128CA0DF9B3E,Lod,20,31 early spring BCE,S,6.70000000,Dr,34.90000000,31.95000000,3,Moderate,Unknown,8,8.00000000,Unknown,-1.00000000,NULL,NULL,NULL,NULL,NULL,NULL,The damage to Lod (Salamis; Diospolis) is doubtful and can be a mere misinterpretation with salamis in Cyprus (and the 15-17 cyprus earthquake),34,C
163,24D682FB-C75F-469B-9F6B-0E924EFF25AE,Qumran,20,31 early spring BCE,S,6.70000000,Dr,35.45000000,31.74000000,3,Moderate,Unknown,8-9,8.50000000,Unknown,-1.00000000,NULL,NULL,NULL,NULL,NULL,NULL,"Following NURO and AM: ‘. . . this
earthquake destroyed the building and ruptured the water supply of the monastery of the Essene at Qumran, 22 km east of Jerusalem, which probably forced the inhabitants
to abandon the town for several decades. They add that the 2,000 year-old fault rupture in the stairs of the cistern appears as fresh as if it had happened yesterday . . .’",34,C
164,84EBEC4B-4A4E-4CF1-9140-4A34DDCF325C,Salem,20,31 early spring BCE,S,6.70000000,Dr,35.54940000,31.83750000,3,Moderate,Unknown,8,8.00000000,Unknown,-1.00000000,NULL,NULL,NULL,NULL,NULL,NULL,"AM questions the damage to Salim of John (Salem, Salamis, Salumias) on the Jordan banks.",34,C
165,88A5A9E6-4DD9-4BF2-8A48-A6D7724D1040,Samaria,20,31 early spring BCE,S,6.70000000,Dr,35.29000000,32.42000000,3,Moderate,Unknown,8,8.00000000,Unknown,-1.00000000,NULL,NULL,NULL,NULL,NULL,NULL,"AM: It has been suggested that the
reference should be to Salaminias in Syria or to Samaria in Palestine, which is not tenable (Stauffenberg 1931, 179,
n. 108)",34,C
166,43144816-00B0-473F-992D-34AFDCE4A6B6,Heshbon,20,31 early spring BCE,S,6.70000000,Dr,35.77000000,31.79000000,3,Moderate,Unknown,8,8.00000000,Unknown,-1.00000000,NULL,NULL,NULL,NULL,NULL,NULL,"AM following Mitchell 1992, 54",34,C
170,E2AF6807-EFF8-4DD0-8B54-15C627573228,Olives Mt.,8,c.760-750 BCE,S,7.83000000,Dr,35.24405353,31.77460928,0,None,Unknown,Unknown,-1.00000000,Unknown,-1.00000000,NULL,NULL,NULL,NULL,NULL,NULL,"The Mount of Olives, east of Jerusalem, was split and form a valley. No apparent rupture was found but a landslide may have occurred (AM; GCT after Isaiah and Zecharia).",15,C
173,DA8E5967-B9B3-47EE-99BB-1B767B08C6E5,Antakya,254,c.65 BCE,S,NULL,Mr,36.16000000,36.20000000,5,Severe,Many casualties,9-10,9.50000000,Unknown,-1.00000000,NULL,NULL,NULL,NULL,NULL,NULL,GCT after Malalas sugget the Senat building has collapsed,30,N
174,E0A3CC35-34B4-4C7A-99A6-8B69DCCFA2BF,Syria (A),254,c.65 BCE,S,NULL,Hr,37.03000000,34.93000000,5,Severe,Many casualties,11,11.00000000,Unknown,-1.00000000,NULL,NULL,NULL,NULL,170000,NULL,GCT (p. 162) and AM (p. 96) following Justin (3rd century CE): many Syrian cities were destroyed.,30,N
175,AF9EB27E-D03C-4DE0-B516-FA84D5DFDFAD,Tel Sukas,254,c.65 BCE,S,NULL,Dr,35.93000000,35.30000000,3,Moderate,Unknown,8,8.00000000,Unknown,-1.00000000,NULL,NULL,NULL,NULL,NULL,NULL,AM following Riis 1970; Lund 1986; Assaf 1997,30,N
177,372EE9DF-BD1C-4FE4-8BAF-B7DEDDA3BCA8,Jerusalem,26,33,S,NULL,Pr,35.23371042,31.77430227,0,None,Unknown,Unknown,-1.00000000,Unknown,-1.00000000,NULL,NULL,NULL,NULL,NULL,NULL,The testimony of St. Mathwre is not clear and one could not conclude for sure that Jerusalem has been hit.,38,C
178,DA8E5967-B9B3-47EE-99BB-1B767B08C6E5,Antakya,27,37 Mar 23  (morning),S,NULL,Hr,36.16000000,36.20000000,4,Heavy,Many casualties,Unknown,-1.00000000,Unknown,-1.00000000,NULL,NULL,NULL,NULL,NULL,NULL,"damage: Daphne, the hill of Orontes (Landslides)",39,N
181,DA8E5967-B9B3-47EE-99BB-1B767B08C6E5,Antakya,29,c.41-54,S,NULL,Mr,36.16000000,36.20000000,4,Heavy,Unknown,Unknown,-1.00000000,Unknown,-1.00000000,NULL,NULL,NULL,NULL,NULL,NULL,"damage: Ares temple, Artemis temple, Hercules temple",40,N
185,9B5E8456-5D4E-4E83-A872-D521B50A9510,Avdat,31,2nd century (c.110-114?),S,NULL,Pr,34.77000000,30.79000000,0,None,Unknown,Unknown,-1.00000000,Unknown,-1.00000000,NULL,NULL,NULL,NULL,NULL,NULL,Archeoseismic remain,42,S
186,DC4BC529-AC3D-49AD-8E5C-D570BC79FCAD,Masada,31,2nd century (c.110-114?),S,NULL,Pr,35.35000000,31.31000000,0,None,Unknown,Unknown,-1.00000000,Unknown,-1.00000000,NULL,NULL,NULL,NULL,NULL,NULL,Archeoseismic remain,42,S
187,BC9A9D77-3D9E-4EFF-92DF-177F0B87D823,Petra,31,2nd century (c.110-114?),S,NULL,Pr,35.44000000,30.32000000,0,None,Unknown,Unknown,-1.00000000,Unknown,-1.00000000,NULL,NULL,NULL,NULL,NULL,NULL," Archeoseismic remain",42,S
188,7C6E6DED-E60B-4CDB-A57F-128CA0DF9B3E,Lod,288,44-32 BCE,S,NULL,Dr,34.90000000,31.95000000,4,Heavy,Unknown,9,9.00000000,Unknown,-1.00000000,NULL,NULL,NULL,NULL,NULL,NULL,"AM: Since one edition of one of the late sources has a very similar earthquake for ‘Salamis in Cyprus (in the district) of Syria’, confusing Salamis with the Paphos earthquake of 17–15 BC, it is likely that this record for Palestine is the result of confusing the Palestine (31 BC) and Cyprus (17–15 BC) earthquakes",32,C
192,1EBBDB95-7238-4136-BC07-DD8639C73F05,Tyre,39,303 Apr 2,S,7.10000000,Hr,35.21000000,33.26000000,4,Heavy,Many casualties,Unknown,-1.00000000,Unknown,-1.00000000,NULL,NULL,NULL,NULL,NULL,NULL,NULL,53,C-N
193,5472F125-084A-49EE-BE2A-AADB2C17C1C2,Sidon,39,303 Apr 2,S,7.10000000,Hr,35.37000000,33.56000000,4,Heavy,Many casualties,Unknown,-1.00000000,Unknown,-1.00000000,NULL,NULL,NULL,NULL,NULL,NULL,NULL,53,C-N
194,E0A3CC35-34B4-4C7A-99A6-8B69DCCFA2BF,Syria (A),39,303 Apr 2,S,7.10000000,Hr,37.03000000,34.93000000,4,Heavy,Many casualties,Unknown,-1.00000000,Unknown,-1.00000000,NULL,NULL,NULL,NULL,NULL,NULL,NULL,53,C-N
195,AE7837A5-B089-4B7F-BDCE-1F878798BFE0,Byblus,39,303 Apr 2,S,7.10000000,Pr,35.64000000,34.11000000,0,None,Unknown,Unknown,-1.00000000,Unknown,-1.00000000,NULL,NULL,NULL,NULL,NULL,NULL,Archaeoseismic remain,53,C-N
196,88B2E1F9-59C3-4C40-AC86-2E7E2764725A,Jish,39,303 Apr 2,S,7.10000000,Pr,35.43000000,33.10000000,0,None,Unknown,Unknown,-1.00000000,Unknown,-1.00000000,NULL,NULL,NULL,NULL,NULL,NULL,Archaeoseismic Remain,53,C-N
197,32CCC3A0-A7EE-46D7-92AA-6818C0DB8787,Caesarea,39,303 Apr 2,S,7.10000000,Mr,34.89000000,32.50000000,1,Felt,No casualties,Unknown,-1.00000000,Unknown,-1.00000000,NULL,NULL,NULL,NULL,NULL,NULL,NULL,53,C-N
198,D10B0336-2D82-4E78-A1B2-A300A02903E7,Beirut,44,347 Sep (348/349),S,NULL,Mr,35.48000000,33.89000000,5,Severe,Unknown,Unknown,-1.00000000,Unknown,-1.00000000,NULL,NULL,NULL,NULL,NULL,NULL,NULL,55,C-N
199,9A6A9880-4FAD-471D-91C9-27E9D4205D05,A-Salt,45,363 May 18-19 (3rd hour-night),MA,6.70000000,Hr,35.72000000,32.03000000,4,Heavy,Unknown,Unknown,-1.00000000,Unknown,-1.00000000,NULL,NULL,NULL,NULL,NULL,NULL,NULL,56,C
200,70D76B3D-082F-4D76-81CB-9D612BA61AB4,A-Lajon,45,363 May 18-19 (3rd hour-night),MA,6.70000000,Pr,35.37000000,32.63000000,0,None,Unknown,Unknown,-1.00000000,Unknown,-1.00000000,NULL,NULL,NULL,NULL,NULL,NULL,Archaeoseismic Remain,56,C
201,DA8E5967-B9B3-47EE-99BB-1B767B08C6E5,Antakya,45,363 May 18-19 (3rd hour-night),MA,6.70000000,Pr,36.16000000,36.20000000,3,Moderate,Many casualties,Unknown,-1.00000000,Unknown,-1.00000000,NULL,NULL,NULL,NULL,NULL,NULL,NULL,56,C
202,FB9E1223-F579-4C9A-8C54-7982B1A5968F,Antipatris,45,363 May 18-19 (3rd hour-night),MA,6.70000000,Hr,34.93000000,32.10000000,5,Severe,Unknown,Unknown,-1.00000000,Unknown,-1.00000000,NULL,NULL,NULL,NULL,NULL,NULL,NULL,56,C
203,E7EC9887-993F-4C96-B43C-2DC87CD35A46,Araq el-Amir,45,363 May 18-19 (3rd hour-night),MA,6.70000000,Pr,35.75000000,31.91000000,0,None,Unknown,Unknown,-1.00000000,Unknown,-1.00000000,NULL,NULL,NULL,NULL,NULL,NULL,Archaeoseismic Remain,56,C
204,A5F24953-627D-4CC5-A347-03A7109C742E,Areopolis,45,363 May 18-19 (3rd hour-night),MA,6.70000000,Hr,35.73000000,31.26000000,4,Heavy,Unknown,Unknown,-1.00000000,Unknown,-1.00000000,NULL,NULL,NULL,NULL,NULL,NULL,36,56,C
205,ED27095C-AC24-43D7-9918-9E70F85A7D02,Ashdod,45,363 May 18-19 (3rd hour-night),MA,6.70000000,Hr,34.67000000,31.76000000,4,Heavy,Unknown,Unknown,-1.00000000,Unknown,-1.00000000,NULL,NULL,NULL,NULL,NULL,NULL,NULL,56,C
206,ABB62C18-3D51-4A5A-A8CA-BB19D585F343,Ashkelon,45,363 May 18-19 (3rd hour-night),MA,6.70000000,Hr,34.54000000,31.66000000,4,Heavy,Unknown,Unknown,-1.00000000,Unknown,-1.00000000,NULL,NULL,NULL,NULL,NULL,NULL,NULL,56,C
207,9B5E8456-5D4E-4E83-A872-D521B50A9510,Avdat,45,363 May 18-19 (3rd hour-night),MA,6.70000000,Pr,34.77000000,30.79000000,0,None,Unknown,Unknown,-1.00000000,Unknown,-1.00000000,NULL,NULL,NULL,NULL,NULL,NULL,Archaeoseismic remain,56,C
208,85B2C229-F775-44F1-B9E6-97C368BAF9AE,Baniyas [IL],45,363 May 18-19 (3rd hour-night),MA,6.70000000,Hr,35.61000000,33.24000000,4,Heavy,Unknown,Unknown,-1.00000000,Unknown,-1.00000000,NULL,NULL,NULL,NULL,NULL,NULL,NULL,56,C
209,489019A7-9768-4F28-939D-09844D9D0B7D,Bet-Govrin,45,363 May 18-19 (3rd hour-night),MA,6.70000000,Hr,34.90000000,31.60000000,4,Heavy,Unknown,Unknown,-1.00000000,Unknown,-1.00000000,NULL,NULL,NULL,NULL,NULL,NULL,NULL,56,C
210,908ADBB8-45E6-4574-AF87-D0765398DBF3,Bet-She'an,45,363 May 18-19 (3rd hour-night),MA,6.70000000,Hr,35.48000000,32.50000000,4,Heavy,Unknown,Unknown,-1.00000000,Unknown,-1.00000000,NULL,NULL,NULL,NULL,NULL,NULL,NULL,56,C
211,0CF5D0FF-EE32-4BBA-8433-268465E342FD,Bet-Shearim,45,363 May 18-19 (3rd hour-night),MA,6.70000000,Pr,35.12000000,32.70000000,0,None,Unknown,Unknown,-1.00000000,Unknown,-1.00000000,NULL,NULL,NULL,NULL,NULL,NULL,Archaeoseismic Remain,56,C
212,32CCC3A0-A7EE-46D7-92AA-6818C0DB8787,Caesarea,45,363 May 18-19 (3rd hour-night),MA,6.70000000,Hr,34.89000000,32.50000000,4,Heavy,Unknown,Unknown,-1.00000000,Unknown,-1.00000000,NULL,NULL,NULL,NULL,NULL,NULL,NULL,56,C
213,3437862C-4214-47EE-912D-40BDB3E9ABB7,'D'NWS (U),45,363 May 18-19 (3rd hour-night),MA,6.70000000,Pr,35.23000000,31.85000000,4,Heavy,Unknown,Unknown,-1.00000000,Unknown,-1.00000000,NULL,NULL,NULL,NULL,NULL,NULL,Un known location,56,C
214,4585AC67-8DDC-41CF-9AA6-8B1C03715D17,Gophna,45,363 May 18-19 (3rd hour-night),MA,6.70000000,Hr,35.21000000,31.96000000,4,Heavy,Unknown,Unknown,-1.00000000,Unknown,-1.00000000,NULL,NULL,NULL,NULL,NULL,NULL,NULL,56,C
215,4DB98FB7-2AD2-4043-A737-B9E71D391CAD,Haifa,45,363 May 18-19 (3rd hour-night),MA,6.70000000,Hr,35.00000000,32.82000000,4,Heavy,Unknown,Unknown,-1.00000000,Unknown,-1.00000000,NULL,NULL,NULL,NULL,NULL,NULL,NULL,56,C
216,5D16E549-BB9B-4106-A8FA-7D5D7618BBE5,Halutsa,45,363 May 18-19 (3rd hour-night),MA,6.70000000,Pr,34.65000000,31.09000000,0,None,Unknown,Unknown,-1.00000000,Unknown,-1.00000000,NULL,NULL,NULL,NULL,NULL,NULL,Archaeoseismic Remain,56,C
217,43144816-00B0-473F-992D-34AFDCE4A6B6,Heshbon,45,363 May 18-19 (3rd hour-night),MA,6.70000000,Pr,35.77000000,31.79000000,0,None,Unknown,Unknown,-1.00000000,Unknown,-1.00000000,NULL,NULL,NULL,NULL,NULL,NULL,Archaeoseismic Remain,56,C
218,22ECD9ED-EB41-4957-A438-E90C1F3A2211,Jaffa,45,363 May 18-19 (3rd hour-night),MA,6.70000000,Hr,34.75000000,32.05000000,5,Severe,Unknown,Unknown,-1.00000000,Unknown,-1.00000000,NULL,NULL,NULL,NULL,NULL,NULL,NULL,56,C
219,372EE9DF-BD1C-4FE4-8BAF-B7DEDDA3BCA8,Jerusalem,45,363 May 18-19 (3rd hour-night),MA,6.70000000,Hr,35.23371042,31.77430227,4,Heavy,Unknown,Unknown,-1.00000000,Unknown,-1.00000000,NULL,NULL,NULL,NULL,NULL,NULL,NULL,56,C
220,6B6A9E12-356E-4381-8F29-470B6C580922,Hada (U),45,363 May 18-19 (3rd hour-night),MA,6.70000000,Hr,35.26306682,31.79656120,4,Heavy,Unknown,Unknown,-1.00000000,Unknown,-1.00000000,NULL,NULL,NULL,NULL,NULL,NULL,un known location,56,C
221,AA35A5ED-3ADB-4654-B3E7-8F53EE7D1413,Holy Mt./Temple,45,363 May 18-19 (3rd hour-night),MA,6.70000000,Hr,35.23555404,31.77788817,2,Light,Unknown,Unknown,-1.00000000,Unknown,-1.00000000,NULL,NULL,NULL,NULL,NULL,NULL,NULL,56,C
222,7B6C2F6D-B881-40B4-9EED-48B5027B8F4D,Kfar Nahum,45,363 May 18-19 (3rd hour-night),MA,6.70000000,Pr,35.57000000,31.09000000,0,None,Unknown,Unknown,-1.00000000,Unknown,-1.00000000,NULL,NULL,NULL,NULL,NULL,NULL,Archaeoseismic Remain,56,C
223,7C6E6DED-E60B-4CDB-A57F-128CA0DF9B3E,Lod,45,363 May 18-19 (3rd hour-night),MA,6.70000000,Hr,34.90000000,31.95000000,4,Heavy,Unknown,Unknown,-1.00000000,Unknown,-1.00000000,NULL,NULL,NULL,NULL,NULL,NULL,NULL,56,C
224,DD566610-A9BF-4DD2-992D-42A5685780A7,Meiron,45,363 May 18-19 (3rd hour-night),MA,6.70000000,Pr,35.44000000,32.98000000,0,None,Unknown,Unknown,-1.00000000,Unknown,-1.00000000,NULL,NULL,NULL,NULL,NULL,NULL,Archaeoseismic Remain,56,C
225,C601857B-C043-4546-85FC-41C8D3548F01,Nablus,45,363 May 18-19 (3rd hour-night),MA,6.70000000,Pr,35.25000000,32.21000000,0,None,Unknown,Unknown,-1.00000000,Unknown,-1.00000000,NULL,NULL,NULL,NULL,NULL,NULL,Archaeoseismic Remain,56,C
226,D6D126BA-C9B0-40E4-AEAF-A6C20CF0FA5C,Nicopolis [IL],45,363 May 18-19 (3rd hour-night),MA,6.70000000,Hr,34.98000000,31.83000000,5,Severe,Unknown,Unknown,-1.00000000,Unknown,-1.00000000,NULL,NULL,NULL,NULL,NULL,NULL,NULL,56,C
227,B50E3882-C41F-4160-B625-D04057259A2D,NSL (U),45,363 May 18-19 (3rd hour-night),MA,6.70000000,Pr,33.65082151,33.05128774,4,Heavy,Unknown,Unknown,-1.00000000,Unknown,-1.00000000,NULL,NULL,NULL,NULL,NULL,NULL,Un known location,56,C
228,5A686BB1-27BE-45D3-9FFC-A684F46DF552,Palestine (A),45,363 May 18-19 (3rd hour-night),MA,6.70000000,Vr,35.20000000,32.39000000,4,Heavy,Unknown,Unknown,-1.00000000,Unknown,-1.00000000,NULL,NULL,NULL,NULL,NULL,NULL,NULL,56,C
229,BC9A9D77-3D9E-4EFF-92DF-177F0B87D823,Petra,45,363 May 18-19 (3rd hour-night),MA,6.70000000,Mr,35.44000000,30.32000000,4,Heavy,Unknown,Unknown,-1.00000000,Unknown,-1.00000000,NULL,NULL,NULL,NULL,NULL,NULL,Appears as RQM in Cyril's letter and translated by Brock 1977. Also Archeoseismic remain (Russel 1985),56,C
230,88A5A9E6-4DD9-4BF2-8A48-A6D7724D1040,Samaria,45,363 May 18-19 (3rd hour-night),MA,6.70000000,Hr,35.29000000,32.42000000,4,Heavy,Unknown,Unknown,-1.00000000,Unknown,-1.00000000,NULL,NULL,NULL,NULL,NULL,NULL,NULL,56,C
231,79144BB7-A01C-4D7B-8DCA-AB5DE4A5FEF2,Sebastia,45,363 May 18-19 (3rd hour-night),MA,6.70000000,Hr,35.19000000,32.27000000,5,Severe,Unknown,Unknown,-1.00000000,Unknown,-1.00000000,NULL,NULL,NULL,NULL,NULL,NULL,NULL,56,C
232,E0A3CC35-34B4-4C7A-99A6-8B69DCCFA2BF,Syria (A),45,363 May 18-19 (3rd hour-night),MA,6.70000000,Vr,37.03000000,34.93000000,0,None,Unknown,Unknown,-1.00000000,Unknown,-1.00000000,NULL,NULL,NULL,NULL,NULL,NULL,NULL,56,C
233,298E6A51-CC52-4806-9266-8CE38BA95E52,Tiberias,45,363 May 18-19 (3rd hour-night),MA,6.70000000,Hr,35.54223594,32.78604531,4,Heavy,Many casualties,Unknown,-1.00000000,Unknown,-1.00000000,NULL,NULL,NULL,NULL,NULL,NULL,"Cyril: """"Part of Tiberias too, and its territory,",56,C
234,24F50115-6689-4344-A1D9-2CBC59DEEA83,Tzipori,45,363 May 18-19 (3rd hour-night),MA,6.70000000,Hr,35.28000000,32.75000000,5,Severe,Unknown,Unknown,-1.00000000,Unknown,-1.00000000,NULL,NULL,NULL,NULL,NULL,NULL,NULL,56,C
236,372EE9DF-BD1C-4FE4-8BAF-B7DEDDA3BCA8,Jerusalem,47,418/419,Unknown,6.50000000,Hr,35.23371042,31.77430227,1,Felt,Unknown,Unknown,-1.00000000,Unknown,-1.00000000,NULL,NULL,NULL,NULL,NULL,NULL,NULL,61,C
237,5A686BB1-27BE-45D3-9FFC-A684F46DF552,Palestine (A),47,418/419,Unknown,6.50000000,Vr,35.20000000,32.39000000,0,None,Unknown,Unknown,-1.00000000,Unknown,-1.00000000,NULL,NULL,NULL,NULL,NULL,NULL,NULL,61,C
238,FB9E1223-F579-4C9A-8C54-7982B1A5968F,Antipatris,47,418/419,Unknown,6.50000000,Pr,34.93000000,32.10000000,0,None,Unknown,Unknown,-1.00000000,Unknown,-1.00000000,NULL,NULL,NULL,NULL,NULL,NULL,Archaeoseismic Remain,61,C
239,88B2E1F9-59C3-4C40-AC86-2E7E2764725A,Jish,47,418/419,Unknown,6.50000000,Pr,35.43000000,33.10000000,0,None,Unknown,Unknown,-1.00000000,Unknown,-1.00000000,NULL,NULL,NULL,NULL,NULL,NULL,Archaeoseismic Remain,61,C
240,53A4AB96-0AE9-4FE5-9F7B-26E950992249,Khirbet Shema (U),47,418/419,Unknown,6.50000000,Pr,33.65082151,33.05128774,0,None,Unknown,Unknown,-1.00000000,Unknown,-1.00000000,NULL,NULL,NULL,NULL,NULL,NULL,Archaeoseismic Remain,61,C
241,5D52215F-E3A4-4ACA-A87B-5DFFD8D8BB9E,Khorazim,47,418/419,Unknown,6.50000000,Pr,35.65000000,32.82000000,0,None,Unknown,Unknown,-1.00000000,Unknown,-1.00000000,NULL,NULL,NULL,NULL,NULL,NULL,Archaeoseismic Remain,61,C
242,93F14479-704C-4AEB-A37C-0FE08F683F24,Akko,52,502 Aug 22 night,S,7.00000000,Vr,35.07000000,32.92000000,5,Severe,Unknown,Unknown,-1.00000000,Unknown,-1.00000000,NULL,NULL,NULL,NULL,NULL,NULL,NULL,72,C-N
243,1EBBDB95-7238-4136-BC07-DD8639C73F05,Tyre,52,502 Aug 22 night,S,7.00000000,Vr,35.21000000,33.26000000,4,Heavy,Unknown,Unknown,-1.00000000,Unknown,-1.00000000,NULL,NULL,NULL,NULL,NULL,NULL,NULL,72,C-N
244,5472F125-084A-49EE-BE2A-AADB2C17C1C2,Sidon,52,502 Aug 22 night,S,7.00000000,Vr,35.37000000,33.56000000,4,Heavy,Unknown,Unknown,-1.00000000,Unknown,-1.00000000,NULL,NULL,NULL,NULL,NULL,NULL,NULL,72,C-N
245,D10B0336-2D82-4E78-A1B2-A300A02903E7,Beirut,52,502 Aug 22 night,S,7.00000000,Vr,35.48000000,33.89000000,3,Moderate,Unknown,Unknown,-1.00000000,Unknown,-1.00000000,NULL,NULL,NULL,NULL,NULL,NULL,NULL,72,C-N
246,88B2E1F9-59C3-4C40-AC86-2E7E2764725A,Jish,52,502 Aug 22 night,S,7.00000000,Pr,35.43000000,33.10000000,0,None,Unknown,Unknown,-1.00000000,Unknown,-1.00000000,NULL,NULL,NULL,NULL,NULL,NULL,Archaeoseismic Remain,72,C-N
247,D10B0336-2D82-4E78-A1B2-A300A02903E7,Beirut,56,551 Jul 9,MA,7.50000000,Vr,35.48000000,33.89000000,4,Heavy,Many casualties,Unknown,-1.00000000,Unknown,-1.00000000,NULL,NULL,NULL,NULL,NULL,NULL,damage: the Roman Law School,83,C-N
249,1EBBDB95-7238-4136-BC07-DD8639C73F05,Tyre,56,551 Jul 9,MA,7.50000000,Vr,35.21000000,33.26000000,3,Moderate,"Few casualties

",Unknown,-1.00000000,Unknown,-1.00000000,NULL,NULL,NULL,NULL,NULL,NULL,NULL,83,C-N
250,5472F125-084A-49EE-BE2A-AADB2C17C1C2,Sidon,56,551 Jul 9,MA,7.50000000,Vr,35.37000000,33.56000000,4,Heavy,"Few casualties

",Unknown,-1.00000000,Unknown,-1.00000000,NULL,NULL,NULL,NULL,NULL,NULL,NULL,83,C-N
251,AE7837A5-B089-4B7F-BDCE-1F878798BFE0,Byblus,56,551 Jul 9,MA,7.50000000,Vr,35.64000000,34.11000000,4,Heavy,"Few casualties

",Unknown,-1.00000000,Unknown,-1.00000000,NULL,NULL,NULL,NULL,NULL,NULL,NULL,83,C-N
252,09252BEE-06F1-4C43-BC30-533B68813ED9,Batrun (Botrys),56,551 Jul 9,MA,7.50000000,Vr,35.64000000,34.25000000,4,Heavy,"Few casualties

",Unknown,-1.00000000,Unknown,-1.00000000,NULL,NULL,NULL,NULL,NULL,NULL,NULL,83,C-N
253,C8AC700E-1F60-45F7-9D1F-4F695EE1C87B,Tripoli,56,551 Jul 9,MA,7.50000000,Vr,35.83000000,34.43000000,4,Heavy,"Few casualties

",Unknown,-1.00000000,Unknown,-1.00000000,NULL,NULL,NULL,NULL,NULL,NULL,NULL,83,C-N
254,20F87349-37C6-454D-BFDE-3551DBA549AB,Sarfand,56,551 Jul 9,MA,7.50000000,Vr,35.28000000,33.45000000,4,Heavy,"Few casualties

",Unknown,-1.00000000,Unknown,-1.00000000,NULL,NULL,NULL,NULL,NULL,NULL,NULL,83,C-N
255,E48DBEC7-A933-4DD3-B0A7-616955F2AE08,Trieris,56,551 Jul 9,MA,7.50000000,Pr,36.00000000,34.70000000,4,Heavy,"Few casualties

",Unknown,-1.00000000,Unknown,-1.00000000,NULL,NULL,NULL,NULL,NULL,NULL,Location is not clear,83,C-N
256,AAB48A30-692A-445F-AC67-522A5063CBEF,Galilee (A),56,551 Jul 9,MA,7.50000000,Mr,35.45000000,32.91000000,1,Felt,Unknown,Unknown,-1.00000000,Unknown,-1.00000000,NULL,NULL,NULL,NULL,NULL,NULL,NULL,83,C-N
257,88A5A9E6-4DD9-4BF2-8A48-A6D7724D1040,Samaria,56,551 Jul 9,MA,7.50000000,Pr,35.29000000,32.42000000,0,None,Unknown,Unknown,-1.00000000,Unknown,-1.00000000,NULL,NULL,NULL,NULL,NULL,NULL,Archeoseismic Remain,83,C-N
258,252F6859-A330-41AD-9210-3FC8730D7E2A,Latakia,56,551 Jul 9,MA,7.50000000,Vr,35.77000000,35.51000000,3,Moderate,No casualties,Unknown,-1.00000000,Unknown,-1.00000000,NULL,NULL,NULL,NULL,NULL,NULL,NULL,83,C-N
259,8C66ED36-CB7F-4D4F-AFF0-56A9104695CA,Tartus,56,551 Jul 9,MA,7.50000000,Vr,35.88000000,34.88000000,4,Heavy,"Few casualties

",Unknown,-1.00000000,Unknown,-1.00000000,NULL,NULL,NULL,NULL,NULL,NULL,NULL,83,C-N
260,5C9FEE42-4817-4C3B-A724-740330C36572,Alexandria,56,551 Jul 9,MA,7.50000000,Hr,29.89000000,31.20000000,1,Felt,No casualties,Unknown,-1.00000000,Unknown,-1.00000000,NULL,NULL,NULL,NULL,NULL,NULL,NULL,83,C-N
261,759E7003-BCE1-4291-BF68-5DC8A2355AA5,Nile Delta (A),56,551 Jul 9,MA,7.50000000,Hr,31.42000000,30.89000000,1,Felt,No casualties,Unknown,-1.00000000,Unknown,-1.00000000,NULL,NULL,NULL,NULL,NULL,NULL,NULL,83,C-N
262,DA8E5967-B9B3-47EE-99BB-1B767B08C6E5,Antakya,56,551 Jul 9,MA,7.50000000,Vr,36.16000000,36.20000000,1,Felt,No casualties,Unknown,-1.00000000,Unknown,-1.00000000,NULL,NULL,NULL,NULL,NULL,NULL,NULL,83,C-N
263,5A686BB1-27BE-45D3-9FFC-A684F46DF552,Palestine (A),56,551 Jul 9,MA,7.50000000,Vr,35.20000000,32.39000000,1,Felt,No casualties,Unknown,-1.00000000,Unknown,-1.00000000,NULL,NULL,NULL,NULL,NULL,NULL,NULL,83,C-N
264,8AB69AB8-D3B7-40A3-AF07-0ED9627CC7BE,S. Lebanease Coast (A),56,551 Jul 9,MA,7.50000000,Vr,35.30000000,33.32000000,4,Heavy,Many casualties,Unknown,-1.00000000,Unknown,-1.00000000,NULL,NULL,NULL,NULL,NULL,NULL,NULL,83,C-N
265,CEDF63D3-DE3B-4C19-A845-FB023C633391,Mesopotamia (A),56,551 Jul 9,MA,7.50000000,Pr,41.36000000,34.60000000,1,Felt,No casualties,Unknown,-1.00000000,Unknown,-1.00000000,NULL,NULL,NULL,NULL,NULL,NULL,NULL,83,C-N
266,4A78820E-B699-4C82-93FE-5E937DCC35E3,N. Lebanease Coast (A),56,551 Jul 9,MA,7.50000000,Vr,35.71000000,34.01000000,3,Moderate,No casualties,Unknown,-1.00000000,Unknown,-1.00000000,NULL,NULL,NULL,NULL,NULL,NULL,NULL,83,C-N
267,C9CF6781-0C9F-482C-83B2-B016363FDFDD,Arabia (A),56,551 Jul 9,MA,7.50000000,Pr,40.36000000,24.38000000,1,Felt,No casualties,Unknown,-1.00000000,Unknown,-1.00000000,NULL,NULL,NULL,NULL,NULL,NULL,NULL,83,C-N
269,BC9A9D77-3D9E-4EFF-92DF-177F0B87D823,Petra,56,551 Jul 9,MA,7.50000000,Pr,35.44000000,30.32000000,0,None,Unknown,Unknown,-1.00000000,Unknown,-1.00000000,NULL,NULL,NULL,NULL,NULL,NULL,Archeoseismic Remain,83,C-N
270,32CCC3A0-A7EE-46D7-92AA-6818C0DB8787,Caesarea,56,551 Jul 9,MA,7.50000000,Pr,34.89000000,32.50000000,4,Heavy,Unknown,Unknown,-1.00000000,Unknown,-1.00000000,NULL,NULL,NULL,NULL,NULL,NULL,Archeoseismic Remain,83,C-N
271,88B2E1F9-59C3-4C40-AC86-2E7E2764725A,Jish,56,551 Jul 9,MA,7.50000000,Pr,35.43000000,33.10000000,0,None,Unknown,Unknown,-1.00000000,Unknown,-1.00000000,NULL,NULL,NULL,NULL,NULL,NULL,Archeoseismic Remain,83,C-N
272,9D4E64A0-289E-4C6F-8B52-D9196BC6164F,Ramat Rachel,56,551 Jul 9,MA,7.50000000,Pr,35.21000000,31.73000000,0,None,Unknown,Unknown,-1.00000000,Unknown,-1.00000000,NULL,NULL,NULL,NULL,NULL,NULL,Archeoseismic Remain,83,C-N
273,5A686BB1-27BE-45D3-9FFC-A684F46DF552,Palestine (A),63,634 Sep,MA,6.00000000,Vr,35.20000000,32.39000000,0,None,Unknown,Unknown,-1.00000000,Unknown,-1.00000000,NULL,NULL,NULL,NULL,NULL,NULL,NULL,95,C
275,908ADBB8-45E6-4574-AF87-D0765398DBF3,Bet-She'an,63,634 Sep,MA,6.00000000,Pr,35.48000000,32.50000000,0,None,Unknown,Unknown,-1.00000000,Unknown,-1.00000000,NULL,NULL,NULL,NULL,NULL,NULL,Archaeoseismic Remain,95,C
276,A3D8BD36-C027-40E1-A800-671F9FC18FEC,Jeresh,63,634 Sep,MA,6.00000000,Pr,35.85000000,32.28000000,0,None,Unknown,Unknown,-1.00000000,Unknown,-1.00000000,NULL,NULL,NULL,NULL,NULL,NULL,Archaeoseismic Remain,95,C
277,32CCC3A0-A7EE-46D7-92AA-6818C0DB8787,Caesarea,63,634 Sep,MA,6.00000000,Pr,34.89000000,32.50000000,0,None,Unknown,Unknown,-1.00000000,Unknown,-1.00000000,NULL,NULL,NULL,NULL,NULL,NULL,Archaeoseismic Remain,95,C
279,1E3EDE07-AE35-4A11-A474-D1CBCB7DA759,Pella,56,551 Jul 9,MA,7.50000000,Pr,35.57000000,32.46000000,0,None,Unknown,Unknown,-1.00000000,Unknown,-1.00000000,NULL,NULL,NULL,NULL,NULL,NULL,Archaeoseismic Remain,83,C-N
280,11A1487E-27D7-4A7E-B810-B9BDB80B99B0,Damascus,299,643-644,S,NULL,Pr,36.29000000,33.51000000,1,Felt,Unknown,Unknown,-1.00000000,Unknown,-1.00000000,NULL,NULL,NULL,NULL,NULL,NULL,NULL,97,C-N
281,5A686BB1-27BE-45D3-9FFC-A684F46DF552,Palestine (A),65,659 Jun 7 (659 Sep-660 Aug),MA,6.60000000,Vr,35.20000000,32.39000000,3,Moderate,Unknown,Unknown,-1.00000000,Unknown,-1.00000000,NULL,NULL,NULL,NULL,NULL,NULL,NULL,98,C
282,C63614DC-B922-4B1B-A59D-5A094A45308A,Laura of Euthymius,65,659 Jun 7 (659 Sep-660 Aug),MA,6.60000000,Vr,35.83000000,31.78000000,3,Moderate,Many casualties,Unknown,-1.00000000,Unknown,-1.00000000,NULL,NULL,NULL,NULL,NULL,NULL,NULL,98,C
283,C4166415-0697-447A-B77C-2DBE634B82CB,Jericho,65,659 Jun 7 (659 Sep-660 Aug),MA,6.60000000,Vr,35.46264709,31.86013890,4,Heavy,Unknown,Unknown,-1.00000000,Unknown,-1.00000000,NULL,NULL,NULL,NULL,NULL,NULL,NULL,98,C
285,E0A3CC35-34B4-4C7A-99A6-8B69DCCFA2BF,Syria (A),65,659 Jun 7 (659 Sep-660 Aug),MA,6.60000000,Pr,37.03000000,34.93000000,3,Moderate,Unknown,Unknown,-1.00000000,Unknown,-1.00000000,NULL,NULL,NULL,NULL,NULL,NULL,NULL,98,C
286,E3783255-BB01-4698-98C3-EFAFE8BDCFC9,Deir Mar-Elias [IL],65,659 Jun 7 (659 Sep-660 Aug),MA,6.60000000,Pr,35.20000000,31.71000000,3,Moderate,Unknown,Unknown,-1.00000000,Unknown,-1.00000000,NULL,NULL,NULL,NULL,NULL,NULL,NULL,98,C
288,CEDF63D3-DE3B-4C19-A845-FB023C633391,Mesopotamia (A),233,717 Dec 24,MA,NULL,Hr,41.36000000,34.60000000,0,None,Unknown,Unknown,-1.00000000,Unknown,-1.00000000,NULL,NULL,NULL,NULL,NULL,NULL,NULL,106,C-N
289,298E6A51-CC52-4806-9266-8CE38BA95E52,Tiberias,81,853 Jun 12 - 854 Jun1,S,NULL,Pr,35.54223594,32.78604531,4,Heavy,"Few casualties

",Unknown,-1.00000000,Unknown,-1.00000000,NULL,NULL,NULL,NULL,NULL,NULL,NULL,121,C
290,11A1487E-27D7-4A7E-B810-B9BDB80B99B0,Damascus,93,991 Apr 5 (night),MA,NULL,Vr,36.29000000,33.51000000,4,Heavy,Many casualties,Unknown,-1.00000000,Unknown,-1.00000000,NULL,NULL,NULL,NULL,NULL,NULL,NULL,133,C-N
291,8B0ECE77-755E-4497-BE34-6EA7DCB86A9C,Baalbeq,93,991 Apr 5 (night),MA,NULL,Vr,36.20000000,34.00000000,0,None,Unknown,Unknown,-1.00000000,Unknown,-1.00000000,NULL,NULL,NULL,NULL,NULL,NULL,NULL,133,C-N
292,4D8BF72B-9E4A-44A6-989E-8DAA6ED404EB,Al-Dumayr,93,991 Apr 5 (night),MA,NULL,Vr,36.69000000,33.64000000,4,Heavy,Many casualties,Unknown,-1.00000000,Unknown,-1.00000000,NULL,NULL,NULL,NULL,NULL,NULL,NULL,133,C-N
296,2F73C0CC-D218-4082-A1C1-C85AD707944A,Busra,70,c.746 Jan,MA,7.20000000,Dr,36.48000000,32.51000000,4,Heavy,Unknown,8,8.00000000,Unknown,-1.00000000,NULL,NULL,NULL,NULL,NULL,NULL,"Bosra was ruined, but details
are lacking (AM)",110,N
299,FBE9C841-88F2-43C5-B861-3F1B95B8C457,Nawa,70,c.746 Jan,MA,7.20000000,Dr,36.03000000,32.89000000,4,Heavy,Unknown,8-9,8.50000000,Unknown,-1.00000000,NULL,NULL,NULL,NULL,NULL,NULL,"It is said that, further south, Nawa and Deraat were destroyed (AM)",110,N
300,C4166415-0697-447A-B77C-2DBE634B82CB,Jericho,71,749/Early 750,FM,7.20000000,Pr,35.46264709,31.86013890,3,Moderate,Unknown,Unknown,-1.00000000,Unknown,-1.00000000,NULL,NULL,NULL,NULL,NULL,NULL,NULL,111,C
302,E0A3CC35-34B4-4C7A-99A6-8B69DCCFA2BF,Syria (A),70,c.746 Jan,MA,7.20000000,Vr,37.03000000,34.93000000,4,Heavy,Many casualties,Unknown,-1.00000000,Unknown,-1.00000000,NULL,NULL,NULL,NULL,NULL,NULL,NULL,110,N
303,5A686BB1-27BE-45D3-9FFC-A684F46DF552,Palestine (A),71,749/Early 750,FM,7.20000000,Vr,35.20000000,32.39000000,4,Heavy,Many casualties,Unknown,-1.00000000,Unknown,-1.00000000,NULL,NULL,NULL,NULL,NULL,NULL,NULL,111,C
307,11A1487E-27D7-4A7E-B810-B9BDB80B99B0,Damascus,70,c.746 Jan,MA,7.20000000,Hr,36.29000000,33.51000000,3,Moderate,No casualties,7-8,7.50000000,Unknown,-1.00000000,NULL,NULL,NULL,NULL,NULL,NULL,"In Damascus, although the earthquake was strong, creating panic and causing some of the
inhabitants to flee the city, the only evidence for damage in the city itself is the collapse of the Dajaj Suq (poultry market), which fell from the ‘Great Rocks’ (AM)",110,N
308,C3A224DF-9815-43F0-AC83-E03C671A4AEA,Mabbug,70,c.746 Jan,MA,7.20000000,Hr,37.95000000,36.53000000,3,Moderate,Unknown,Unknown,-1.00000000,Unknown,-1.00000000,NULL,NULL,NULL,NULL,NULL,NULL,NULL,110,N
310,8AB69AB8-D3B7-40A3-AF07-0ED9627CC7BE,S. Lebanease Coast (A),70,c.746 Jan,MA,7.20000000,Pr,35.30000000,33.32000000,0,None,Unknown,Unknown,-1.00000000,Unknown,-1.00000000,NULL,NULL,NULL,NULL,NULL,NULL,NULL,110,N
311,A5F24953-627D-4CC5-A347-03A7109C742E,Areopolis,71,749/Early 750,FM,7.20000000,Pr,35.73000000,31.26000000,3,Moderate,Unknown,Unknown,-1.00000000,Unknown,-1.00000000,NULL,NULL,NULL,NULL,NULL,NULL,in Balqa (within Moab),111,C
312,298E6A51-CC52-4806-9266-8CE38BA95E52,Tiberias,71,749/Early 750,FM,7.20000000,Vr,35.54223594,32.78604531,5,Severe,Many casualties,Unknown,-1.00000000,Unknown,-1.00000000,NULL,NULL,NULL,NULL,NULL,NULL,NULL,111,C
313,14EE52F4-6F41-47BF-B48C-D5E9FA458176,Istanbul,70,c.746 Jan,MA,7.20000000,Pr,28.96000000,41.02000000,4,Heavy,"Few casualties

",Unknown,-1.00000000,Unknown,-1.00000000,NULL,NULL,NULL,NULL,NULL,NULL,NULL,110,N
314,29419CF8-9A69-476F-8134-3FC66923FB18,Nicea,70,c.746 Jan,MA,7.20000000,Pr,29.71000000,40.41000000,4,Heavy,"Few casualties

",Unknown,-1.00000000,Unknown,-1.00000000,NULL,NULL,NULL,NULL,NULL,NULL,NULL,110,N
315,E14D7DB9-9A00-4F0C-A710-1442E7F3317A,Gaza,71,749/Early 750,FM,7.20000000,Pr,34.46000000,31.50000000,0,None,Unknown,Unknown,-1.00000000,Unknown,-1.00000000,NULL,NULL,NULL,NULL,NULL,NULL,NULL,111,C
316,97C8C610-C8AD-4078-85FE-26A445E516FF,Damietta,71,749/Early 750,FM,7.20000000,Pr,31.81000000,31.42000000,3,Moderate,Unknown,Unknown,-1.00000000,Unknown,-1.00000000,NULL,NULL,NULL,NULL,NULL,NULL,NULL,111,C
317,BF3D941B-3A5E-4C6E-9CDE-35515634AF69,Cairo,71,749/Early 750,FM,7.20000000,Pr,31.20000000,30.04000000,1,Felt,No casualties,Unknown,-1.00000000,Unknown,-1.00000000,NULL,NULL,NULL,NULL,NULL,NULL,NULL,111,C
318,908ADBB8-45E6-4574-AF87-D0765398DBF3,Bet-She'an,71,749/Early 750,FM,7.20000000,Vr,35.48000000,32.50000000,4,Heavy,Many casualties,Unknown,-1.00000000,Unknown,-1.00000000,NULL,NULL,NULL,NULL,NULL,NULL,Archaeoseismic Remain (Tzafris and Forester 1992),111,C
319,BF3D941B-3A5E-4C6E-9CDE-35515634AF69,Cairo,71,749/Early 750,FM,7.20000000,Pr,31.20000000,30.04000000,0,None,Unknown,Unknown,-1.00000000,Unknown,-1.00000000,NULL,NULL,NULL,NULL,NULL,NULL,NULL,111,C
320,B620EDF8-2758-48C7-AA94-9D474412B808,Khirbet Kerak,71,749/Early 750,FM,7.20000000,Vr,35.57000000,32.71000000,0,None,Unknown,Unknown,-1.00000000,Unknown,-1.00000000,NULL,NULL,NULL,NULL,NULL,NULL,Paeloseismic Evidence (Marco et al. 2003),111,C
321,4CAA9AB5-7F50-431B-ADEF-B1A2AEAF01A4,Desert of Sava (U),71,749/Early 750,FM,7.20000000,Pr,33.65082151,33.05128774,0,None,Unknown,Unknown,-1.00000000,Unknown,-1.00000000,NULL,NULL,NULL,NULL,NULL,NULL,NULL,111,C
322,3D4C960E-D2F2-4946-9AED-853E22EBDB81,Jezree'l Valley (A),71,749/Early 750,FM,7.20000000,Pr,35.35000000,32.53000000,0,None,Unknown,Unknown,-1.00000000,Unknown,-1.00000000,NULL,NULL,NULL,NULL,NULL,NULL,NULL,111,C
325,AA35A5ED-3ADB-4654-B3E7-8F53EE7D1413,Holy Mt./Temple,72,756 (757) Mar 9,Unknown,6.00000000,Vr,35.23555404,31.77788817,3,Moderate,Unknown,Unknown,-1.00000000,Unknown,-1.00000000,NULL,NULL,NULL,NULL,NULL,NULL," al Aqsa Mousqe",112,C
326,372EE9DF-BD1C-4FE4-8BAF-B7DEDDA3BCA8,Jerusalem,72,756 (757) Mar 9,Unknown,6.00000000,Vr,35.23371042,31.77430227,3,Moderate,Unknown,Unknown,-1.00000000,Unknown,-1.00000000,NULL,NULL,NULL,NULL,NULL,NULL,NULL,112,C
329,CEDF63D3-DE3B-4C19-A845-FB023C633391,Mesopotamia (A),72,756 (757) Mar 9,Unknown,6.00000000,Pr,41.36000000,34.60000000,0,None,Unknown,Unknown,-1.00000000,Unknown,-1.00000000,NULL,NULL,NULL,NULL,NULL,NULL,NULL,112,C
330,372EE9DF-BD1C-4FE4-8BAF-B7DEDDA3BCA8,Jerusalem,95,1016 Aug 27,S,NULL,Pr,35.23371042,31.77430227,3,Moderate,No casualties,Unknown,-1.00000000,Unknown,-1.00000000,NULL,NULL,NULL,NULL,NULL,NULL,Jerusalem / al Aqsa Mousqe: The Dome of the Rock in Jerusalem was allegedly damaged but no source (and there are only secondary sources) mentions an earthquake,136,C
331,5A686BB1-27BE-45D3-9FFC-A684F46DF552,Palestine (A),97,1033 Dec 5 (night),MA,6.80000000,Vr,35.20000000,32.39000000,4,Heavy,Many casualties,Unknown,-1.00000000,Unknown,-1.00000000,NULL,NULL,NULL,NULL,NULL,NULL,NULL,138,C
332,D2CC8734-4DB1-442B-8942-920C367191D9,Ramla,97,1033 Dec 5 (night),MA,6.80000000,Vr,34.87000000,31.92000000,4,Heavy,Many casualties,Unknown,-1.00000000,Unknown,-1.00000000,IX (MCS),NULL,NULL,NULL,NULL,NULL,"damage: Friday Mousqe, City Walls",138,C
335,C601857B-C043-4546-85FC-41C8D3548F01,Nablus,97,1033 Dec 5 (night),MA,6.80000000,Hr,35.25000000,32.21000000,4,Heavy,Many casualties,Unknown,-1.00000000,Unknown,-1.00000000,IX (MCS),NULL,NULL,NULL,NULL,NULL,NULL,138,C
336,6D1AB72C-0556-4E22-9E22-59F1C64EFAE1,Al-Badan,97,1033 Dec 5 (night),MA,6.80000000,Hr,35.31000000,32.25000000,0,None,Unknown,Unknown,-1.00000000,Unknown,-1.00000000,NULL,NULL,NULL,NULL,NULL,NULL,A village near Nablus,138,C
337,85B2C229-F775-44F1-B9E6-97C368BAF9AE,Baniyas [IL],97,1033 Dec 5 (night),MA,6.80000000,Hr,35.61000000,33.24000000,4,Heavy,Unknown,Unknown,-1.00000000,Unknown,-1.00000000,VII-VIII? (MCS),NULL,NULL,NULL,NULL,NULL,NULL,138,C
338,78F71E38-AF79-4E8E-BBC3-7C9897CBF476,Balash,97,1033 Dec 5 (night),MA,6.80000000,Hr,35.25000000,32.20000000,4,Heavy,Unknown,Unknown,-1.00000000,Unknown,-1.00000000,IX? (MCS),NULL,NULL,NULL,NULL,NULL,Location is uncertain,138,C
339,E0A3CC35-34B4-4C7A-99A6-8B69DCCFA2BF,Syria (A),97,1033 Dec 5 (night),MA,6.80000000,Hr,37.03000000,34.93000000,4,Heavy,Many casualties,Unknown,-1.00000000,Unknown,-1.00000000,NULL,NULL,NULL,NULL,NULL,NULL,NULL,138,C
340,C4166415-0697-447A-B77C-2DBE634B82CB,Jericho,97,1033 Dec 5 (night),MA,6.80000000,Hr,35.46264709,31.86013890,4,Heavy,Many casualties,Unknown,-1.00000000,Unknown,-1.00000000,IX-X (MCS),NULL,NULL,NULL,NULL,NULL,NULL,138,C
341,372EE9DF-BD1C-4FE4-8BAF-B7DEDDA3BCA8,Jerusalem,97,1033 Dec 5 (night),MA,6.80000000,Hr,35.23371042,31.77430227,4,Heavy,Many casualties,Unknown,-1.00000000,Unknown,-1.00000000,VIII-IX (MCS),NULL,NULL,NULL,NULL,NULL,"damage: al Aqsa Mousqe, Dome of the rock, Mihrab of Dawud, David Citadel",138,C
346,C916E2D5-89EF-459F-BF93-707B85675979,Hebron,97,1033 Dec 5 (night),MA,6.80000000,Hr,35.09000000,31.51000000,2,Light,Unknown,Unknown,-1.00000000,Unknown,-1.00000000,VIII (MCS),NULL,NULL,NULL,NULL,NULL,damage: Mousqe of Abraham,138,C
347,93F14479-704C-4AEB-A37C-0FE08F683F24,Akko,97,1033 Dec 5 (night),MA,6.80000000,Hr,35.07000000,32.92000000,2,Light,Unknown,Unknown,-1.00000000,Unknown,-1.00000000,VIII-IX (MCS),NULL,NULL,NULL,NULL,NULL,NULL,138,C
348,ABB62C18-3D51-4A5A-A8CA-BB19D585F343,Ashkelon,97,1033 Dec 5 (night),MA,6.80000000,Hr,34.54000000,31.66000000,2,Light,Unknown,Unknown,-1.00000000,Unknown,-1.00000000,VII-VIII (MCS),NULL,NULL,NULL,NULL,NULL,damage: Friday Moosque,138,C
349,E14D7DB9-9A00-4F0C-A710-1442E7F3317A,Gaza,97,1033 Dec 5 (night),MA,6.80000000,Hr,34.46000000,31.50000000,2,Light,Unknown,Unknown,-1.00000000,Unknown,-1.00000000,VI-VII (MCS),NULL,NULL,NULL,NULL,NULL,damage: Friday Mosque,138,C
350,813FF560-7792-4F51-ACA0-D1BDB4DDF839,Sea of Gali,97,1033 Dec 5 (night),MA,6.80000000,Hr,35.58000000,32.80000000,1,Felt,No casualties,Unknown,-1.00000000,Unknown,-1.00000000,VII -VIII ? (MCS),NULL,NULL,NULL,NULL,NULL,NULL,138,C
351,AAB48A30-692A-445F-AC67-522A5063CBEF,Galilee (A),97,1033 Dec 5 (night),MA,6.80000000,Hr,35.45000000,32.91000000,1,Felt,No casualties,Unknown,-1.00000000,Unknown,-1.00000000,NULL,NULL,NULL,NULL,NULL,NULL,NULL,138,C
352,DC7ADA1B-8177-4844-8330-6A3BB1981DEA,Negev (A),97,1033 Dec 5 (night),MA,6.80000000,Pr,34.63000000,30.67000000,0,None,Unknown,Unknown,-1.00000000,Unknown,-1.00000000,NULL,NULL,NULL,NULL,NULL,NULL,NULL,138,C
353,A0C86E88-21A1-44AE-A572-41F8959585E9,Egypt (A),97,1033 Dec 5 (night),MA,6.80000000,Pr,31.49000000,28.61000000,0,None,Unknown,Unknown,-1.00000000,Unknown,-1.00000000,NULL,NULL,NULL,NULL,NULL,NULL,NULL,138,C
354,5A686BB1-27BE-45D3-9FFC-A684F46DF552,Palestine (A),98,1034 Feb 17,A,NULL,Pr,35.20000000,32.39000000,0,None,Unknown,Unknown,-1.00000000,Unknown,-1.00000000,NULL,NULL,NULL,NULL,NULL,NULL,This is probably a belated aftershock of the earthquake happened in Syria in December of the previous year (AM). Only one secondary (Cedrenus) source with confused chronology that reports of damage in ‘Cities in Syria’ – can be also northern Palestine,139,C
355,8B0ECE77-755E-4497-BE34-6EA7DCB86A9C,Baalbeq,100,1042 (Aug 21?) - 1043,S,NULL,Pr,36.20000000,34.00000000,1,Felt,Unknown,Unknown,-1.00000000,Unknown,-1.00000000,NULL,NULL,NULL,NULL,NULL,NULL,The source is al-Suyuti,141,C-N
356,D2CC8734-4DB1-442B-8942-920C367191D9,Ramla,101,1047 Jan 28 - 1048 Jan 14,S,NULL,Pr,34.87000000,31.92000000,0,None,Unknown,Unknown,-1.00000000,Unknown,-1.00000000,NULL,NULL,NULL,NULL,NULL,NULL,AM: the only reporting source is the secondary al-Fariqi: A strong shock in Ramla caused its inhabitants to evacuate the town.,142,C
357,C8AC700E-1F60-45F7-9D1F-4F695EE1C87B,Tripoli,103,1063 Aug,MA,6.70000000,Mr,35.83000000,34.43000000,3,Moderate,"Few casualties

",Unknown,-1.00000000,Unknown,-1.00000000,NULL,NULL,NULL,NULL,NULL,NULL,"damage: girdle-wall. There is no doubt that some of the houses in the town collapsed, perhaps with casualties, but it is difficult to believe those sources who say that Tripoli collapsed,
or was razed to the ground, and that a large number of people perished (AM)",144,C-N
358,252F6859-A330-41AD-9210-3FC8730D7E2A,Latakia,103,1063 Aug,MA,6.70000000,Hr,35.77000000,35.51000000,3,Moderate,Unknown,Unknown,-1.00000000,Unknown,-1.00000000,NULL,NULL,NULL,NULL,NULL,NULL,NULL,144,C-N
359,1EBBDB95-7238-4136-BC07-DD8639C73F05,Tyre,103,1063 Aug,MA,6.70000000,Hr,35.21000000,33.26000000,3,Moderate,Unknown,Unknown,-1.00000000,Unknown,-1.00000000,NULL,NULL,NULL,NULL,NULL,NULL,NULL,144,C-N
360,93F14479-704C-4AEB-A37C-0FE08F683F24,Akko,103,1063 Aug,MA,6.70000000,Hr,35.07000000,32.92000000,3,Moderate,Unknown,Unknown,-1.00000000,Unknown,-1.00000000,NULL,NULL,NULL,NULL,NULL,NULL,NULL,144,C-N
361,DA8E5967-B9B3-47EE-99BB-1B767B08C6E5,Antakya,103,1063 Aug,MA,6.70000000,Mr,36.16000000,36.20000000,2,Light,Unknown,Unknown,-1.00000000,Unknown,-1.00000000,NULL,NULL,NULL,NULL,NULL,NULL,"in Christian territory, and contrary to grossly exaggerated statements in some of the sources, does not seem to have suffered any noteworthy damage (AM)",144,C-N
363,405C9BB2-73B3-4E37-903A-09EC2AA623E6,Elat,104,1068 Mar 18,MA,7.30000000,Hr,34.95000000,29.55000000,5,Severe,Many casualties,Unknown,-1.00000000,Unknown,-1.00000000,NULL,NULL,NULL,NULL,NULL,NULL,NULL,148,S
364,7276A02F-FB05-44FC-BED6-E589858C9B1A,Tabuk,104,1068 Mar 18,MA,7.30000000,Hr,36.58000000,28.38000000,0,None,Unknown,Unknown,-1.00000000,Unknown,-1.00000000,NULL,NULL,NULL,NULL,NULL,NULL,effects: water springs at al-Qur,148,S
365,B33C895F-3699-4B18-9467-F5838FB12BD7,Tayma,104,1068 Mar 18,MA,7.30000000,Hr,36.75000000,32.84000000,0,None,Unknown,Unknown,-1.00000000,Unknown,-1.00000000,NULL,NULL,NULL,NULL,NULL,NULL,effects: water springs,148,S
366,B33C895F-3699-4B18-9467-F5838FB12BD7,Tayma,104,1068 Mar 18,MA,7.30000000,Hr,36.75000000,32.84000000,0,None,Unknown,Unknown,-1.00000000,Unknown,-1.00000000,NULL,NULL,NULL,NULL,NULL,NULL,effects: water springs,148,S
367,804A0995-0BDA-42D1-AB9E-E1C396B22F7A,Wadi al-Qura (A),104,1068 Mar 18,MA,7.30000000,Vr,39.45000000,25.21000000,1,Felt,Unknown,Unknown,-1.00000000,Unknown,-1.00000000,NULL,NULL,NULL,NULL,NULL,NULL,NULL,148,S
368,A5714ED0-FE8C-4C96-936B-F3E7A00C2A66,Khaybar,104,1068 Mar 18,MA,7.30000000,Hr,39.29000000,25.69000000,1,Felt,Unknown,Unknown,-1.00000000,Unknown,-1.00000000,NULL,NULL,NULL,NULL,NULL,NULL,NULL,148,S
369,605201F3-DEF4-41F8-AECF-454F6D860717,Al-Marwa,104,1068 Mar 18,MA,7.30000000,Hr,39.72000000,23.42000000,1,Felt,Unknown,Unknown,-1.00000000,Unknown,-1.00000000,NULL,NULL,NULL,NULL,NULL,NULL,NULL,148,S
370,D6527DD3-799D-479C-A335-5BD285CDC768,Medina,104,1068 Mar 18,MA,7.30000000,Hr,39.59000000,24.46000000,3,Moderate,Unknown,Unknown,-1.00000000,Unknown,-1.00000000,NULL,NULL,NULL,NULL,NULL,NULL,NULL,148,S
371,A09B0380-C683-49FE-BBBE-8D89D2B8E788,Wadi al-Safra (A),104,1068 Mar 18,MA,7.30000000,Hr,39.10000000,24.01000000,1,Felt,Unknown,Unknown,-1.00000000,Unknown,-1.00000000,NULL,NULL,NULL,NULL,NULL,NULL,NULL,148,S
372,5494C7C5-6593-4373-B48C-F226C6CDB852,Badr,104,1068 Mar 18,MA,7.30000000,Hr,38.82000000,23.73000000,1,Felt,Unknown,Unknown,-1.00000000,Unknown,-1.00000000,NULL,NULL,NULL,NULL,NULL,NULL,NULL,148,S
373,C8F9FF53-71BA-41F6-AA96-EDDC7756C95C,Yanbu,104,1068 Mar 18,MA,7.30000000,Hr,38.00000000,24.09000000,1,Felt,Unknown,Unknown,-1.00000000,Unknown,-1.00000000,NULL,NULL,NULL,NULL,NULL,NULL,NULL,148,S
374,A19DBC3E-C9C0-40E3-9379-21FE19F3A0BF,St. Catherine,104,1068 Mar 18,MA,7.30000000,Hr,33.97000000,28.55000000,1,Felt,Unknown,Unknown,-1.00000000,Unknown,-1.00000000,NULL,NULL,NULL,NULL,NULL,NULL,NULL,148,S
375,11C3DBAB-A9F6-41CA-A9BA-F7B03B5F9995,Tennis,104,1068 Mar 18,MA,7.30000000,Hr,32.30000000,31.17000000,2,Light,Unknown,Unknown,-1.00000000,Unknown,-1.00000000,NULL,NULL,NULL,NULL,NULL,NULL,effects: water springs,148,S
376,BF3D941B-3A5E-4C6E-9CDE-35515634AF69,Cairo,104,1068 Mar 18,MA,7.30000000,Hr,31.20000000,30.04000000,2,Light,Unknown,Unknown,-1.00000000,Unknown,-1.00000000,NULL,NULL,NULL,NULL,NULL,NULL,NULL,148,S
377,A0C86E88-21A1-44AE-A572-41F8959585E9,Egypt (A),104,1068 Mar 18,MA,7.30000000,Hr,31.49000000,28.61000000,0,None,Unknown,Unknown,-1.00000000,Unknown,-1.00000000,NULL,NULL,NULL,NULL,NULL,NULL,effects: water springs,148,S
378,5A686BB1-27BE-45D3-9FFC-A684F46DF552,Palestine (A),104,1068 Mar 18,MA,7.30000000,Hr,35.20000000,32.39000000,0,None,Many casualties,Unknown,-1.00000000,Unknown,-1.00000000,NULL,NULL,NULL,NULL,NULL,NULL,effects: water springs,148,S
379,5A686BB1-27BE-45D3-9FFC-A684F46DF552,Palestine (A),104,1068 Mar 18,MA,7.30000000,Hr,35.20000000,32.39000000,0,None,Many casualties,Unknown,-1.00000000,Unknown,-1.00000000,NULL,NULL,NULL,NULL,NULL,NULL,effects: sea waves,148,S
380,8E329625-5D3F-4FD5-A273-ED9B760CF425,Al-Rahba,104,1068 Mar 18,MA,7.30000000,Hr,35.72000000,31.35000000,1,Felt,Unknown,Unknown,-1.00000000,Unknown,-1.00000000,NULL,NULL,NULL,NULL,NULL,NULL,effects: water springs,148,S
381,10AA43E9-0A03-4926-BF68-6D59425449C9,Deir Kifa,104,1068 Mar 18,MA,7.30000000,Hr,35.40000000,33.27000000,1,Felt,Unknown,Unknown,-1.00000000,Unknown,-1.00000000,NULL,NULL,NULL,NULL,NULL,NULL,NULL,148,S
382,03535397-F866-4257-BB00-D868C32FAD5C,Amman,104,1068 Mar 18,MA,7.30000000,Pr,35.91000000,31.96000000,2,Light,Unknown,Unknown,-1.00000000,Unknown,-1.00000000,NULL,NULL,NULL,NULL,NULL,NULL,damage: Citadel of Amman (Archaeoseimic Remain),148,S
383,D2CC8734-4DB1-442B-8942-920C367191D9,Ramla,105,1068 May 29,S,6.00000000,Mr,34.87000000,31.92000000,4,Heavy,Many casualties,Unknown,-1.00000000,Unknown,-1.00000000,X (MCS) (GC),NULL,NULL,NULL,NULL,NULL,15000 (?) casualties (AM) - seems to be exagareted,149,C
384,372EE9DF-BD1C-4FE4-8BAF-B7DEDDA3BCA8,Jerusalem,105,1068 May 29,S,6.00000000,Pr,35.23371042,31.77430227,2,Light,Unknown,Unknown,-1.00000000,Unknown,-1.00000000,VII (MCS) (GC),NULL,NULL,NULL,NULL,NULL,damage: Dome of the rock,149,C
385,85B2C229-F775-44F1-B9E6-97C368BAF9AE,Baniyas [IL],105,1068 May 29,S,6.00000000,Pr,35.61000000,33.24000000,3,Moderate,Many casualties,Unknown,-1.00000000,Unknown,-1.00000000,IX (MCS) (GC),NULL,NULL,NULL,NULL,NULL,100 casualties (AM),149,C
386,A19DBC3E-C9C0-40E3-9379-21FE19F3A0BF,St. Catherine,108,1091 Feb 12,C,NULL,Pr,33.97000000,28.55000000,1,Felt,Unknown,Unknown,-1.00000000,Unknown,-1.00000000,NULL,NULL,NULL,NULL,NULL,NULL,NULL,152,S
387,E0A3CC35-34B4-4C7A-99A6-8B69DCCFA2BF,Syria (A),234,1094 Apr 20 - Jun 17,MA,NULL,Mr,37.03000000,34.93000000,1,Felt,No casualties,Unknown,-1.00000000,Unknown,-1.00000000,NULL,NULL,NULL,NULL,NULL,NULL,NULL,154,C-N
388,372EE9DF-BD1C-4FE4-8BAF-B7DEDDA3BCA8,Jerusalem,110,1105 Dec 24 (evening),S,NULL,Vr,35.23371042,31.77430227,1,Felt,No casualties,Unknown,-1.00000000,Unknown,-1.00000000,VI-VII (MCS) (GC),NULL,NULL,NULL,NULL,NULL,NULL,159,C
389,E0A3CC35-34B4-4C7A-99A6-8B69DCCFA2BF,Syria (A),257,1108 Sep,S,NULL,Mr,37.03000000,34.93000000,3,Moderate,Unknown,Unknown,-1.00000000,Unknown,-1.00000000,NULL,NULL,NULL,NULL,NULL,NULL,"A violent earthquake caused ‘many important places’ to collapse. The location is not known, but it may well have been Syria. The source is the near contemporary Michael the Syrian",160,N
390,372EE9DF-BD1C-4FE4-8BAF-B7DEDDA3BCA8,Jerusalem,258,1113 Jul 18,MA,NULL,Hr,35.23371042,31.77430227,1,Felt,Unknown,Unknown,-1.00000000,Unknown,-1.00000000,NULL,NULL,NULL,NULL,NULL,NULL,NULL,161,C
393,372EE9DF-BD1C-4FE4-8BAF-B7DEDDA3BCA8,Jerusalem,114,1117 Jun 26,S,5.50000000,Hr,35.23371042,31.77430227,3,Moderate,Unknown,Unknown,-1.00000000,Unknown,-1.00000000,NULL,NULL,NULL,NULL,NULL,NULL,NULL,167,C
394,C916E2D5-89EF-459F-BF93-707B85675979,Hebron,259,1119,S,NULL,Pr,35.09000000,31.51000000,2,Light,Unknown,Unknown,-1.00000000,Unknown,-1.00000000,NULL,NULL,NULL,NULL,NULL,NULL,NULL,168,C
396,05B71FB8-C847-4462-8494-3CE84448637A,Hauran,120,1151 Sep 27,C,NULL,Hr,36.49000000,32.75000000,2,Light,Unknown,Unknown,-1.00000000,Unknown,-1.00000000,NULL,NULL,NULL,NULL,NULL,NULL,NULL,176,C
397,2F73C0CC-D218-4082-A1C1-C85AD707944A,Busra,120,1151 Sep 27,C,NULL,Hr,36.48000000,32.51000000,3,Moderate,Unknown,Unknown,-1.00000000,Unknown,-1.00000000,NULL,NULL,NULL,NULL,NULL,NULL,NULL,176,C
398,11A1487E-27D7-4A7E-B810-B9BDB80B99B0,Damascus,120,1151 Sep 27,C,NULL,Pr,36.29000000,33.51000000,1,Felt,Unknown,Unknown,-1.00000000,Unknown,-1.00000000,NULL,NULL,NULL,NULL,NULL,NULL,NULL,176,C
399,11A1487E-27D7-4A7E-B810-B9BDB80B99B0,Damascus,260,1152 Feb 3 (before dawn),C,NULL,Hr,36.29000000,33.51000000,1,Felt,Unknown,Unknown,-1.00000000,Unknown,-1.00000000,NULL,NULL,NULL,NULL,NULL,NULL,NULL,177,C-N
400,11A1487E-27D7-4A7E-B810-B9BDB80B99B0,Damascus,122,1156 Sep 27,F,NULL,Hr,36.29000000,33.51000000,2,Light,Unknown,Unknown,-1.00000000,Unknown,-1.00000000,NULL,NULL,NULL,NULL,NULL,NULL,NULL,179,C-N
401,11A1487E-27D7-4A7E-B810-B9BDB80B99B0,Damascus,305,1156 Oct 10  (night),F,NULL,Hr,36.29000000,33.51000000,2,Light,Unknown,Unknown,-1.00000000,Unknown,-1.00000000,NULL,NULL,NULL,NULL,NULL,NULL,NULL,180,C-N
402,6C37CC8B-7F51-4557-BA02-A7A23966EFD3,Aleppo,123,1156 Oct 13 (morning),FMA,NULL,Hr,37.15000000,36.21000000,3,Moderate,Unknown,Unknown,-1.00000000,Unknown,-1.00000000,NULL,NULL,NULL,NULL,NULL,NULL,NULL,181,C-N
403,912B3498-4EC2-46F8-9731-8444E6B28B0D,Hamma,123,1156 Oct 13 (morning),FMA,NULL,Hr,36.75000000,35.13000000,3,Moderate,Unknown,Unknown,-1.00000000,Unknown,-1.00000000,NULL,NULL,NULL,NULL,NULL,NULL,NULL,181,C-N
404,D94DC49F-6AFE-4CAF-8198-7DE4D8163488,Apamea,123,1156 Oct 13 (morning),FMA,NULL,Hr,36.39000000,35.41000000,3,Moderate,Unknown,Unknown,-1.00000000,Unknown,-1.00000000,NULL,NULL,NULL,NULL,NULL,NULL,NULL,181,C-N
405,11A1487E-27D7-4A7E-B810-B9BDB80B99B0,Damascus,124,1156 Oct 17,A,NULL,Hr,36.29000000,33.51000000,1,Felt,Unknown,Unknown,-1.00000000,Unknown,-1.00000000,NULL,NULL,NULL,NULL,NULL,NULL,NULL,182,C-N
406,11A1487E-27D7-4A7E-B810-B9BDB80B99B0,Damascus,125,1156 Oct 18,A,NULL,Hr,36.29000000,33.51000000,1,Felt,Unknown,Unknown,-1.00000000,Unknown,-1.00000000,NULL,NULL,NULL,NULL,NULL,NULL,NULL,183,C-N
407,11A1487E-27D7-4A7E-B810-B9BDB80B99B0,Damascus,126,1156 Oct 20,A,NULL,Hr,36.29000000,33.51000000,1,Felt,Unknown,Unknown,-1.00000000,Unknown,-1.00000000,NULL,NULL,NULL,NULL,NULL,NULL,NULL,184,C-N
408,11A1487E-27D7-4A7E-B810-B9BDB80B99B0,Damascus,127,1156 Oct 31 (night),A,NULL,Hr,36.29000000,33.51000000,1,Felt,Unknown,Unknown,-1.00000000,Unknown,-1.00000000,NULL,NULL,NULL,NULL,NULL,NULL,NULL,185,C-N
409,11A1487E-27D7-4A7E-B810-B9BDB80B99B0,Damascus,128,1156 Nov 1 (early hours),A,4.50000000,Hr,36.29000000,33.51000000,1,Felt,Unknown,Unknown,-1.00000000,Unknown,-1.00000000,NULL,NULL,NULL,NULL,NULL,NULL,NULL,186,C-N
410,11A1487E-27D7-4A7E-B810-B9BDB80B99B0,Damascus,129,1156 Nov 2,A,4.50000000,Hr,36.29000000,33.51000000,1,Felt,Unknown,Unknown,-1.00000000,Unknown,-1.00000000,NULL,NULL,NULL,NULL,NULL,NULL,NULL,187,C-N
411,11A1487E-27D7-4A7E-B810-B9BDB80B99B0,Damascus,130,1156 Nov 7 (night),A,NULL,Hr,36.29000000,33.51000000,2,Light,Unknown,Unknown,-1.00000000,Unknown,-1.00000000,NULL,NULL,NULL,NULL,NULL,NULL,NULL,188,C-N
412,11A1487E-27D7-4A7E-B810-B9BDB80B99B0,Damascus,261,1156 Nov 18,A,NULL,Hr,36.29000000,33.51000000,2,Light,Unknown,Unknown,-1.00000000,Unknown,-1.00000000,NULL,NULL,NULL,NULL,NULL,NULL,NULL,189,C-N
413,11A1487E-27D7-4A7E-B810-B9BDB80B99B0,Damascus,262,1156 Nov 23 (midday),A,4.50000000,Hr,36.29000000,33.51000000,1,Felt,Unknown,Unknown,-1.00000000,Unknown,-1.00000000,NULL,NULL,NULL,NULL,NULL,NULL,NULL,190,C-N
414,6C37CC8B-7F51-4557-BA02-A7A23966EFD3,Aleppo,263,1156 Dec 8,C,NULL,Hr,37.15000000,36.21000000,4,Heavy,Many casualties,Unknown,-1.00000000,Unknown,-1.00000000,NULL,NULL,NULL,NULL,NULL,NULL,NULL,191,N
415,912B3498-4EC2-46F8-9731-8444E6B28B0D,Hamma,263,1156 Dec 8,C,NULL,Mr,36.75000000,35.13000000,1,Felt,Unknown,Unknown,-1.00000000,Unknown,-1.00000000,NULL,NULL,NULL,NULL,NULL,NULL,NULL,191,N
416,CC223D36-82F2-4FEF-8500-648ED8AE5A87,Kafr Tab,263,1156 Dec 8,C,NULL,Mr,36.58000000,35.51000000,1,Felt,Unknown,Unknown,-1.00000000,Unknown,-1.00000000,NULL,NULL,NULL,NULL,NULL,NULL,NULL,191,N
417,11A1487E-27D7-4A7E-B810-B9BDB80B99B0,Damascus,263,1156 Dec 8,C,NULL,Pr,36.29000000,33.51000000,1,Felt,Unknown,Unknown,-1.00000000,Unknown,-1.00000000,NULL,NULL,NULL,NULL,NULL,NULL,NULL,191,N
419,912B3498-4EC2-46F8-9731-8444E6B28B0D,Hamma,264,1157 Apr 2 (after sunrize),MA,NULL,Pr,36.75000000,35.13000000,2,Light,Unknown,Unknown,-1.00000000,Unknown,-1.00000000,NULL,NULL,NULL,NULL,NULL,NULL,NULL,192,C-N
420,11A1487E-27D7-4A7E-B810-B9BDB80B99B0,Damascus,265,1157 Apr 3,A,4.50000000,Hr,36.29000000,33.51000000,1,Felt,Unknown,Unknown,-1.00000000,Unknown,-1.00000000,NULL,NULL,NULL,NULL,NULL,NULL,NULL,193,C-N
421,11A1487E-27D7-4A7E-B810-B9BDB80B99B0,Damascus,266,1157 Apr 4,A,4.50000000,Hr,36.29000000,33.51000000,1,Felt,Unknown,Unknown,-1.00000000,Unknown,-1.00000000,NULL,NULL,NULL,NULL,NULL,NULL,NULL,194,C-N
422,11A1487E-27D7-4A7E-B810-B9BDB80B99B0,Damascus,267,1157 Jul 1,F,NULL,Hr,36.29000000,33.51000000,1,Felt,Unknown,Unknown,-1.00000000,Unknown,-1.00000000,NULL,NULL,NULL,NULL,NULL,NULL,NULL,195,C-N
423,11A1487E-27D7-4A7E-B810-B9BDB80B99B0,Damascus,268,1157 Jul 5,FM,NULL,Hr,36.29000000,33.51000000,2,Light,Unknown,Unknown,-1.00000000,Unknown,-1.00000000,NULL,NULL,NULL,NULL,NULL,NULL,NULL,196,C-N
424,F47CDBDF-4B12-4C96-9DD9-8E6E6061970A,Homs,269,1157 Jul 13,MA,NULL,Hr,36.71000000,34.73000000,4,Heavy,Unknown,Unknown,-1.00000000,Unknown,-1.00000000,NULL,NULL,NULL,NULL,NULL,NULL,NULL,197,C-N
425,912B3498-4EC2-46F8-9731-8444E6B28B0D,Hamma,269,1157 Jul 13,MA,NULL,Hr,36.75000000,35.13000000,4,Heavy,Unknown,Unknown,-1.00000000,Unknown,-1.00000000,NULL,NULL,NULL,NULL,NULL,NULL,NULL,197,C-N
426,8E326C44-F167-4063-A7FB-8B4014B01FB6,Shaizar,269,1157 Jul 13,MA,NULL,Hr,36.56000000,35.25000000,4,Heavy,Unknown,Unknown,-1.00000000,Unknown,-1.00000000,NULL,NULL,NULL,NULL,NULL,NULL,NULL,197,C-N
427,CC223D36-82F2-4FEF-8500-648ED8AE5A87,Kafr Tab,269,1157 Jul 13,MA,NULL,Hr,36.58000000,35.51000000,4,Heavy,Unknown,Unknown,-1.00000000,Unknown,-1.00000000,NULL,NULL,NULL,NULL,NULL,NULL,NULL,197,C-N
428,D94DC49F-6AFE-4CAF-8198-7DE4D8163488,Apamea,269,1157 Jul 13,MA,NULL,Hr,36.39000000,35.41000000,3,Moderate,Unknown,Unknown,-1.00000000,Unknown,-1.00000000,NULL,NULL,NULL,NULL,NULL,NULL,NULL,197,C-N
429,6C37CC8B-7F51-4557-BA02-A7A23966EFD3,Aleppo,269,1157 Jul 13,MA,NULL,Hr,37.15000000,36.21000000,2,Light,Unknown,Unknown,-1.00000000,Unknown,-1.00000000,NULL,NULL,NULL,NULL,NULL,NULL,NULL,197,C-N
430,11A1487E-27D7-4A7E-B810-B9BDB80B99B0,Damascus,269,1157 Jul 13,MA,NULL,Hr,36.29000000,33.51000000,1,Felt,Unknown,Unknown,-1.00000000,Unknown,-1.00000000,NULL,NULL,NULL,NULL,NULL,NULL,NULL,197,C-N
431,B33C895F-3699-4B18-9467-F5838FB12BD7,Tayma,269,1157 Jul 13,MA,NULL,Pr,36.75000000,32.84000000,1,Felt,Unknown,Unknown,-1.00000000,Unknown,-1.00000000,NULL,NULL,NULL,NULL,NULL,NULL,NULL,197,C-N
443,2915160D-8131-437C-A44D-CC6988A5977D,Jabalah,284,1158 Oct-1159 Sep,MA,NULL,Pr,35.92000000,35.35000000,4,Heavy,Many casualties,Unknown,-1.00000000,Unknown,-1.00000000,NULL,NULL,NULL,NULL,NULL,NULL,NULL,213,C-N
448,1EBBDB95-7238-4136-BC07-DD8639C73F05,Tyre,134,1202 May 20 (0240),MA,7.50000000,Vr,35.21000000,33.26000000,5,Severe,Unknown,Unknown,-1.00000000,Unknown,-1.00000000,NULL,NULL,NULL,NULL,NULL,NULL,NULL,222,C-N
449,93F14479-704C-4AEB-A37C-0FE08F683F24,Akko,134,1202 May 20 (0240),MA,7.50000000,Vr,35.07000000,32.92000000,4,Heavy,Unknown,Unknown,-1.00000000,Unknown,-1.00000000,NULL,NULL,NULL,NULL,NULL,NULL,"damage: Royal Palace, the walls",222,C-N
450,88A5A9E6-4DD9-4BF2-8A48-A6D7724D1040,Samaria,134,1202 May 20 (0240),MA,7.50000000,Vr,35.29000000,32.42000000,3,Moderate,Unknown,Unknown,-1.00000000,Unknown,-1.00000000,NULL,NULL,NULL,NULL,NULL,NULL,NULL,222,C-N
451,05B71FB8-C847-4462-8494-3CE84448637A,Hauran,134,1202 May 20 (0240),MA,7.50000000,Vr,36.49000000,32.75000000,4,Heavy,Unknown,Unknown,-1.00000000,Unknown,-1.00000000,NULL,NULL,NULL,NULL,NULL,NULL,most of the towns were so badly damaged,222,C-N
452,CDE4970A-1BCE-4173-BC81-9F0E0CEF94DE,Safa,134,1202 May 20 (0240),MA,7.50000000,Vr,35.52000000,32.43000000,4,Heavy,Many casualties,Unknown,-1.00000000,Unknown,-1.00000000,NULL,NULL,NULL,NULL,NULL,NULL,NULL,222,C-N
453,9015283A-DFBE-4E90-BD3A-4C7BA9DE331C,Hunin Castle,134,1202 May 20 (0240),MA,7.50000000,Vr,35.56000000,33.23000000,3,Moderate,Unknown,Unknown,-1.00000000,Unknown,-1.00000000,NULL,NULL,NULL,NULL,NULL,NULL,NULL,222,C-N
454,85B2C229-F775-44F1-B9E6-97C368BAF9AE,Baniyas [IL],134,1202 May 20 (0240),MA,7.50000000,Vr,35.61000000,33.24000000,3,Moderate,Unknown,Unknown,-1.00000000,Unknown,-1.00000000,NULL,NULL,NULL,NULL,NULL,NULL,NULL,222,C-N
455,686EB615-D964-4C53-9352-D6C20457BD09,Tebnine,134,1202 May 20 (0240),MA,7.50000000,Vr,35.40000000,33.19000000,3,Moderate,Unknown,Unknown,-1.00000000,Unknown,-1.00000000,NULL,NULL,NULL,NULL,NULL,NULL,NULL,222,C-N
457,2F73C0CC-D218-4082-A1C1-C85AD707944A,Busra,134,1202 May 20 (0240),MA,7.50000000,Vr,36.48000000,32.51000000,0,None,Unknown,Unknown,-1.00000000,Unknown,-1.00000000,NULL,NULL,NULL,NULL,NULL,NULL,village near Busra,222,C-N
458,C601857B-C043-4546-85FC-41C8D3548F01,Nablus,134,1202 May 20 (0240),MA,7.50000000,Vr,35.25000000,32.21000000,3,Moderate,Unknown,Unknown,-1.00000000,Unknown,-1.00000000,NULL,NULL,NULL,NULL,NULL,NULL,NULL,222,C-N
460,372EE9DF-BD1C-4FE4-8BAF-B7DEDDA3BCA8,Jerusalem,134,1202 May 20 (0240),MA,7.50000000,Vr,35.23371042,31.77430227,2,Light,Unknown,Unknown,-1.00000000,Unknown,-1.00000000,NULL,NULL,NULL,NULL,NULL,NULL,NULL,222,C-N
461,11A1487E-27D7-4A7E-B810-B9BDB80B99B0,Damascus,134,1202 May 20 (0240),MA,7.50000000,Vr,36.29000000,33.51000000,4,Heavy,"Few casualties

",Unknown,-1.00000000,Unknown,-1.00000000,NULL,NULL,NULL,NULL,NULL,NULL,"near the citadel, the Umayed mosque, the Jirun (eastern) gate, Kallasa mosque, Nur ed Din Hospital",222,C-N
462,AE7837A5-B089-4B7F-BDCE-1F878798BFE0,Byblus,134,1202 May 20 (0240),MA,7.50000000,Vr,35.64000000,34.11000000,3,Moderate,Unknown,Unknown,-1.00000000,Unknown,-1.00000000,NULL,NULL,NULL,NULL,NULL,NULL,NULL,222,C-N
463,D10B0336-2D82-4E78-A1B2-A300A02903E7,Beirut,134,1202 May 20 (0240),MA,7.50000000,Hr,35.48000000,33.89000000,2,Light,Unknown,Unknown,-1.00000000,Unknown,-1.00000000,NULL,NULL,NULL,NULL,NULL,NULL,NULL,222,C-N
464,363BA99B-AD00-4E0A-AC50-024FE04AF5EF,Mt. Lebanon (A),134,1202 May 20 (0240),MA,7.50000000,Vr,35.71000000,33.50000000,0,None,Many casualties,Unknown,-1.00000000,Unknown,-1.00000000,NULL,NULL,NULL,NULL,NULL,NULL,NULL,222,C-N
465,8B0ECE77-755E-4497-BE34-6EA7DCB86A9C,Baalbeq,134,1202 May 20 (0240),MA,7.50000000,Vr,36.20000000,34.00000000,4,Heavy,Unknown,Unknown,-1.00000000,Unknown,-1.00000000,NULL,NULL,NULL,NULL,NULL,NULL,NULL,222,C-N
466,C8AC700E-1F60-45F7-9D1F-4F695EE1C87B,Tripoli,134,1202 May 20 (0240),MA,7.50000000,Vr,35.83000000,34.43000000,3,Moderate,Many casualties,Unknown,-1.00000000,Unknown,-1.00000000,NULL,NULL,NULL,NULL,NULL,NULL,NULL,222,C-N
467,AA04AB00-4907-49BD-870A-F3ED7F42197F,Arqa,134,1202 May 20 (0240),MA,7.50000000,Vr,36.03000000,34.51000000,3,Moderate,Unknown,Unknown,-1.00000000,Unknown,-1.00000000,NULL,NULL,NULL,NULL,NULL,NULL,NULL,222,C-N
468,C470B1FC-CE33-4D91-92A3-BA609DEA3F47,Unknown,134,1202 May 20 (0240),MA,7.50000000,Vr,33.65082151,33.05128774,3,Moderate,Unknown,Unknown,-1.00000000,Unknown,-1.00000000,NULL,NULL,NULL,NULL,NULL,NULL,NULL,222,C-N
469,AE503169-6D09-4BAE-9548-29D447B9C3D2,Al-Marqab Citadel,134,1202 May 20 (0240),MA,7.50000000,Vr,35.93000000,35.14000000,4,Heavy,Unknown,8-9,8.50000000,8,8.00000000,NULL,NULL,NULL,NULL,NULL,NULL,"The azimuth of displacement is NE-SW for the older damages of the Crusader period (A.D. 1170–1285), possibly related to the A.D. 1202 earthquake. The earthquake produced at least VIII intensity on the MSK scale at AlMarqab, which is higher than previously considered (KM)",222,C-N
470,D694D7B4-73B9-4964-9F87-8CE1C74BBC6D,Hish Al-Akrad,134,1202 May 20 (0240),MA,7.50000000,Vr,36.28000000,34.75000000,2,Light,Unknown,Unknown,-1.00000000,Unknown,-1.00000000,NULL,NULL,NULL,NULL,NULL,NULL,NULL,222,C-N
471,6E2CEDE8-41A6-499F-A541-4F874BED5F05,Barin,134,1202 May 20 (0240),MA,7.50000000,Vr,36.41000000,34.93000000,2,Light,Unknown,Unknown,-1.00000000,Unknown,-1.00000000,NULL,NULL,NULL,NULL,NULL,NULL,NULL,222,C-N
472,8C66ED36-CB7F-4D4F-AFF0-56A9104695CA,Tartus,134,1202 May 20 (0240),MA,7.50000000,Vr,35.88000000,34.88000000,1,Felt,Unknown,Unknown,-1.00000000,Unknown,-1.00000000,NULL,NULL,NULL,NULL,NULL,NULL,NULL,222,C-N
473,F47CDBDF-4B12-4C96-9DD9-8E6E6061970A,Homs,134,1202 May 20 (0240),MA,7.50000000,Vr,36.71000000,34.73000000,3,Moderate,Unknown,Unknown,-1.00000000,Unknown,-1.00000000,NULL,NULL,NULL,NULL,NULL,NULL,damage: castle watchtower,222,C-N
474,912B3498-4EC2-46F8-9731-8444E6B28B0D,Hamma,134,1202 May 20 (0240),MA,7.50000000,Vr,36.75000000,35.13000000,4,Heavy,Unknown,Unknown,-1.00000000,Unknown,-1.00000000,NULL,NULL,NULL,NULL,NULL,NULL,damage: the castle,222,C-N
475,6C37CC8B-7F51-4557-BA02-A7A23966EFD3,Aleppo,134,1202 May 20 (0240),MA,7.50000000,Vr,37.15000000,36.21000000,1,Felt,Unknown,Unknown,-1.00000000,Unknown,-1.00000000,NULL,NULL,NULL,NULL,NULL,NULL,NULL,222,C-N
476,DA8E5967-B9B3-47EE-99BB-1B767B08C6E5,Antakya,134,1202 May 20 (0240),MA,7.50000000,Vr,36.16000000,36.20000000,1,Felt,Unknown,Unknown,-1.00000000,Unknown,-1.00000000,NULL,NULL,NULL,NULL,NULL,NULL,NULL,222,C-N
477,CEDF63D3-DE3B-4C19-A845-FB023C633391,Mesopotamia (A),134,1202 May 20 (0240),MA,7.50000000,Vr,41.36000000,34.60000000,1,Felt,Unknown,Unknown,-1.00000000,Unknown,-1.00000000,NULL,NULL,NULL,NULL,NULL,NULL,NULL,222,C-N
478,73F986D9-22B8-4BE6-B196-3EBF3B16BE24,Akhlat,134,1202 May 20 (0240),MA,7.50000000,Vr,34.97000000,37.52000000,1,Felt,Unknown,Unknown,-1.00000000,Unknown,-1.00000000,NULL,NULL,NULL,NULL,NULL,NULL,NULL,222,C-N
479,27981FFB-3AE2-432A-A86D-2A4702765CA4,Qus,134,1202 May 20 (0240),MA,7.50000000,Vr,32.76000000,25.93000000,1,Felt,Unknown,Unknown,-1.00000000,Unknown,-1.00000000,NULL,NULL,NULL,NULL,NULL,NULL,NULL,222,C-N
480,BF3D941B-3A5E-4C6E-9CDE-35515634AF69,Cairo,134,1202 May 20 (0240),MA,7.50000000,Vr,31.20000000,30.04000000,1,Felt,Unknown,Unknown,-1.00000000,Unknown,-1.00000000,NULL,NULL,NULL,NULL,NULL,NULL,NULL,222,C-N
481,759E7003-BCE1-4291-BF68-5DC8A2355AA5,Nile Delta (A),134,1202 May 20 (0240),MA,7.50000000,Vr,31.42000000,30.89000000,1,Felt,Unknown,Unknown,-1.00000000,Unknown,-1.00000000,NULL,NULL,NULL,NULL,NULL,NULL,NULL,222,C-N
482,5C9FEE42-4817-4C3B-A724-740330C36572,Alexandria,134,1202 May 20 (0240),MA,7.50000000,Vr,29.89000000,31.20000000,1,Felt,Unknown,Unknown,-1.00000000,Unknown,-1.00000000,NULL,NULL,NULL,NULL,NULL,NULL,NULL,222,C-N
483,56C3EBE7-8350-4CA2-A9E0-6D2EAE64E858,Cyprus (A),134,1202 May 20 (0240),MA,7.50000000,Vr,33.10000000,34.98000000,1,Felt,Unknown,Unknown,-1.00000000,Unknown,-1.00000000,NULL,NULL,NULL,NULL,NULL,NULL,NULL,222,C-N
484,E0A3CC35-34B4-4C7A-99A6-8B69DCCFA2BF,Syria (A),134,1202 May 20 (0240),MA,7.50000000,Vr,37.03000000,34.93000000,0,None,Unknown,Unknown,-1.00000000,Unknown,-1.00000000,NULL,NULL,NULL,NULL,NULL,NULL,NULL,222,C-N
485,70A6E522-E60F-4A59-8465-360AADFBFE75,Al-Shaubak,135,1212 May 01,FMA,6.70000000,Hr,35.56000000,30.53000000,3,Moderate,"Few casualties

",Unknown,-1.00000000,Unknown,-1.00000000,VIII (MCS),NULL,NULL,NULL,NULL,NULL,NULL,223,S
486,1A61D731-645C-42C3-B951-9C41A455A243,Karak,135,1212 May 01,FMA,6.70000000,Hr,35.70000000,31.17000000,3,Moderate,"Few casualties

",Unknown,-1.00000000,Unknown,-1.00000000,VIII (MCS),NULL,NULL,NULL,NULL,NULL,NULL,223,S
487,405C9BB2-73B3-4E37-903A-09EC2AA623E6,Elat,135,1212 May 01,FMA,6.70000000,Hr,34.95000000,29.55000000,3,Moderate,Unknown,Unknown,-1.00000000,Unknown,-1.00000000,IX-X (MCS),NULL,NULL,NULL,NULL,NULL,NULL,223,S
488,A19DBC3E-C9C0-40E3-9379-21FE19F3A0BF,St. Catherine,135,1212 May 01,FMA,6.70000000,Hr,33.97000000,28.55000000,3,Moderate,Unknown,Unknown,-1.00000000,Unknown,-1.00000000,NULL,NULL,NULL,NULL,NULL,NULL,NULL,223,S
490,BA738794-D8AD-4ECF-8D9D-DCB84406C1D8,Qal'at Al-Jundi (U),135,1212 May 01,FMA,6.70000000,Pr,33.65082151,33.05128774,2,Light,Unknown,Unknown,-1.00000000,Unknown,-1.00000000,NULL,NULL,NULL,NULL,NULL,NULL,source is inconclusive.,223,S
492,BF3D941B-3A5E-4C6E-9CDE-35515634AF69,Cairo,135,1212 May 01,FMA,6.70000000,Hr,31.20000000,30.04000000,3,Moderate,Unknown,Unknown,-1.00000000,Unknown,-1.00000000,VIII (MCS),NULL,NULL,NULL,NULL,NULL,NULL,223,S
493,A374891E-3138-4DA4-952C-57B2353F4C57,Damieh,235,1267 Dec 8,S,NULL,Pr,35.56000000,32.20000000,0,None,Unknown,Unknown,-1.00000000,Unknown,-1.00000000,NULL,NULL,NULL,NULL,NULL,NULL,Ther is no indication that the damming of the jordan in 1267 was caused by an earthquake.,228,C
494,1A61D731-645C-42C3-B951-9C41A455A243,Karak,145,1293 Jan 11–Feb 08,S,6.20000000,Hr,35.70000000,31.17000000,4,Heavy,Unknown,Unknown,-1.00000000,Unknown,-1.00000000,NULL,NULL,NULL,NULL,NULL,NULL,"damage: the citadel, many houses",233,C
495,D2CC8734-4DB1-442B-8942-920C367191D9,Ramla,145,1293 Jan 11–Feb 08,S,6.20000000,Hr,34.87000000,31.92000000,3,Moderate,Unknown,Unknown,-1.00000000,Unknown,-1.00000000,NULL,NULL,NULL,NULL,NULL,NULL,damage: minaret of the main mosque,233,C
496,E14D7DB9-9A00-4F0C-A710-1442E7F3317A,Gaza,145,1293 Jan 11–Feb 08,S,6.20000000,Hr,34.46000000,31.50000000,3,Moderate,Unknown,Unknown,-1.00000000,Unknown,-1.00000000,NULL,NULL,NULL,NULL,NULL,NULL,damage: minaret collapse,233,C
497,7C6E6DED-E60B-4CDB-A57F-128CA0DF9B3E,Lod,145,1293 Jan 11–Feb 08,S,6.20000000,Hr,34.90000000,31.95000000,3,Moderate,Unknown,Unknown,-1.00000000,Unknown,-1.00000000,NULL,NULL,NULL,NULL,NULL,NULL,NULL,233,C
498,FBE35041-19F3-4555-85EB-3088D6CB58C9,Qaqun,145,1293 Jan 11–Feb 08,S,6.20000000,Hr,34.98000000,32.35000000,3,Moderate,Unknown,Unknown,-1.00000000,Unknown,-1.00000000,NULL,NULL,NULL,NULL,NULL,NULL,NULL,233,C
499,11A1487E-27D7-4A7E-B810-B9BDB80B99B0,Damascus,309,1322 Feb (night),S,4.50000000,Pr,36.29000000,33.51000000,1,Felt,Unknown,Unknown,-1.00000000,Unknown,-1.00000000,NULL,NULL,NULL,NULL,NULL,NULL,NULL,238,C-N
500,11A1487E-27D7-4A7E-B810-B9BDB80B99B0,Damascus,156,1399 Sep 18-19 (night),S,4.50000000,Mr,36.29000000,33.51000000,1,Felt,Unknown,Unknown,-1.00000000,Unknown,-1.00000000,NULL,NULL,NULL,NULL,NULL,NULL,NULL,245,C-N
501,AED6DE2D-113A-4E03-A89A-F37BEA9C7CD8,Safed,153,1366 Oct,S,NULL,Pr,35.48000000,32.96000000,1,Felt,Unknown,Unknown,-1.00000000,Unknown,-1.00000000,NULL,NULL,NULL,NULL,NULL,NULL,NULL,243,C
502,1A61D731-645C-42C3-B951-9C41A455A243,Karak,161,1458 Nov 16,S,6.50000000,Hr,35.70000000,31.17000000,4,Heavy,Many casualties,Unknown,-1.00000000,Unknown,-1.00000000,IX (MCS),NULL,NULL,NULL,NULL,NULL,"damage: Citadel, parts of the Walls, Govener palace",253,S
503,372EE9DF-BD1C-4FE4-8BAF-B7DEDDA3BCA8,Jerusalem,161,1458 Nov 16,S,6.50000000,Hr,35.23371042,31.77430227,3,Moderate,Unknown,Unknown,-1.00000000,Unknown,-1.00000000,VII (MCS),NULL,NULL,NULL,NULL,NULL,"damage: part of the minaret over the Zawiya al-Darkah, dome near the Church of the Holy Sepulchre",253,S
504,BF3D941B-3A5E-4C6E-9CDE-35515634AF69,Cairo,161,1458 Nov 16,S,6.50000000,Hr,31.20000000,30.04000000,1,Felt,Unknown,Unknown,-1.00000000,Unknown,-1.00000000,III-IV (MCS),NULL,NULL,NULL,NULL,NULL,The shock was felt weakly in Cairo.,253,S
505,372EE9DF-BD1C-4FE4-8BAF-B7DEDDA3BCA8,Jerusalem,166,1504,C,4.50000000,Pr,35.23371042,31.77430227,1,Felt,Unknown,Unknown,-1.00000000,Unknown,-1.00000000,NULL,NULL,NULL,NULL,NULL,NULL,Three shocks were felt in Jerusalem,259,C
506,372EE9DF-BD1C-4FE4-8BAF-B7DEDDA3BCA8,Jerusalem,169,1546 Jan 14 (Afternoon),MA,6.50000000,Vr,35.23371042,31.77430227,3,Moderate,"Few casualties

",Unknown,-1.00000000,Unknown,-1.00000000,NULL,NULL,NULL,NULL,NULL,NULL,"damage: Holy tomb, Walls, Tower of the Temple, gate of Mercy, Yishmael mosque, al-Aqsa, Church of the Holy Sepulchre, the Ashrafiyya, the Aminiyya, Fakhriyya, Olive Mountain",276,C
507,372EE9DF-BD1C-4FE4-8BAF-B7DEDDA3BCA8,Jerusalem,225,1557 Feb,S,NULL,Pr,35.23371042,31.77430227,3,Moderate,Unknown,Unknown,-1.00000000,Unknown,-1.00000000,NULL,NULL,NULL,NULL,NULL,NULL,NULL,277,C
508,11A1487E-27D7-4A7E-B810-B9BDB80B99B0,Damascus,226,1563 Sep 13 (dawn),S,NULL,Hr,36.29000000,33.51000000,3,Moderate,Unknown,Unknown,-1.00000000,Unknown,-1.00000000,NULL,NULL,NULL,NULL,NULL,NULL,NULL,278,C-N
509,11A1487E-27D7-4A7E-B810-B9BDB80B99B0,Damascus,170,1565 Jul 27,S,4.50000000,Hr,36.29000000,33.51000000,1,Felt,Unknown,Unknown,-1.00000000,Unknown,-1.00000000,NULL,NULL,NULL,NULL,NULL,NULL,NULL,279,C-N
510,BF3D941B-3A5E-4C6E-9CDE-35515634AF69,Cairo,171,1588 Jan 04 (13:00),S,6.70000000,Mr,31.20000000,30.04000000,2,Light,Unknown,Unknown,-1.00000000,Unknown,-1.00000000,NULL,NULL,NULL,NULL,NULL,NULL,NULL,281,S
511,405C9BB2-73B3-4E37-903A-09EC2AA623E6,Elat,171,1588 Jan 04 (13:00),S,6.70000000,Mr,34.95000000,29.55000000,3,Moderate,Unknown,Unknown,-1.00000000,Unknown,-1.00000000,NULL,NULL,NULL,NULL,NULL,NULL,NULL,281,S
513,D6527DD3-799D-479C-A335-5BD285CDC768,Medina,171,1588 Jan 04 (13:00),S,6.70000000,Mr,39.59000000,24.46000000,1,Felt,Unknown,Unknown,-1.00000000,Unknown,-1.00000000,NULL,NULL,NULL,NULL,NULL,NULL,NULL,281,S
514,A19DBC3E-C9C0-40E3-9379-21FE19F3A0BF,St. Catherine,171,1588 Jan 04 (13:00),S,6.70000000,Mr,33.97000000,28.55000000,3,Moderate,Unknown,Unknown,-1.00000000,Unknown,-1.00000000,NULL,NULL,NULL,NULL,NULL,NULL,"The monastery of… collappsed and, togther with other structures, was later rebuilt.",281,S
515,11A1487E-27D7-4A7E-B810-B9BDB80B99B0,Damascus,316,1604 Mar 12,S,NULL,Hr,36.29000000,33.51000000,2,Light,Unknown,Unknown,-1.00000000,Unknown,-1.00000000,NULL,NULL,NULL,NULL,NULL,NULL,NULL,282,C-N
516,21E5701C-EE5B-4DDE-BECD-C5C9A614822E,Bekaa (A),316,1604 Mar 12,S,NULL,Mr,36.14000000,34.00000000,1,Felt,Unknown,Unknown,-1.00000000,Unknown,-1.00000000,NULL,NULL,NULL,NULL,NULL,NULL,The earthquake felt in the Beqaa region of lebanon.,282,C-N
517,1936F477-1750-4C18-8CE6-1528010A851E,Deir Mar-Saba,172,1605 Jan 08,C,NULL,Dr,35.33000000,31.70000000,2,Light,Unknown,Unknown,-1.00000000,Unknown,-1.00000000,NULL,NULL,NULL,NULL,NULL,NULL,NULL,283,C
518,8B0ECE77-755E-4497-BE34-6EA7DCB86A9C,Baalbeq,173,1606 Oct 20,C,NULL,Hr,36.20000000,34.00000000,1,Felt,Unknown,Unknown,-1.00000000,Unknown,-1.00000000,NULL,NULL,NULL,NULL,NULL,NULL,NULL,284,C-N
519,11A1487E-27D7-4A7E-B810-B9BDB80B99B0,Damascus,319,1618 Jul 8,C,NULL,Hr,36.29000000,33.51000000,1,Felt,Unknown,Unknown,-1.00000000,Unknown,-1.00000000,NULL,NULL,NULL,NULL,NULL,NULL,NULL,287,C-N
521,11A1487E-27D7-4A7E-B810-B9BDB80B99B0,Damascus,320,1618 Aug,S,4.50000000,Vr,36.29000000,33.51000000,0,None,Unknown,Unknown,-1.00000000,Unknown,-1.00000000,NULL,NULL,NULL,NULL,NULL,NULL,NULL,288,C-N
522,11A1487E-27D7-4A7E-B810-B9BDB80B99B0,Damascus,322,1627 Nov 24,C,NULL,Hr,36.29000000,33.51000000,1,Felt,Unknown,Unknown,-1.00000000,Unknown,-1.00000000,NULL,NULL,NULL,NULL,NULL,NULL,NULL,290,C-N
523,372EE9DF-BD1C-4FE4-8BAF-B7DEDDA3BCA8,Jerusalem,174,1643 Mar 23,S,5.50000000,Mr,35.23371042,31.77430227,2,Light,No casualties,Unknown,-1.00000000,Unknown,-1.00000000,NULL,NULL,NULL,NULL,NULL,NULL,NULL,292,C
525,11A1487E-27D7-4A7E-B810-B9BDB80B99B0,Damascus,325,1647,S,4.50000000,Pr,36.29000000,33.51000000,1,Felt,Unknown,Unknown,-1.00000000,Unknown,-1.00000000,NULL,NULL,NULL,NULL,NULL,NULL,NULL,294,C-N
526,11A1487E-27D7-4A7E-B810-B9BDB80B99B0,Damascus,327,1672 Apr 29,S,4.50000000,Mr,36.29000000,33.51000000,1,Felt,Unknown,Unknown,-1.00000000,Unknown,-1.00000000,NULL,NULL,NULL,NULL,NULL,NULL,NULL,297,C-N
527,11A1487E-27D7-4A7E-B810-B9BDB80B99B0,Damascus,177,1705 Nov 23 (night),MA,NULL,Hr,36.29000000,33.51000000,3,Moderate,"Few casualties

",Unknown,-1.00000000,Unknown,-1.00000000,NULL,NULL,NULL,NULL,NULL,NULL,"damage: Umayyad mosque, Salihiyah, Afrem mosque, Mt Qasyun",301,C-N
528,8B0ECE77-755E-4497-BE34-6EA7DCB86A9C,Baalbeq,177,1705 Nov 23 (night),MA,NULL,Pr,36.20000000,34.00000000,2,Light,Unknown,Unknown,-1.00000000,Unknown,-1.00000000,NULL,NULL,NULL,NULL,NULL,NULL,NULL,301,C-N
530,8B0ECE77-755E-4497-BE34-6EA7DCB86A9C,Baalbeq,331,1715,S,NULL,Hr,36.20000000,34.00000000,3,Moderate,Unknown,Unknown,-1.00000000,Unknown,-1.00000000,NULL,NULL,NULL,NULL,NULL,NULL,Displaced a granite column.,304,C-N
531,11A1487E-27D7-4A7E-B810-B9BDB80B99B0,Damascus,181,1735 Nov 27 (dawn),S,4.50000000,Pr,36.29000000,33.51000000,1,Felt,Unknown,Unknown,-1.00000000,Unknown,-1.00000000,NULL,NULL,NULL,NULL,NULL,NULL,NULL,312,C-N
532,372EE9DF-BD1C-4FE4-8BAF-B7DEDDA3BCA8,Jerusalem,185,1753 Dec 16,S,4.50000000,Mr,35.23371042,31.77430227,1,Felt,Unknown,Unknown,-1.00000000,Unknown,-1.00000000,NULL,NULL,NULL,NULL,NULL,NULL,NULL,316,C
533,11A1487E-27D7-4A7E-B810-B9BDB80B99B0,Damascus,185,1753 Dec 16,S,4.50000000,Mr,36.29000000,33.51000000,2,Light,"Few casualties

",Unknown,-1.00000000,Unknown,-1.00000000,NULL,NULL,NULL,NULL,NULL,NULL,NULL,316,C
534,AED6DE2D-113A-4E03-A89A-F37BEA9C7CD8,Safed,186,1759 Oct 30 ( 03:45),F/S,6.50000000,Vr,35.48000000,32.96000000,5,Severe,Many casualties,Unknown,-1.00000000,Unknown,-1.00000000,NULL,NULL,NULL,NULL,NULL,NULL,NULL,318,C-N
535,108F8150-D79F-4BCE-A833-7DE68508EBB1,Qunetra,186,1759 Oct 30 ( 03:45),F/S,6.50000000,Vr,35.82000000,33.12000000,4,Heavy,Many casualties,Unknown,-1.00000000,Unknown,-1.00000000,NULL,NULL,NULL,NULL,NULL,NULL,NULL,318,C-N
536,5472F125-084A-49EE-BE2A-AADB2C17C1C2,Sidon,186,1759 Oct 30 ( 03:45),F/S,6.50000000,Vr,35.37000000,33.56000000,3,Moderate,No casualties,Unknown,-1.00000000,Unknown,-1.00000000,NULL,NULL,NULL,NULL,NULL,NULL,NULL,318,C-N
537,93F14479-704C-4AEB-A37C-0FE08F683F24,Akko,186,1759 Oct 30 ( 03:45),F/S,6.50000000,Hr,35.07000000,32.92000000,2,Light,No casualties,Unknown,-1.00000000,Unknown,-1.00000000,NULL,NULL,NULL,NULL,NULL,NULL,NULL,318,C-N
539,20CE8DD7-67BC-49C5-BEAA-59CE9DF42084,Sassa,186,1759 Oct 30 ( 03:45),F/S,6.50000000,Vr,35.38000000,33.01000000,2,Light,No casualties,Unknown,-1.00000000,Unknown,-1.00000000,NULL,NULL,NULL,NULL,NULL,NULL,NULL,318,C-N
540,EDE1A850-E561-4E8E-B451-DE3DADC58195,Nazareth,186,1759 Oct 30 ( 03:45),F/S,6.50000000,Vr,35.29000000,32.70000000,3,Moderate,Unknown,Unknown,-1.00000000,Unknown,-1.00000000,NULL,NULL,NULL,NULL,NULL,NULL,Nazeret.,318,C-N
541,C601857B-C043-4546-85FC-41C8D3548F01,Nablus,186,1759 Oct 30 ( 03:45),F/S,6.50000000,Vr,35.25000000,32.21000000,3,Moderate,Unknown,Unknown,-1.00000000,Unknown,-1.00000000,NULL,NULL,NULL,NULL,NULL,NULL,Ground failures?,318,C-N
542,912B3498-4EC2-46F8-9731-8444E6B28B0D,Hamma,186,1759 Oct 30 ( 03:45),F/S,6.50000000,Vr,36.75000000,35.13000000,3,Moderate,Unknown,Unknown,-1.00000000,Unknown,-1.00000000,NULL,NULL,NULL,NULL,NULL,NULL,Ground failures?,318,C-N
543,298E6A51-CC52-4806-9266-8CE38BA95E52,Tiberias,186,1759 Oct 30 ( 03:45),F/S,6.50000000,Vr,35.54223594,32.78604531,4,Heavy,Unknown,Unknown,-1.00000000,Unknown,-1.00000000,NULL,NULL,NULL,NULL,NULL,NULL,NULL,318,C-N
544,11A1487E-27D7-4A7E-B810-B9BDB80B99B0,Damascus,186,1759 Oct 30 ( 03:45),F/S,6.50000000,Vr,36.29000000,33.51000000,3,Moderate,Unknown,Unknown,-1.00000000,Unknown,-1.00000000,NULL,NULL,NULL,NULL,NULL,NULL,damage: Qanawat water Channel,318,C-N
546,D744E9B4-E0A5-4E5B-A5F1-6695B807B5C7,Ghutah,186,1759 Oct 30 ( 03:45),F/S,6.50000000,Vr,36.42000000,33.49000000,3,Moderate,Unknown,Unknown,-1.00000000,Unknown,-1.00000000,NULL,NULL,NULL,NULL,NULL,NULL,NULL,318,C-N
547,C8AC700E-1F60-45F7-9D1F-4F695EE1C87B,Tripoli,186,1759 Oct 30 ( 03:45),F/S,6.50000000,Hr,35.83000000,34.43000000,1,Felt,Unknown,Unknown,-1.00000000,Unknown,-1.00000000,NULL,NULL,NULL,NULL,NULL,NULL,damege: Water slosh out of basins and ponds.,318,C-N
548,D10B0336-2D82-4E78-A1B2-A300A02903E7,Beirut,186,1759 Oct 30 ( 03:45),F/S,6.50000000,Vr,35.48000000,33.89000000,1,Felt,Unknown,Unknown,-1.00000000,Unknown,-1.00000000,NULL,NULL,NULL,NULL,NULL,NULL,"in the distric of Hisn al Akrad, homs and Caesarsea Water slosh out of basins and ponds.",318,C-N
549,372EE9DF-BD1C-4FE4-8BAF-B7DEDDA3BCA8,Jerusalem,186,1759 Oct 30 ( 03:45),F/S,6.50000000,Hr,35.23371042,31.77430227,1,Felt,Unknown,Unknown,-1.00000000,Unknown,-1.00000000,NULL,NULL,NULL,NULL,NULL,NULL,NULL,318,C-N
551,DA8E5967-B9B3-47EE-99BB-1B767B08C6E5,Antakya,186,1759 Oct 30 ( 03:45),F/S,6.50000000,Hr,36.16000000,36.20000000,1,Felt,Unknown,Unknown,-1.00000000,Unknown,-1.00000000,NULL,NULL,NULL,NULL,NULL,NULL,NULL,318,C-N
552,252F6859-A330-41AD-9210-3FC8730D7E2A,Latakia,186,1759 Oct 30 ( 03:45),F/S,6.50000000,Vr,35.77000000,35.51000000,1,Felt,Unknown,Unknown,-1.00000000,Unknown,-1.00000000,NULL,NULL,NULL,NULL,NULL,NULL,NULL,318,C-N
553,6C37CC8B-7F51-4557-BA02-A7A23966EFD3,Aleppo,186,1759 Oct 30 ( 03:45),F/S,6.50000000,Hr,37.15000000,36.21000000,1,Felt,Unknown,Unknown,-1.00000000,Unknown,-1.00000000,NULL,NULL,NULL,NULL,NULL,NULL,NULL,318,C-N
554,E14D7DB9-9A00-4F0C-A710-1442E7F3317A,Gaza,186,1759 Oct 30 ( 03:45),F/S,6.50000000,Hr,34.46000000,31.50000000,1,Felt,Unknown,Unknown,-1.00000000,Unknown,-1.00000000,NULL,NULL,NULL,NULL,NULL,NULL,NULL,318,C-N
557,F9402D44-C7B4-4D8E-AAD3-041851F32D2E,Shakif Arnun Citadel (U),187,1759 Nov 25 ( 19:23),FMA,7.30000000,Vr,33.65082151,33.05128774,4,Heavy,Unknown,Unknown,-1.00000000,Unknown,-1.00000000,NULL,NULL,NULL,NULL,NULL,NULL,Area of Metwali.,319,C-N
558,C2398A1E-C213-4E04-A963-4B6D365221AE,Marjayoun,187,1759 Nov 25 ( 19:23),FMA,7.30000000,Vr,35.59000000,33.36000000,5,Severe,Unknown,Unknown,-1.00000000,Unknown,-1.00000000,NULL,NULL,NULL,NULL,NULL,NULL,Villages of Marjuyun.,319,C-N
559,C39520C1-B534-41DD-B4D3-CBCD3A78E153,Kaukaba (U),187,1759 Nov 25 ( 19:23),FMA,7.30000000,Vr,33.65082151,33.05128774,4,Heavy,Unknown,Unknown,-1.00000000,Unknown,-1.00000000,NULL,NULL,NULL,NULL,NULL,NULL,Villages of Kaukaba,319,C-N
560,FBAA4EB2-C21E-4798-8261-6903BB830D45,Zebdine,187,1759 Nov 25 ( 19:23),FMA,7.30000000,Vr,35.76000000,34.05000000,4,Heavy,Unknown,Unknown,-1.00000000,Unknown,-1.00000000,NULL,NULL,NULL,NULL,NULL,NULL,Villages of Zebdin,319,C-N
561,99B625A9-2801-40C3-B476-F305AC73EB9B,Nabatieh,187,1759 Nov 25 ( 19:23),FMA,7.30000000,Vr,35.48000000,33.35000000,4,Heavy,Unknown,Unknown,-1.00000000,Unknown,-1.00000000,NULL,NULL,NULL,NULL,NULL,NULL,NULL,319,C-N
563,5676BE3A-EAB9-4E5B-9572-17A140F0F668,Qeitule (U),187,1759 Nov 25 ( 19:23),FMA,7.30000000,Vr,33.65082151,33.05128774,4,Heavy,"Few casualties

",Unknown,-1.00000000,Unknown,-1.00000000,NULL,NULL,NULL,NULL,NULL,NULL,NULL,319,C-N
564,C3FC61FD-5405-4E34-94AE-762D8DC403FB,Joun,187,1759 Nov 25 ( 19:23),FMA,7.30000000,Vr,35.47000000,33.58000000,4,Heavy,Unknown,Unknown,-1.00000000,Unknown,-1.00000000,NULL,NULL,NULL,NULL,NULL,NULL,damage: Sisters of Mary's Monestary,319,C-N
565,27E3E2F9-9C2B-4910-A032-9CD53367FBE1,Mukhtara (U),187,1759 Nov 25 ( 19:23),FMA,7.30000000,Vr,33.65082151,33.05128774,4,Heavy,"Few casualties

",Unknown,-1.00000000,Unknown,-1.00000000,NULL,NULL,NULL,NULL,NULL,NULL,NULL,319,C-N
566,E3693749-EAA1-4F51-A279-8159AE860178,Tannourine,187,1759 Nov 25 ( 19:23),FMA,7.30000000,Vr,35.90000000,34.18000000,4,Heavy,Unknown,Unknown,-1.00000000,Unknown,-1.00000000,NULL,NULL,NULL,NULL,NULL,NULL,NULL,319,C-N
567,1A56B2BE-C181-40E3-AC0B-FEE8BC6EE163,Akura,187,1759 Nov 25 ( 19:23),FMA,7.30000000,Vr,35.74000000,33.94000000,4,Heavy,Unknown,Unknown,-1.00000000,Unknown,-1.00000000,NULL,NULL,NULL,NULL,NULL,NULL,NULL,319,C-N
568,B95A5079-A375-4561-97E1-5105B9413166,Afka,187,1759 Nov 25 ( 19:23),FMA,7.30000000,Vr,35.88000000,34.06000000,4,Heavy,Unknown,Unknown,-1.00000000,Unknown,-1.00000000,NULL,NULL,NULL,NULL,NULL,NULL,NULL,319,C-N
569,86B2F6AA-5ECB-43A4-8C11-25DE154BA0D6,Shaad-staging post (U),187,1759 Nov 25 ( 19:23),FMA,7.30000000,Vr,33.65082151,33.05128774,2,Light,Unknown,Unknown,-1.00000000,Unknown,-1.00000000,NULL,NULL,NULL,NULL,NULL,NULL,NULL,319,C-N
570,F91537D7-5B7E-40DC-9277-DACFA20C0B87,Labweh-post (U),187,1759 Nov 25 ( 19:23),FMA,7.30000000,Vr,33.65082151,33.05128774,2,Light,Unknown,Unknown,-1.00000000,Unknown,-1.00000000,NULL,NULL,NULL,NULL,NULL,NULL,NULL,319,C-N
572,8B0ECE77-755E-4497-BE34-6EA7DCB86A9C,Baalbeq,187,1759 Nov 25 ( 19:23),FMA,7.30000000,Vr,36.20000000,34.00000000,5,Severe,Many casualties,Unknown,-1.00000000,Unknown,-1.00000000,NULL,NULL,NULL,NULL,NULL,NULL,"damage: the Castle, the Great Temple",319,C-N
573,18ABB102-6DC7-4CC0-A438-65B41D927A2B,Sergaya (U),187,1759 Nov 25 ( 19:23),FMA,7.30000000,Vr,33.65082151,33.05128774,4,Heavy,Many casualties,Unknown,-1.00000000,Unknown,-1.00000000,NULL,NULL,NULL,NULL,NULL,NULL,NULL,319,C-N
574,07BA3976-A93B-4915-BC32-28179474205C,Zebdani,187,1759 Nov 25 ( 19:23),FMA,7.30000000,Vr,36.15000000,33.66000000,4,Heavy,Many casualties,Unknown,-1.00000000,Unknown,-1.00000000,NULL,NULL,NULL,NULL,NULL,NULL,NULL,319,C-N
575,7D2BEFB9-78DA-4993-88D7-06903758233A,Hasaya (U),187,1759 Nov 25 ( 19:23),FMA,7.30000000,Vr,33.65082151,33.05128774,4,Heavy,Many casualties,Unknown,-1.00000000,Unknown,-1.00000000,NULL,NULL,NULL,NULL,NULL,NULL,NULL,319,C-N
576,D20AF827-FDC8-4FE5-9EF9-855BFF913A13,Maithalun (U),187,1759 Nov 25 ( 19:23),FMA,7.30000000,Vr,33.65082151,33.05128774,4,Heavy,Many casualties,Unknown,-1.00000000,Unknown,-1.00000000,NULL,NULL,NULL,NULL,NULL,NULL,NULL,319,C-N
577,43673396-9724-4A3E-808E-1F92C886D9F0,Qatana,187,1759 Nov 25 ( 19:23),FMA,7.30000000,Vr,36.08000000,33.43000000,5,Severe,Many casualties,Unknown,-1.00000000,Unknown,-1.00000000,NULL,NULL,NULL,NULL,NULL,NULL,"todo :
Qatanna?",319,C-N
578,9FEFF99F-ABD4-4142-9523-96735990804E,Bet-Jann,187,1759 Nov 25 ( 19:23),FMA,7.30000000,Vr,35.37000000,32.96000000,4,Heavy,Many casualties,Unknown,-1.00000000,Unknown,-1.00000000,NULL,NULL,NULL,NULL,NULL,NULL,"todo :
Fire followed the earthquake.",319,C-N
581,AED6DE2D-113A-4E03-A89A-F37BEA9C7CD8,Safed,187,1759 Nov 25 ( 19:23),FMA,7.30000000,Vr,35.48000000,32.96000000,5,Severe,Many casualties,Unknown,-1.00000000,Unknown,-1.00000000,NULL,NULL,NULL,NULL,NULL,NULL,NULL,319,C-N
582,DCAF5943-883B-4F7B-A4F0-5DF90521FB1E,Al-Rama,187,1759 Nov 25 ( 19:23),FMA,7.30000000,Vr,35.36000000,32.93000000,2,Light,Unknown,Unknown,-1.00000000,Unknown,-1.00000000,NULL,NULL,NULL,NULL,NULL,NULL,NULL,319,C-N
584,93F14479-704C-4AEB-A37C-0FE08F683F24,Akko,187,1759 Nov 25 ( 19:23),FMA,7.30000000,Vr,35.07000000,32.92000000,3,Moderate,No casualties,Unknown,-1.00000000,Unknown,-1.00000000,NULL,NULL,NULL,NULL,NULL,NULL,NULL,319,C-N
585,5472F125-084A-49EE-BE2A-AADB2C17C1C2,Sidon,187,1759 Nov 25 ( 19:23),FMA,7.30000000,Vr,35.37000000,33.56000000,4,Heavy,"Few casualties

",Unknown,-1.00000000,Unknown,-1.00000000,NULL,NULL,NULL,NULL,NULL,NULL,"damage: the Harbour, European quarter, citadel",319,C-N
586,D10B0336-2D82-4E78-A1B2-A300A02903E7,Beirut,187,1759 Nov 25 ( 19:23),FMA,7.30000000,Vr,35.48000000,33.89000000,3,Moderate,Unknown,Unknown,-1.00000000,Unknown,-1.00000000,NULL,NULL,NULL,NULL,NULL,NULL,"damage: Khan, European merchandize stores",319,C-N
587,C8AC700E-1F60-45F7-9D1F-4F695EE1C87B,Tripoli,187,1759 Nov 25 ( 19:23),FMA,7.30000000,Vr,35.83000000,34.43000000,3,Moderate,No casualties,Unknown,-1.00000000,Unknown,-1.00000000,NULL,NULL,NULL,NULL,NULL,NULL,NULL,319,C-N
588,16E85EDA-78C4-43FE-AC4E-E474AD956886,Qusayr [SR],187,1759 Nov 25 ( 19:23),FMA,7.30000000,Vr,36.59000000,34.12000000,3,Moderate,Unknown,Unknown,-1.00000000,Unknown,-1.00000000,NULL,NULL,NULL,NULL,NULL,NULL,NULL,319,C-N
592,11A1487E-27D7-4A7E-B810-B9BDB80B99B0,Damascus,187,1759 Nov 25 ( 19:23),FMA,7.30000000,Vr,36.29000000,33.51000000,4,Heavy,Unknown,Unknown,-1.00000000,Unknown,-1.00000000,NULL,NULL,NULL,NULL,NULL,NULL,"Damage was extremely non-uniform: Sahiliya, Umayyad mosque, Citadel, Walls",319,C-N
593,40E3BD4D-6B07-4766-95E0-884E44A00DA1,Saidnaya (U),187,1759 Nov 25 ( 19:23),FMA,7.30000000,Vr,33.65082151,33.05128774,3,Moderate,No casualties,Unknown,-1.00000000,Unknown,-1.00000000,NULL,NULL,NULL,NULL,NULL,NULL,Damascus district,319,C-N
594,A87C3AC3-C5F8-419E-8EA2-4EBDF6510B82,Maara (U),187,1759 Nov 25 ( 19:23),FMA,7.30000000,Vr,33.65082151,33.05128774,5,Severe,Many casualties,Unknown,-1.00000000,Unknown,-1.00000000,NULL,NULL,NULL,NULL,NULL,NULL,Damascus district,319,C-N
595,E941769C-742C-4E9C-BB2B-08369F9E6CEF,Tell,187,1759 Nov 25 ( 19:23),FMA,7.30000000,Vr,36.27000000,33.50000000,5,Severe,Many casualties,Unknown,-1.00000000,Unknown,-1.00000000,NULL,NULL,NULL,NULL,NULL,NULL,Damascus district,319,C-N
596,540B5F5C-B2F0-4ABC-BBCE-1FDBB7C0E698,Al-Darij,187,1759 Nov 25 ( 19:23),FMA,7.30000000,Vr,36.24000000,33.60000000,4,Heavy,No casualties,Unknown,-1.00000000,Unknown,-1.00000000,NULL,NULL,NULL,NULL,NULL,NULL,Damascus district,319,C-N
597,369B9035-1B5E-4C9F-802F-5AEA71288584,Halboun,187,1759 Nov 25 ( 19:23),FMA,7.30000000,Vr,36.23000000,33.64000000,4,Heavy,No casualties,Unknown,-1.00000000,Unknown,-1.00000000,NULL,NULL,NULL,NULL,NULL,NULL,Damascus district,319,C-N
598,03B9FA25-1360-4143-A3F4-7040CC2932BA,Mnin (U),187,1759 Nov 25 ( 19:23),FMA,7.30000000,Vr,33.65082151,33.05128774,4,Heavy,No casualties,Unknown,-1.00000000,Unknown,-1.00000000,NULL,NULL,NULL,NULL,NULL,NULL,Damascus district,319,C-N
599,8191CA14-8065-446C-9464-42A8FD98FF14,Dimas (U),187,1759 Nov 25 ( 19:23),FMA,7.30000000,Vr,33.65082151,33.05128774,3,Moderate,Unknown,Unknown,-1.00000000,Unknown,-1.00000000,NULL,NULL,NULL,NULL,NULL,NULL,Damascus district,319,C-N
600,BD8D4BA6-5DF8-49F4-B568-ADAC6FD201EF,Mazza (U),187,1759 Nov 25 ( 19:23),FMA,7.30000000,Vr,33.65082151,33.05128774,3,Moderate,Unknown,Unknown,-1.00000000,Unknown,-1.00000000,NULL,NULL,NULL,NULL,NULL,NULL,"Damascus district
Mazza also damaged but not as mhch as Dummar.",319,C-N
601,5B3F82F8-1C6C-431C-896D-3DCD2C4A8073,Dummar,187,1759 Nov 25 ( 19:23),FMA,7.30000000,Vr,36.22000000,33.53000000,5,Severe,Unknown,Unknown,-1.00000000,Unknown,-1.00000000,NULL,NULL,NULL,NULL,NULL,NULL,Damascus district,319,C-N
602,17943B90-D470-4E5A-A124-AA6F98F74420,Arbin,187,1759 Nov 25 ( 19:23),FMA,7.30000000,Vr,36.33000000,33.47000000,3,Moderate,Unknown,Unknown,-1.00000000,Unknown,-1.00000000,NULL,NULL,NULL,NULL,NULL,NULL,Damascus district,319,C-N
603,17BBC409-2A15-4C4E-86B0-2452482A99DD,Harasta,187,1759 Nov 25 ( 19:23),FMA,7.30000000,Vr,36.36000000,33.56000000,3,Moderate,Unknown,Unknown,-1.00000000,Unknown,-1.00000000,NULL,NULL,NULL,NULL,NULL,NULL,Damascus district,319,C-N
604,584A2014-2C4E-44F3-A1DD-A2CB123ADF08,Douma,187,1759 Nov 25 ( 19:23),FMA,7.30000000,Vr,36.40000000,33.57000000,3,Moderate,Unknown,Unknown,-1.00000000,Unknown,-1.00000000,NULL,NULL,NULL,NULL,NULL,NULL,Damascus district,319,C-N
606,DCE50D19-1DB0-4F95-9532-5D9F2ECF1EEC,Adhra,187,1759 Nov 25 ( 19:23),FMA,7.30000000,Vr,35.76000000,34.05000000,2,Light,Unknown,Unknown,-1.00000000,Unknown,-1.00000000,NULL,NULL,NULL,NULL,NULL,NULL,Damascus district,319,C-N
607,F2C33063-FF91-4DAF-8425-A2D1850837AB,Maydas (U),187,1759 Nov 25 ( 19:23),FMA,7.30000000,Vr,33.65082151,33.05128774,2,Light,Unknown,Unknown,-1.00000000,Unknown,-1.00000000,NULL,NULL,NULL,NULL,NULL,NULL,Damascus district,319,C-N
608,FB19B648-00E6-4B76-B471-57F1C5D6E49F,Nashbiyeh (U),187,1759 Nov 25 ( 19:23),FMA,7.30000000,Vr,33.65082151,33.05128774,3,Moderate,Unknown,Unknown,-1.00000000,Unknown,-1.00000000,NULL,NULL,NULL,NULL,NULL,NULL,"Damascus district
Houses, the mosque and the olive press were damaged.",319,C-N
609,D744E9B4-E0A5-4E5B-A5F1-6695B807B5C7,Ghutah,187,1759 Nov 25 ( 19:23),FMA,7.30000000,Vr,36.42000000,33.49000000,4,Heavy,Unknown,Unknown,-1.00000000,Unknown,-1.00000000,NULL,NULL,NULL,NULL,NULL,NULL,NULL,319,C-N
613,108F8150-D79F-4BCE-A833-7DE68508EBB1,Qunetra,187,1759 Nov 25 ( 19:23),FMA,7.30000000,Vr,35.82000000,33.12000000,4,Heavy,Unknown,Unknown,-1.00000000,Unknown,-1.00000000,NULL,NULL,NULL,NULL,NULL,NULL,NULL,319,C-N
614,C601857B-C043-4546-85FC-41C8D3548F01,Nablus,187,1759 Nov 25 ( 19:23),FMA,7.30000000,Vr,35.25000000,32.21000000,4,Heavy,"Few casualties

",Unknown,-1.00000000,Unknown,-1.00000000,NULL,NULL,NULL,NULL,NULL,NULL,Many houses that hed been damaged by the foreshock collapsed.,319,C-N
615,912B3498-4EC2-46F8-9731-8444E6B28B0D,Hamma,187,1759 Nov 25 ( 19:23),FMA,7.30000000,Vr,36.75000000,35.13000000,3,Moderate,No casualties,Unknown,-1.00000000,Unknown,-1.00000000,NULL,NULL,NULL,NULL,NULL,NULL,NULL,319,C-N
616,98A56406-F4AE-4072-B136-54392163C645,Deir Hanna,187,1759 Nov 25 ( 19:23),FMA,7.30000000,Vr,35.37000000,32.86000000,3,Moderate,No casualties,Unknown,-1.00000000,Unknown,-1.00000000,NULL,NULL,NULL,NULL,NULL,NULL,NULL,319,C-N
617,32CCC3A0-A7EE-46D7-92AA-6818C0DB8787,Caesarea,187,1759 Nov 25 ( 19:23),FMA,7.30000000,Vr,34.89000000,32.50000000,3,Moderate,Unknown,Unknown,-1.00000000,Unknown,-1.00000000,NULL,NULL,NULL,NULL,NULL,NULL,NULL,319,C-N
618,4DB98FB7-2AD2-4043-A737-B9E71D391CAD,Haifa,187,1759 Nov 25 ( 19:23),FMA,7.30000000,Vr,35.00000000,32.82000000,3,Moderate,No casualties,Unknown,-1.00000000,Unknown,-1.00000000,NULL,NULL,NULL,NULL,NULL,NULL,NULL,319,C-N
619,298E6A51-CC52-4806-9266-8CE38BA95E52,Tiberias,187,1759 Nov 25 ( 19:23),FMA,7.30000000,Vr,35.54223594,32.78604531,4,Heavy,Unknown,Unknown,-1.00000000,Unknown,-1.00000000,NULL,NULL,NULL,NULL,NULL,NULL,NULL,319,C-N
620,F47CDBDF-4B12-4C96-9DD9-8E6E6061970A,Homs,187,1759 Nov 25 ( 19:23),FMA,7.30000000,Vr,36.71000000,34.73000000,2,Light,Unknown,Unknown,-1.00000000,Unknown,-1.00000000,NULL,NULL,NULL,NULL,NULL,NULL,NULL,319,C-N
622,8E326C44-F167-4063-A7FB-8B4014B01FB6,Shaizar,187,1759 Nov 25 ( 19:23),FMA,7.30000000,Vr,36.56000000,35.25000000,2,Light,Unknown,Unknown,-1.00000000,Unknown,-1.00000000,NULL,NULL,NULL,NULL,NULL,NULL,NULL,319,C-N
624,E14D7DB9-9A00-4F0C-A710-1442E7F3317A,Gaza,187,1759 Nov 25 ( 19:23),FMA,7.30000000,Vr,34.46000000,31.50000000,1,Felt,Unknown,Unknown,-1.00000000,Unknown,-1.00000000,NULL,NULL,NULL,NULL,NULL,NULL,The earthquake was felt stongly.,319,C-N
625,372EE9DF-BD1C-4FE4-8BAF-B7DEDDA3BCA8,Jerusalem,187,1759 Nov 25 ( 19:23),FMA,7.30000000,Vr,35.23371042,31.77430227,1,Felt,Unknown,Unknown,-1.00000000,Unknown,-1.00000000,NULL,NULL,NULL,NULL,NULL,NULL,The earthquake was felt stongly.,319,C-N
626,22ECD9ED-EB41-4957-A438-E90C1F3A2211,Jaffa,187,1759 Nov 25 ( 19:23),FMA,7.30000000,Vr,34.75000000,32.05000000,1,Felt,Unknown,Unknown,-1.00000000,Unknown,-1.00000000,NULL,NULL,NULL,NULL,NULL,NULL,The earthquake was felt stongly.,319,C-N
628,DA8E5967-B9B3-47EE-99BB-1B767B08C6E5,Antakya,187,1759 Nov 25 ( 19:23),FMA,7.30000000,Vr,36.16000000,36.20000000,3,Moderate,"Few casualties

",Unknown,-1.00000000,Unknown,-1.00000000,NULL,NULL,NULL,NULL,NULL,NULL,NULL,319,C-N
629,6C37CC8B-7F51-4557-BA02-A7A23966EFD3,Aleppo,187,1759 Nov 25 ( 19:23),FMA,7.30000000,Vr,37.15000000,36.21000000,3,Moderate,Unknown,Unknown,-1.00000000,Unknown,-1.00000000,NULL,NULL,NULL,NULL,NULL,NULL,NULL,319,C-N
630,4BE86F7E-9F77-4516-938C-104A45DAC6AD,Jabal al-Druze,187,1759 Nov 25 ( 19:23),FMA,7.30000000,Vr,44.45000000,37.85000000,3,Moderate,Unknown,Unknown,-1.00000000,Unknown,-1.00000000,NULL,NULL,NULL,NULL,NULL,NULL,NULL,319,C-N
631,DBCD2A84-21E2-4CEC-89AC-F1BC7149CFFC,Tarba,187,1759 Nov 25 ( 19:23),FMA,7.30000000,Vr,40.82000000,35.30000000,3,Moderate,Unknown,Unknown,-1.00000000,Unknown,-1.00000000,NULL,NULL,NULL,NULL,NULL,NULL,NULL,319,C-N
632,5C9FEE42-4817-4C3B-A724-740330C36572,Alexandria,187,1759 Nov 25 ( 19:23),FMA,7.30000000,Vr,29.89000000,31.20000000,1,Felt,Unknown,Unknown,-1.00000000,Unknown,-1.00000000,NULL,NULL,NULL,NULL,NULL,NULL,NULL,319,C-N
633,11A1487E-27D7-4A7E-B810-B9BDB80B99B0,Damascus,334,1761 Apr 9,S,NULL,Pr,36.29000000,33.51000000,1,Felt,Unknown,Unknown,-1.00000000,Unknown,-1.00000000,NULL,NULL,NULL,NULL,NULL,NULL,NULL,321,C-N
640,372EE9DF-BD1C-4FE4-8BAF-B7DEDDA3BCA8,Jerusalem,192,1834 May 26 (13:00),S,6.30000000,Vr,35.23371042,31.77430227,3,Moderate,No casualties,6-7,6.50000000,Unknown,-1.00000000,NULL,NULL,Few,NULL,NULL,NULL,Houses suffered various degrees of damage without loss of life,357,C
643,5482FB66-9ED8-4B2D-93F0-76A9FE580450,Umm al-Rasas,192,1834 May 26 (13:00),S,6.30000000,Vr,35.92000000,31.50000000,3,Moderate,No casualties,7-8,7.50000000,Unknown,-1.00000000,NULL,NULL,NULL,-,-,-,Damage to historical remains (Klein 1868; Anderson 1997),357,C
644,8E329625-5D3F-4FD5-A273-ED9B760CF425,Al-Rahba,192,1834 May 26 (13:00),S,6.30000000,Vr,35.72000000,31.35000000,3,Moderate,No casualties,7-8,7.50000000,Unknown,-1.00000000,NULL,NULL,NULL,-,-,-,Damage to historical remains (Klein 1868; Anderson 1997),357,C
645,649C9271-3EFA-4248-A7E4-B04F9ACE6F09,Dead Sea Southwest (A),192,1834 May 26 (13:00),S,6.30000000,Hr,35.36000000,31.13000000,0,None,No casualties,Unknown,-1.00000000,Unknown,-1.00000000,NULL,NULL,NULL,NULL,NULL,NULL,"After the earthquake of 1834, a large quantity of asphalt was apparently cast onto the shore near the southwestern corner of the Dead Sea, three tons of which were brought to market by the natives",357,C
647,32CCC3A0-A7EE-46D7-92AA-6818C0DB8787,Caesarea,192,1834 May 26 (13:00),S,6.30000000,Vr,34.89000000,32.50000000,3,Moderate,No casualties,7,7.00000000,Unknown,-1.00000000,NULL,NULL,NULL,-,-,-,"Parts of the remaining old walls fell (Poujoulat 1840, 154); Some houses fell (Poujoulat 1840, 154); Four nearby villages were also affected, without casualties (Poujoulat 1840, 154)",357,C
648,E14D7DB9-9A00-4F0C-A710-1442E7F3317A,Gaza,192,1834 May 26 (13:00),S,6.30000000,Vr,34.46000000,31.50000000,1,Felt,No casualties,5,5.00000000,Unknown,-1.00000000,NULL,NULL,NULL,NULL,NULL,NULL,NULL,357,C
649,93F14479-704C-4AEB-A37C-0FE08F683F24,Akko,192,1834 May 26 (13:00),S,6.30000000,Vr,35.07000000,32.92000000,1,Felt,No casualties,5,5.00000000,Unknown,-1.00000000,NULL,NULL,NULL,NULL,NULL,NULL,NULL,357,C
651,D10B0336-2D82-4E78-A1B2-A300A02903E7,Beirut,193,1837 Jan 01  (16:35),MA,7.10000000,Vr,35.48000000,33.89000000,3,Moderate,"Few casualties

",7,7.00000000,Unknown,-1.00000000,NULL,NULL,8,NULL,2,NULL,"Panic but no serious damage in the city itself. About eight houses, which had been built outside its walls on alluvium by the sea, collapsed, killing two people (AM after Paxton 1839; Rustum 1942)",359,C-N
652,3E56F5C4-3B6B-4900-B375-D3BB4D87087F,Kesrawan (A),193,1837 Jan 01  (16:35),MA,7.10000000,Vr,35.64000000,33.93000000,2,Light,No casualties,5,5.00000000,Unknown,-1.00000000,NULL,NULL,NULL,NULL,NULL,NULL,No damage (AM),359,C-N
653,9E01850A-AAA5-4D50-877C-B26F6D5460FC,Deir al-Mukhalles,193,1837 Jan 01  (16:35),MA,7.10000000,Mr,35.54000000,33.77000000,3,Moderate,Unknown,7,7.00000000,Unknown,-1.00000000,NULL,NULL,NULL,NULL,NULL,NULL,Damaged but details are lacking (AM),359,C-N
654,5472F125-084A-49EE-BE2A-AADB2C17C1C2,Sidon,193,1837 Jan 01  (16:35),MA,7.10000000,Vr,35.37000000,33.56000000,5,Severe,"Few casualties

",9,9.00000000,Unknown,-1.00000000,NULL,1800,1210,NULL,7,NULL,"Was almost totally ruined. Of its 1800 houses, 580 were demolished and 630 ruined, with the loss of seven lives. Qala’t Mezzeh (Chateau de Saint Louis of the Crusaders), standing on the promontory which divides the two harbours, collapsed. The French merchants’ stores fell and the walls of the town were breached. The town and the land walls were rebuilt by Soleyman Pasha immediately after the earthquake (AM after Thomson 1837; Rustum 1942; Kerhardene 1859).",359,C-N
656,3E1F5A48-364A-465B-8D76-98B6628B1A02,Al-Ghaziye,193,1837 Jan 01  (16:35),MA,7.10000000,Vr,35.36000000,33.53000000,3,Moderate,"Few casualties

",7-8,7.50000000,Unknown,-1.00000000,NULL,NULL,14,NULL,7,NULL,"At al-Ghaziye 14 houses collapsed, killing seven people (AM)",359,C-N
657,C3B9D426-69FE-424A-A7B9-82C4F2C9FCF1,Deir Mar-Elias [LB],193,1837 Jan 01  (16:35),MA,7.10000000,Hr,35.41000000,33.56000000,4,Heavy,Unknown,8,8.00000000,Unknown,-1.00000000,NULL,NULL,NULL,NULL,NULL,NULL,Seriosly damaged (AM),359,C-N
658,B2344914-D5C8-43AB-AF39-212ED9C27FE5,Deir al-Hatta,193,1837 Jan 01  (16:35),MA,7.10000000,Vr,35.45000000,33.53000000,5,Severe,Unknown,9,9.00000000,Unknown,-1.00000000,NULL,NULL,NULL,NULL,NULL,NULL,Totally destroyed (AM),359,C-N
659,10715D5F-F888-4E95-8C18-7C09C1D8071C,Rumin,193,1837 Jan 01  (16:35),MA,7.10000000,Vr,35.43000000,33.52000000,5,Severe,Unknown,9,9.00000000,Unknown,-1.00000000,NULL,NULL,NULL,NULL,NULL,NULL,Totally destroyed (AM),359,C-N
660,C02EF92E-08B5-454E-8754-9BAF3CA46780,Rashaya,193,1837 Jan 01  (16:35),MA,7.10000000,Vr,35.85000000,33.43000000,2,Light,Unknown,5-6,5.50000000,Unknown,-1.00000000,NULL,NULL,NULL,NULL,NULL,NULL,"The shock was very violent, but it is not known whether it caused any damage (AM following Thomson 1837)",359,C-N
662,10AA43E9-0A03-4926-BF68-6D59425449C9,Deir Kifa,193,1837 Jan 01  (16:35),MA,7.10000000,Vr,35.40000000,33.27000000,4,Heavy,Unknown,9,9.00000000,Unknown,-1.00000000,NULL,NULL,NULL,NULL,NULL,NULL,Deir Qufa (Deir Kifa) was totally ruined (AM),359,C-N
663,AED41E5B-0D4C-45F9-97C5-11A1DDBA96C8,Dibbin,193,1837 Jan 01  (16:35),MA,7.10000000,Vr,35.67000000,33.59000000,4,Heavy,Unknown,8,8.00000000,Unknown,-1.00000000,NULL,NULL,NULL,NULL,NULL,NULL,"Al-Kufur collapsed with the loss of 72 lives, and so did Dibbin, Nabatiya, al-Tahta, and Jibshit (AM)",359,C-N
664,99B625A9-2801-40C3-B476-F305AC73EB9B,Nabatieh,193,1837 Jan 01  (16:35),MA,7.10000000,Vr,35.48000000,33.35000000,4,Heavy,Unknown,8-9,8.50000000,Unknown,-1.00000000,NULL,NULL,NULL,NULL,NULL,NULL,"Al-Kufur collapsed with the loss of 72 lives, and so did Dibbin, Nabatiya, al-Tahta and Jibshit (AM)",359,C-N
665,2426A21C-8856-49BB-B1EB-D6C7A9144BC1,Al-Tahta,193,1837 Jan 01  (16:35),MA,7.10000000,Vr,35.45000000,33.36000000,4,Heavy,Unknown,8,8.00000000,Unknown,-1.00000000,NULL,NULL,NULL,NULL,NULL,NULL,"Al-Kufur collapsed with the loss of 72 lives, and so did Dibbin, Nabatiya, al-Tahta and Jibshit (AM)",359,C-N
666,5236131A-F4BA-452D-B15D-AAED54573235,Jibshit,193,1837 Jan 01  (16:35),MA,7.10000000,Vr,35.50000000,33.36000000,4,Heavy,Unknown,8,8.00000000,Unknown,-1.00000000,NULL,NULL,NULL,NULL,NULL,NULL,"Al-Kufur collapsed with the loss of 72 lives, and so did Dibbin, Nabatiya, al-Tahta and Jibshit (AM)",359,C-N
667,71452B76-D2FA-4E37-9A80-E19BDD94518F,Irbil,193,1837 Jan 01  (16:35),MA,7.10000000,Vr,44.00000000,36.19000000,5,Severe,Many casualties,8,8.00000000,Unknown,-1.00000000,NULL,NULL,NULL,NULL,~50 (??),NULL,The large villages of Irbil and Kh. Shaqa were completely destroyed and 100 people were killed (AM),359,C-N
668,A5D7A2EC-EB33-4857-B254-832E9A5CC358,Khirbet Shaqa,193,1837 Jan 01  (16:35),MA,7.10000000,Vr,35.62000000,33.35000000,5,Severe,Many casualties,8,8.00000000,Unknown,-1.00000000,NULL,NULL,NULL,NULL,NULL,NULL,The large villages of Irbil and Kh. Shaqa were completely destroyed and 100 people were killed (AM),359,C-N
670,1D66B6B8-98A0-4599-86B0-9541597469EE,Al-Khiam,193,1837 Jan 01  (16:35),MA,7.10000000,Vr,35.60000000,33.31000000,5,Severe,Many casualties,8,8.00000000,Unknown,-1.00000000,NULL,NULL,NULL,NULL,150,NULL,"Also Khirbah and al-Khiyam fell; 5 people lost their lives in
the former and 150 in the latter (AM)",359,C-N
671,02B89F0E-6C6B-4591-9C0C-538323266D54,Bilad el-Shuqf (A),193,1837 Jan 01  (16:35),MA,7.10000000,Hr,35.57000000,33.39000000,0,None,Unknown,Unknown,-1.00000000,Unknown,-1.00000000,NULL,NULL,NULL,NULL,NULL,NULL,"In the region of Bilad al-Shuqf 600 goats were killed, presumably by rock falls (AM). An EMS-98 value cannot be evaluated",359,C-N
672,2498A62D-8E82-43ED-8BE8-565C1E64DA2D,Qal'at al-Shuqf,193,1837 Jan 01  (16:35),MA,7.10000000,Vr,35.52000000,33.39000000,3,Moderate,"Few casualties

",7-8,7.50000000,Unknown,-1.00000000,NULL,NULL,NULL,NULL,5,NULL,"Qala’t al-Shuqf (Chateau de Beaufort of the Crusaders), standing on a cliff where the Litani River turns towards the sea, was shattered, and a part of the interior structure of the citadel collapsed, killing five people (AM)",359,C-N
673,C00888FD-6BB9-4CCD-8541-04E3CB464D4C,Deir Mimas,193,1837 Jan 01  (16:35),MA,7.10000000,Vr,35.55000000,33.30000000,5,Severe,"Few casualties

",8-9,8.50000000,Unknown,-1.00000000,NULL,NULL,NULL,NULL,5,NULL,"Deir Mimas, where five people lost their lives, was totally
destroyed and rebuilt immediately after the earthquake (AM)",359,C-N
674,FDED07A9-585C-421B-89ED-B07FD8253BD1,Zeqqieh,193,1837 Jan 01  (16:35),MA,7.10000000,Vr,35.38000000,33.29000000,4,Heavy,"Few casualties

",7-8,7.50000000,Unknown,-1.00000000,NULL,NULL,NULL,NULL,8,NULL,About one third of the houses in Zeqqieh collapsed and eight people were killed (AM),359,C-N
676,3812DDC1-18C9-4CA4-A5AA-E71EA1754AA4,Metula,193,1837 Jan 01  (16:35),MA,7.10000000,Vr,35.58000000,33.26000000,5,Severe,Many casualties,9,9.00000000,Unknown,-1.00000000,NULL,NULL,NULL,NULL,78,NULL,In Mitulla nothing was left standing and 78 people lost their lives (AM),359,C-N
677,85B2C229-F775-44F1-B9E6-97C368BAF9AE,Baniyas [IL],193,1837 Jan 01  (16:35),MA,7.10000000,Vr,35.61000000,33.24000000,4,Heavy,Unknown,8,8.00000000,Unknown,-1.00000000,NULL,NULL,NULL,NULL,NULL,NULL,Much of Banyas was ruined. The roof of Grotto of Pan fell (AM),359,C-N
680,9015283A-DFBE-4E90-BD3A-4C7BA9DE331C,Hunin Castle,193,1837 Jan 01  (16:35),MA,7.10000000,Vr,35.56000000,33.23000000,4,Heavy,Unknown,8-9,8.50000000,Unknown,-1.00000000,NULL,NULL,NULL,NULL,NULL,NULL,"Further inland the old castle of Hunin (Chastel Neuf of the Crusaders) was shattered and much of its interior, including the mosque, collapsed, no structure remaining habitable (AM after Gu´ erin 1880)",359,C-N
681,93A17F97-8274-4EEE-8CD5-EB000A980195,Tebnine & Hunin (A),193,1837 Jan 01  (16:35),MA,7.10000000,Mr,35.47000000,33.21000000,4,Heavy,Many casualties,Unknown,-1.00000000,Unknown,-1.00000000,NULL,NULL,NULL,NULL,614,NULL,"No damage details exist for the districts of Hunin and Tibnin, where it is said that 614 people were killed in 49 settlements. Half of some of them and likewise five mills were totally destroyed, together with a third of the inhabitants (AM). An EMS-98 value cannot be evaluated",359,C-N
682,1D8A402E-CDDD-4130-9DB5-4E869956F40F,Asbagha (U),193,1837 Jan 01  (16:35),MA,7.10000000,Pr,35.53000000,33.00000000,4,Heavy,Unknown,8,8.00000000,Unknown,-1.00000000,NULL,NULL,NULL,NULL,NULL,NULL,"Reported to has been ruined, but the location could not be identified, either because the name has changed or because misspelled in the various reports (AM).",359,C-N
683,31491228-69B8-45CC-893C-BE74B07516AC,Amba (U),193,1837 Jan 01  (16:35),MA,7.10000000,Pr,35.53000000,33.02000000,4,Heavy,Unknown,8,8.00000000,Unknown,-1.00000000,NULL,NULL,NULL,NULL,NULL,NULL,"Reported to has been ruined, but the location could not be identified, either because the name has changed or because  misspelled in the various reports (AM)",359,C-N
684,A34C941F-F37E-47ED-84B4-EAA38C2E30BD,Al-Asban (U),193,1837 Jan 01  (16:35),MA,7.10000000,Pr,35.50000000,33.06000000,4,Heavy,Unknown,8,8.00000000,Unknown,-1.00000000,NULL,NULL,NULL,NULL,NULL,NULL,"Reported to has been ruined, but the location could not be identified, either because the name has changed or because misspelled in the various reports (AM)",359,C-N
685,6A79A1AD-8580-42AC-BDBF-684C1FEFDAC0,Akbar (U),193,1837 Jan 01  (16:35),MA,7.10000000,Pr,35.47000000,33.04000000,4,Heavy,Unknown,8,8.00000000,Unknown,-1.00000000,NULL,NULL,NULL,NULL,NULL,NULL,"Reported to has been ruined, but the location could not be identified, either because the name has changed or because  misspelled in the various reports (AM)",359,C-N
686,A7E7E1DD-A3C9-4C14-B403-011751AA7F3B,Mugar (U),193,1837 Jan 01  (16:35),MA,7.10000000,Pr,35.51000000,33.04000000,4,Heavy,Unknown,8,8.00000000,Unknown,-1.00000000,NULL,NULL,NULL,NULL,NULL,NULL,"Reported to has been ruined, but the location could not be identified, either because the name has changed or because  misspelled in the various reports (AM)",359,C-N
687,8C7BE0A5-08B4-4019-9479-5A54E9A147D9,Sutli (U),193,1837 Jan 01  (16:35),MA,7.10000000,Pr,35.40000000,33.16000000,4,Heavy,Unknown,8,8.00000000,Unknown,-1.00000000,NULL,NULL,NULL,NULL,NULL,NULL,"Reported to has been ruined, but the location could not be identified, either because the name has changed or because  misspelled in the various reports (AM)",359,C-N
689,C8F2DA0B-899D-4669-8EA4-44C5056A70B9,Qana,193,1837 Jan 01  (16:35),MA,7.10000000,Vr,35.28000000,33.20000000,3,Moderate,Unknown,6-7,6.50000000,Unknown,-1.00000000,NULL,NULL,NULL,NULL,NULL,NULL,Qana was damaged (AM after Thomson 1837),359,C-N
690,62025A34-9D0B-4C67-8C81-A95C254E8C18,Al-Mays,193,1837 Jan 01  (16:35),MA,7.10000000,Vr,35.82000000,33.44000000,4,Heavy,"Few casualties

",8,8.00000000,Unknown,-1.00000000,NULL,NULL,NULL,NULL,3,NULL,"One of the two parts into which al-Mays is divided collapsed, killing three people (AM)",359,C-N
691,4F3CC20C-5B42-4934-A05F-3F5F171BFAC4,Bet-Yahun,193,1837 Jan 01  (16:35),MA,7.10000000,Vr,35.49000000,33.15000000,5,Severe,Unknown,9,9.00000000,Unknown,-1.00000000,NULL,NULL,NULL,NULL,NULL,NULL,Also Beit Yahun was totally ruined (AM),359,C-N
692,7A86E043-15C4-46E4-A083-CA68E150D39B,Ya'tar,193,1837 Jan 01  (16:35),MA,7.10000000,Vr,35.35000000,33.10000000,0,None,"Few casualties

",9,9.00000000,Unknown,-1.00000000,NULL,NULL,NULL,NULL,12,NULL,At Ya’tar 12 people were killed (AM),359,C-N
693,D78B8F22-56A6-4D77-9C7D-118201FD7E7D,Qadas,193,1837 Jan 01  (16:35),MA,7.10000000,Vr,35.51000000,33.10000000,5,Severe,Many casualties,9,9.00000000,Unknown,-1.00000000,NULL,NULL,NULL,NULL,53,NULL,"Qadas was completely destroyed, with the loss of 53 lives (AM)",359,C-N
694,7D0105FA-1EC0-42D9-909F-BB763A0A296B,Malkiah,193,1837 Jan 01  (16:35),MA,7.10000000,Vr,35.51000000,33.09000000,4,Heavy,Many casualties,8-9,8.50000000,Unknown,-1.00000000,NULL,NULL,NULL,NULL,NULL,NULL,Also Melkiyeh was destroyed (AM),359,C-N
695,2B1D3592-4D05-469B-A1B0-82D20AED078B,Bint-Jbeil,193,1837 Jan 01  (16:35),MA,7.10000000,Vr,35.44000000,33.12000000,5,Severe,"Few casualties

",9,9.00000000,Unknown,-1.00000000,NULL,NULL,NULL,NULL,8,NULL,"Bint Jubayl was totally ruined, with the loss of eight lives",359,C-N
696,86C75158-8164-41C4-BE0F-026DBB389A1B,Ayn Ibli,193,1837 Jan 01  (16:35),MA,7.10000000,Vr,35.63000000,33.41000000,4,Heavy,Many casualties,7-8,7.50000000,Unknown,-1.00000000,NULL,NULL,NULL,NULL,12,NULL,Ayn Ibli collapsed with the loss of 12 lives (AM),359,C-N
697,10A7DFF2-B364-45C3-9C30-A2C56C21066C,Maroun al-Ras,193,1837 Jan 01  (16:35),MA,7.10000000,Vr,35.44000000,33.10000000,4,Heavy,Many casualties,8,8.00000000,Unknown,-1.00000000,NULL,NULL,NULL,NULL,17,NULL," Another 17 people were killed at Marun al-Ras, which was also ruined (AM)",359,C-N
698,63E7D87E-F872-4DCE-A95B-C185A35DCA5D,Rumaysh,193,1837 Jan 01  (16:35),MA,7.10000000,Vr,35.36000000,33.07000000,0,None,Many casualties,8,8.00000000,Unknown,-1.00000000,NULL,NULL,NULL,NULL,30,10,30 people were killed and 10 injured at Rumaysh (AM),359,C-N
699,53AD765C-47C4-4B47-B7A7-1F85F0BCF9B8,Al-Salha,193,1837 Jan 01  (16:35),MA,7.10000000,Vr,35.46000000,32.98000000,0,None,Many casualties,8,8.00000000,Unknown,-1.00000000,NULL,NULL,NULL,NULL,12,NULL,12 lost their lives at al-Salha (AM after Calman 1837; Thomson 1837).,359,C-N
700,80BF9AA7-74BD-483B-87CC-D9E67E95D8CD,Dibil,193,1837 Jan 01  (16:35),MA,7.10000000,Vr,35.35000000,33.11000000,5,Severe,Many casualties,8-9,8.50000000,Unknown,-1.00000000,NULL,NULL,NULL,NULL,12,NULL,Dibil was almost totally destroyed and 12 people lost their lives there (AM after Calman 1837),359,C-N
701,754A7ECA-0A2A-4CF3-A1FE-3F70C9BA70DD,Deishun,193,1837 Jan 01  (16:35),MA,7.10000000,Vr,35.43000000,33.02000000,4,Heavy,Many casualties,8,8.00000000,Unknown,-1.00000000,NULL,NULL,NULL,NULL,13,NULL,Three quarters of Deishun collapsed and 13 people were killed (AM),359,C-N
702,238D81F6-E89D-448A-A52C-1D2061ABBDC8,Alma,193,1837 Jan 01  (16:35),MA,7.10000000,Vr,35.54000000,33.05000000,5,Severe,Unknown,8-9,8.50000000,Unknown,-1.00000000,NULL,NULL,NULL,NULL,NULL,NULL,Alma was totally destroyed (AM),359,C-N
703,DE1E3B23-BF11-4259-A54D-BAC785790132,Al-Fara,193,1837 Jan 01  (16:35),MA,7.10000000,Vr,35.45000000,32.97000000,0,None,Many casualties,7-8,7.50000000,Unknown,-1.00000000,NULL,NULL,NULL,NULL,12,NULL,In al-Fara 12 people perished,359,C-N
704,25C4C698-96DE-4D62-8AA5-2A7DBAF3309F,Ras al-Ahmar,193,1837 Jan 01  (16:35),MA,7.10000000,Vr,35.43000000,33.05000000,0,None,Many casualties,8,8.00000000,Unknown,-1.00000000,NULL,NULL,NULL,NULL,40,12,At Ras al-Ahmar 40 people were killed and 12 injured (AM after Calman 1837).,359,C-N
705,88B2E1F9-59C3-4C40-AC86-2E7E2764725A,Jish,193,1837 Jan 01  (16:35),MA,7.10000000,Vr,35.43000000,33.10000000,5,Severe,Many casualties,9,9.00000000,Unknown,-1.00000000,NULL,NULL,NULL,NULL,235,NULL,"Jish was completely destroyed and not a house was left standing. The church fell, killing 130 persons, and the old walls of the town collapsed. In all 235 people were killed, and in places the ground was fissured (AM after Thomson 1837; Waghorn 1837; Robinson 1856).",359,C-N
706,17D05756-FAE9-4B49-A34C-07FCCB0C3C3A,Sabelan,193,1837 Jan 01  (16:35),MA,7.10000000,Vr,35.28000000,33.02000000,5,Severe,No casualties,8-9,8.50000000,Unknown,-1.00000000,NULL,NULL,NULL,NULL,NULL,NULL,"Sabelan was completely ruined, without casualties (AM)",359,C-N
707,B29F6E45-D030-4C53-B03C-F85ECB96B1A1,Tarshiha,193,1837 Jan 01  (16:35),MA,7.10000000,Vr,35.26000000,33.01000000,5,Severe,No casualties,6-7,6.50000000,Unknown,-1.00000000,NULL,NULL,NULL,NULL,NULL,NULL,Tarshiha was damaged without loss of life (AM),359,C-N
708,E0DAA99C-FE14-42F0-B03C-E80C9B2B16F2,Dallata,193,1837 Jan 01  (16:35),MA,7.10000000,Vr,35.50000000,33.02000000,5,Severe,Unknown,8-9,8.50000000,Unknown,-1.00000000,NULL,NULL,NULL,NULL,NULL,NULL,"Dallata, Qaddita and Ain Zeitun were almost totally destroyed (AM after Thomson 1837)",359,C-N
709,C26CF63C-A8EA-4C74-8D07-926AB79C5882,Qaddita,193,1837 Jan 01  (16:35),MA,7.10000000,Vr,35.46000000,33.00000000,5,Severe,Unknown,8-9,8.50000000,Unknown,-1.00000000,NULL,NULL,NULL,NULL,NULL,NULL,"Dallata, Qaddita and Ain Zeitun were almost totally destroyed (AM after Thomson 1837)",359,C-N
710,8C732FC1-11E0-44ED-91A2-C9D3386C7858,Ein-Zeitun,193,1837 Jan 01  (16:35),MA,7.10000000,Vr,35.48000000,32.98000000,5,Severe,Unknown,8-9,8.50000000,Unknown,-1.00000000,NULL,NULL,NULL,NULL,NULL,NULL,"Dallata, Qaddita and Ain Zeitun were almost totally destroyed (AM after Thomson 1837)",359,C-N
711,DD566610-A9BF-4DD2-992D-42A5685780A7,Meiron,193,1837 Jan 01  (16:35),MA,7.10000000,Vr,35.44000000,32.98000000,3,Moderate,Unknown,5-6,5.50000000,Unknown,-1.00000000,NULL,NULL,NULL,NULL,NULL,NULL,"Meirun suffered relatively little damage, and the walls of the tombs of Rabbi Eleazer and Rabbi Shemaun were dislodged but did not collapse (AM after Neman 1971).",359,C-N
712,AED6DE2D-113A-4E03-A89A-F37BEA9C7CD8,Safed,193,1837 Jan 01  (16:35),MA,7.10000000,Vr,35.48000000,32.96000000,4,Heavy,Many casualties,8-9,8.50000000,Unknown,-1.00000000,NULL,NULL,NULL,NULL,2158,NULL,"In Safet, the largest of the places affected, the northern, Jewish, section of the town was almost entirely destroyed while the southern, Moslem, section suffered far less serious damage. The number of deaths reached 2158, of which 1507 were Ottoman subjects, Moslem or Jewish, and 651 were foreigners (AM after Thomson 1837; Waghorn 1837; Liebentrut 1854; Gu´ erin 1880; Mitford 1884).",359,C-N
713,DCAF5943-883B-4F7B-A4F0-5DF90521FB1E,Al-Rama,193,1837 Jan 01  (16:35),MA,7.10000000,Vr,35.36000000,32.93000000,5,Severe,Many casualties,8-9,8.50000000,Unknown,-1.00000000,NULL,NULL,NULL,NULL,180,NULL,Nearby Rama was totally destroyed and 180 people were killed (AM after Calman 1837).,359,C-N
714,E6B73FCE-2D24-4B33-8D94-8CCC9EC77873,Tel Hazor,193,1837 Jan 01  (16:35),MA,7.10000000,Vr,35.56000000,33.01000000,4,Heavy,Many casualties,8-9,8.50000000,Unknown,-1.00000000,NULL,NULL,NULL,NULL,141,NULL,"Shezor and in Jabal (the location of which has not been identified) 245 houses were destroyed and 563 damaged, with 141 people killed (AM)",359,C-N
716,61654B92-9426-4CAB-952F-D2D3D0155B85,Eilabun,193,1837 Jan 01  (16:35),MA,7.10000000,Vr,35.40000000,32.83000000,4,Heavy,Many casualties,7-8,7.50000000,Unknown,-1.00000000,NULL,NULL,NULL,NULL,25,NULL,"Much of Eilabun collapsed, killing 25 people, and Maghar was ruined (AM)",359,C-N
717,D5897422-3D2B-4B84-A307-6E2B3A92B4AF,Mrar,193,1837 Jan 01  (16:35),MA,7.10000000,Vr,35.40000000,32.88000000,4,Heavy,Unknown,7-8,7.50000000,Unknown,-1.00000000,NULL,NULL,NULL,NULL,NULL,NULL,Maghar was ruined (AM).,359,C-N
718,93F14479-704C-4AEB-A37C-0FE08F683F24,Akko,193,1837 Jan 01  (16:35),MA,7.10000000,Vr,35.07000000,32.92000000,4,Heavy,"Few casualties

",8,8.00000000,Unknown,-1.00000000,NULL,NULL,NULL,NULL,4,NULL,"at Acre only about 40 houses fell, four people were killed and several injured, and the fortifications, already in ruins, were damaged. In the district of Acre the earthquake killed in all 141 people (AM after Waghorn 1837).",359,C-N
719,B50DF1A5-99EA-4E4D-B798-21150ECB7435,Shefar'am,193,1837 Jan 01  (16:35),MA,7.10000000,Vr,35.09000000,32.82000000,4,Heavy,Many casualties,8,8.00000000,Unknown,-1.00000000,NULL,NULL,225,NULL,7,4,86 houses were ruined and 139 heavily damaged; also seven people were killed and four injured (AM after Thomson 1837).,359,C-N
720,A9057C6C-7718-4EFB-A131-AEBA88CDBA55,Migdal,193,1837 Jan 01  (16:35),MA,7.10000000,Vr,35.49000000,32.83000000,4,Heavy,Unknown,7-8,7.50000000,Unknown,-1.00000000,NULL,NULL,NULL,NULL,NULL,NULL,"Mijdal, on the western coast of Lake Tiberias, was destroyed (AM)",359,C-N
721,168EA030-BFA8-4E0F-8377-F4693D90003B,Irbid,193,1837 Jan 01  (16:35),MA,7.10000000,Vr,35.84000000,32.56000000,5,Severe,Unknown,8-9,8.50000000,Unknown,-1.00000000,NULL,NULL,NULL,NULL,NULL,NULL,Irbid was totally ruined,359,C-N
722,298E6A51-CC52-4806-9266-8CE38BA95E52,Tiberias,193,1837 Jan 01  (16:35),MA,7.10000000,Vr,35.54223594,32.78604531,5,Severe,Many casualties,9,9.00000000,Unknown,-1.00000000,NULL,NULL,NULL,NULL,922,NULL,"About two thirds of the houses in Tiberias, most of them built of stone masonry, together with a large part of the walls, the bazaar, minarets, the mosque and the church of St Peter, collapsed, killing 922 people, of whom 500 were Jews, 300 Moslems and 22 Christians, and injuring 65. These figures may include casualties from 17 settlements in the environs, which were destroyed but are not named in the returns. The castle was ruined, and its towers began to lean. The baths, which had been built in 1833, were not damaged, but the yield of the hot spring and fountains increased temporarily. The town was not restored until after 1846 ([1, 6]; Thomson 1837; 1859; Shkelov 1837; Olim 1843; Montefiori 1844; F¨ urst 1847; Beldam 1851; Robinson 1856; Pfeiffer 1856; Frankl 1858; Kerhardene 1859; Jenner 1873; Layard 1887; Italiander 1979) (AM). 
Damaged localities: The walls, bazzar, minarets, mosque, St. Peter Church, the Castle, the baths (built in 1833), ‘Sephardim’, ‘Hasidim’ and ‘Prushim’ Synagogues localities around Tiberias: Lubiya, Kafr Sabt, Shadjara, Kafr Kenna, Saffuriya, Reina, around Lake Tiberias: Simakh was destroyed and 5 people were killed Hadatha, Alam, Sirin, Kherbet Baka’a and Danna were partly ruined without loss of life. In the Bahsan, fire was seen coming out of the ground",359,C-N
723,445F0651-6024-427D-B4A7-5758E379158D,Lubya,193,1837 Jan 01  (16:35),MA,7.10000000,Vr,35.42000000,32.77000000,5,Severe,Many casualties,8-9,8.50000000,Unknown,-1.00000000,NULL,NULL,NULL,NULL,143,NULL,Lubiya was totally destroyed and 143 people were killed (AM after Thomson 1837; Beldam 1851).,359,C-N
724,450EEE7A-BA90-4BD4-A2DA-D963FD150F7B,Kafr Sabt,193,1837 Jan 01  (16:35),MA,7.10000000,Vr,35.34000000,32.75000000,4,Heavy,No casualties,7-8,7.50000000,Unknown,-1.00000000,NULL,NULL,NULL,NULL,NULL,NULL,"Kafr Sabt was ruined by the shock, without loss of life (AM after Gu´ erin 1880).",359,C-N
725,81EE52D4-3377-4984-84D0-F172C4DEAB33,Shadjara,193,1837 Jan 01  (16:35),MA,7.10000000,Vr,35.45000000,32.64000000,4,Heavy,Many casualties,7-8,7.50000000,Unknown,-1.00000000,NULL,NULL,NULL,NULL,50,NULL,Shadjara was also ruined and 50 people died (AM after Calman 1837; Thomson 1837).,359,C-N
726,4AD7E9CC-AEDF-4CC5-8893-CB548EEB9D9E,Kafr Qana,193,1837 Jan 01  (16:35),MA,7.10000000,Vr,35.34000000,32.75000000,2,Light,No casualties,6,6.00000000,Unknown,-1.00000000,NULL,NULL,NULL,NULL,NULL,NULL,"In contrast, Kafr Kenna suffered negligible damage and no loss of life (AM after Calman 1837; Thomson 1837)",359,C-N
727,81E062D5-FBB2-471D-A762-D423758724BC,Reina,193,1837 Jan 01  (16:35),MA,7.10000000,Vr,35.29000000,32.71000000,5,Severe,Many casualties,8,8.00000000,Unknown,-1.00000000,NULL,NULL,NULL,NULL,200,NULL,"Reina was obliterated, resulting in the loss of about 200 lives
(AM after Calman 1837; Thomson 1837; Robinson 1856).",359,C-N
728,EDE1A850-E561-4E8E-B451-DE3DADC58195,Nazareth,193,1837 Jan 01  (16:35),MA,7.10000000,Vr,35.29000000,32.70000000,3,Moderate,"Few casualties

",7,7.00000000,Unknown,-1.00000000,NULL,NULL,NULL,NULL,NULL,NULL,"Contrary to early reports, damage in Nazareth was not excessive. Only one house collapsed and about one quarter of the dwellings in the town suffered various degrees of damage. The hostel of the convent collapsed and an external cornice of the church of the Annunciation fell, killing four people. In all seven people were killed. The reported destruction in the northeastern part of Nazareth in fact refers to the cumulative losses suffered by settlements in the whole of its district, already accounted for in the returns, that amounted to 373 houses destroyed and 425 ruined, with 162 people killed and 13 injured (AM after Thomson 1837; Waghorn 1837; Vissino 1840; Schubert 1840; Blondel 1843; Beldam 1851; Robinson 1856; Tobler 1868).",359,C-N
731,FB9C0BAD-22D7-45FE-8E0E-197AFBE02FBB,Tzemach,193,1837 Jan 01  (16:35),MA,7.10000000,Vr,35.58000000,32.70000000,4,Heavy,"Few casualties

",8,8.00000000,Unknown,-1.00000000,NULL,NULL,NULL,NULL,5,NULL,South and southwest of Lake Tiberias the settlement of Simakh was also destroyed and five people were killed (AM),359,C-N
732,D6C4E8C9-CF70-4235-87AC-73805E63F43D,Hadatha,193,1837 Jan 01  (16:35),MA,7.10000000,Vr,35.51000000,32.72000000,3,Moderate,No casualties,6-7,6.50000000,Unknown,-1.00000000,NULL,NULL,NULL,NULL,NULL,NULL,"Hadatha, Ulam, Sirin, Kherbet Baka’a and Danna were damaged without loss of life (AM after Waghorn 1837, Gu´ erin 1880)",359,C-N
733,6D27E3E0-63AE-4117-8C03-7AA240DF3254,Ulam,193,1837 Jan 01  (16:35),MA,7.10000000,Vr,35.32000000,32.64000000,3,Moderate,No casualties,6-7,6.50000000,Unknown,-1.00000000,NULL,NULL,NULL,NULL,NULL,NULL,"Hadatha, Ulam, Sirin, Kherbet Baka’a and Danna were damaged without loss of life (AM after Waghorn 1837, Gu´ erin 1880)",359,C-N
734,FF8469BC-AD13-4027-8ACD-0306F28E40E3,Sirin,193,1837 Jan 01  (16:35),MA,7.10000000,Vr,35.52000000,32.64000000,3,Moderate,No casualties,6-7,6.50000000,Unknown,-1.00000000,NULL,NULL,NULL,NULL,NULL,NULL,"Hadatha, Ulam, Sirin, Kherbet Baka’a and Danna were damaged without loss of life (AM after Waghorn 1837, Gu´ erin 1880)",359,C-N
735,CCFCA3C2-3B41-40B1-B5AE-36D6455ABBB6,Kh. Baka'a,193,1837 Jan 01  (16:35),MA,7.10000000,Vr,35.50000000,32.67000000,3,Moderate,No casualties,6-7,6.50000000,Unknown,-1.00000000,NULL,NULL,NULL,NULL,NULL,NULL,"Hadatha, Ulam, Sirin, Kherbet Baka’a and Danna were damaged without loss of life (AM after Waghorn 1837, Gu´ erin 1880)",359,C-N
736,6144B196-AC72-46CB-9119-48F6A93DDD05,Danna,193,1837 Jan 01  (16:35),MA,7.10000000,Vr,35.53000000,32.65000000,3,Moderate,No casualties,6-7,6.50000000,Unknown,-1.00000000,NULL,NULL,NULL,NULL,NULL,NULL,"Hadatha, Ulam, Sirin, Kherbet Baka’a and Danna were damaged without loss of life (AM after Waghorn 1837, Gu´ erin 1880)",359,C-N
738,BC514736-8B5C-4243-8719-507E3CFA3019,Ma'lun (U),193,1837 Jan 01  (16:35),MA,7.10000000,Vr,35.28000000,32.83000000,4,Heavy,"Few casualties

",8,8.00000000,Unknown,-1.00000000,NULL,NULL,NULL,NULL,5,NULL,"To the west, half of the houses of Ma’lun were ruined and five people were killed (AM after Waghorn 1837).",359,C-N
739,4DB98FB7-2AD2-4043-A737-B9E71D391CAD,Haifa,193,1837 Jan 01  (16:35),MA,7.10000000,Vr,35.00000000,32.82000000,3,Moderate,No casualties,6-7,6.50000000,Unknown,-1.00000000,NULL,NULL,3,NULL,NULL,NULL,"At Haifa only three houses were ruined, without casualties (AM)",359,C-N
740,FFC396B3-396E-45D4-B224-14AC3A05302C,Athlit,193,1837 Jan 01  (16:35),MA,7.10000000,Vr,34.92000000,32.63000000,3,Moderate,Unknown,6,6.00000000,Unknown,-1.00000000,NULL,NULL,NULL,NULL,NULL,NULL,at Athlith a few local dwellings and one side of the walls were damaged. The remains of the church built by the Crusaders collapsed and the rubble was transported to Acre for the construction of the fortifications of the town (AM after Waghorn 1837; Enlart 1925).,359,C-N
741,93FBE5A6-5F87-4285-A48A-C2984BCFDC7C,Harithiya (A),193,1837 Jan 01  (16:35),MA,7.10000000,Vr,35.22000000,32.50000000,4,Heavy,Many casualties,Unknown,-1.00000000,Unknown,-1.00000000,NULL,NULL,NULL,NULL,18,NULL,"In the region of Harithiya 15 villages, which are not named
in the sources, were ruined and 18 people were killed (AM)",359,C-N
742,CD8C1A8D-DA5B-48B3-BF5F-42142896C473,Arraba,193,1837 Jan 01  (16:35),MA,7.10000000,Vr,35.22000000,32.31000000,2,Light,Unknown,5-6,5.50000000,Unknown,-1.00000000,NULL,NULL,NULL,NULL,NULL,NULL,"In Arraba and Ajja damage was slight, and in Attil only two houses collapsed, while at Qaqun there was little damage and only a portion of the citadel collapsed, but in Jaba and in its environs 99 houses collapsed and 151 were damaged, and 23 people were killed (AM).",359,C-N
743,85382BB2-D88C-443F-8181-5E53F90B9990,Ajja,193,1837 Jan 01  (16:35),MA,7.10000000,Vr,35.18000000,32.68000000,2,Light,Unknown,5-6,5.50000000,Unknown,-1.00000000,NULL,NULL,NULL,NULL,NULL,NULL,"In Arraba and Ajja damage was slight, and in Attil only two houses collapsed, while at Qaqun there was little damage and only a portion of the citadel collapsed, but in Jaba and in its environs 99 houses collapsed and 151 were damaged, and 23 people were killed (AM).",359,C-N
744,1967D478-799B-46F1-8568-44D97273544D,Attil,193,1837 Jan 01  (16:35),MA,7.10000000,Vr,35.06000000,32.36000000,3,Moderate,Unknown,5-6,5.50000000,Unknown,-1.00000000,NULL,NULL,2,NULL,NULL,NULL,"In Arraba and Ajja damage was slight, and in Attil only two houses collapsed, while at Qaqun there was little damage and only a portion of the citadel collapsed, but in Jaba and in its environs 99 houses collapsed and 151 were damaged, and 23 people were killed (AM).",359,C-N
745,FBE35041-19F3-4555-85EB-3088D6CB58C9,Qaqun,193,1837 Jan 01  (16:35),MA,7.10000000,Vr,34.98000000,32.35000000,2,Light,Unknown,6,6.00000000,Unknown,-1.00000000,NULL,NULL,NULL,NULL,NULL,NULL,"In Arraba and Ajja damage was slight, and in Attil only two houses collapsed, while at Qaqun there was little damage and only a portion of the citadel collapsed, but in Jaba and in its environs 99 houses collapsed and 151 were damaged, and 23 people were killed (AM).",359,C-N
746,F46690DC-3E1B-4FF1-AFE5-1DCC2EBFF617,Migdal Yava,193,1837 Jan 01  (16:35),MA,7.10000000,Vr,34.94000000,32.07000000,4,Heavy,Many casualties,8,8.00000000,Unknown,-1.00000000,NULL,NULL,250,NULL,23,NULL,"In Arraba and Ajja damage was slight, and in Attil only two houses collapsed, while at Qaqun there was little damage and only a portion of the citadel collapsed, but in Jaba and in its environs 99 houses collapsed and 151 were damaged, and 23 people were killed (AM).",359,C-N
747,9A160032-203B-4287-B7E2-600B22B40C14,Burqa,193,1837 Jan 01  (16:35),MA,7.10000000,Vr,35.24000000,32.19000000,2,Light,No casualties,5-6,5.50000000,Unknown,-1.00000000,NULL,NULL,NULL,NULL,NULL,NULL,"Burqa and other nearby villages also suffered some slight damage, without casualties (AM)",359,C-N
748,382BC39A-789B-4328-86B6-B94B0CF00BFC,Tubas,193,1837 Jan 01  (16:35),MA,7.10000000,Vr,35.36000000,32.32000000,4,Heavy,Unknown,7-8,7.50000000,Unknown,-1.00000000,NULL,NULL,NULL,NULL,NULL,NULL,Tubas was severely damaged (AM),359,C-N
749,35239A1F-9D3A-4292-A2F4-3133837A5BDF,Ajloon,193,1837 Jan 01  (16:35),MA,7.10000000,Vr,35.74000000,32.32000000,3,Moderate,Unknown,6-7,6.50000000,Unknown,-1.00000000,NULL,NULL,NULL,NULL,NULL,NULL,"At Ajlun and Jerash there was also some damage. During the earthquake free-standing columns in the ancient city of Jerash
were seen chattering on their bases but they did not collapse
(AM after Lindsay 1839; Johns 1932).",359,C-N
750,C601857B-C043-4546-85FC-41C8D3548F01,Nablus,193,1837 Jan 01  (16:35),MA,7.10000000,Vr,35.25000000,32.21000000,4,Heavy,Many casualties,8-9,8.50000000,Unknown,-1.00000000,NULL,NULL,NULL,NULL,48,NULL,"In Nablus one quarter of the houses and a number
of shops were ruined and one quarter damaged, causing
the loss of 48 lives. The rest of the town suffered only
light damage. In the district of Nablus 150 people lost
their lives (AM after Thomson 1837; Neman 1837; Shkelov
1837).",359,C-N
751,67EAD24A-8992-42DD-A8BF-A8A32BA1E12A,Jit,193,1837 Jan 01  (16:35),MA,7.10000000,Vr,35.55000000,33.08000000,2,Light,Unknown,5-6,5.50000000,Unknown,-1.00000000,NULL,NULL,NULL,NULL,NULL,NULL,"Jit suffered very little, and at Zeita only one house fell, killing
two people (AM).",359,C-N
752,3126B358-2B8E-4916-86D7-DCB0E41D1F48,Zeita,193,1837 Jan 01  (16:35),MA,7.10000000,Vr,35.19000000,32.10000000,3,Moderate,"Few casualties

",6,6.00000000,Unknown,-1.00000000,NULL,NULL,NULL,NULL,2,NULL,"Jit suffered very little, and at Zeita only one house fell, killing
two people (AM).",359,C-N
753,C8AC700E-1F60-45F7-9D1F-4F695EE1C87B,Tripoli,193,1837 Jan 01  (16:35),MA,7.10000000,Vr,35.83000000,34.43000000,1,Felt,Unknown,5,5.00000000,Unknown,-1.00000000,NULL,NULL,NULL,NULL,NULL,NULL,"At Tripoli it caused considerable concern, though no damage (AM)",359,C-N
754,DA8E5967-B9B3-47EE-99BB-1B767B08C6E5,Antakya,193,1837 Jan 01  (16:35),MA,7.10000000,Vr,36.16000000,36.20000000,1,Felt,Unknown,Unknown,-1.00000000,Unknown,-1.00000000,NULL,NULL,NULL,NULL,NULL,NULL,In Antioch ground movements were slow and lasted intermittently for a long time.,359,C-N
755,6C37CC8B-7F51-4557-BA02-A7A23966EFD3,Aleppo,193,1837 Jan 01  (16:35),MA,7.10000000,Vr,37.15000000,36.21000000,1,Felt,No casualties,5,5.00000000,Unknown,-1.00000000,NULL,NULL,NULL,NULL,NULL,NULL,In Aleppo the shock was generally felt and caused no damage anywhere in the region (AM),359,C-N
756,1729DF8D-F514-493B-8257-23B1252D08AC,Kilis,193,1837 Jan 01  (16:35),MA,7.10000000,Vr,37.11000000,36.71000000,1,Felt,Unknown,5,5.00000000,Unknown,-1.00000000,NULL,NULL,NULL,NULL,NULL,NULL,While it was slight at Kilis and almost imperceptible at Aintab (AM),359,C-N
757,D5047D96-A062-4389-9577-C20174AB55DE,Gaziantep/Aintab,193,1837 Jan 01  (16:35),MA,7.10000000,Vr,37.11000000,37.33000000,1,Felt,Unknown,5,5.00000000,Unknown,-1.00000000,NULL,NULL,NULL,NULL,NULL,NULL,While it was slight at Kilis and almost imperceptible at Aintab (AM),359,C-N
758,FF40BA78-3CAD-4A53-9132-0E67D957DED9,Adana,193,1837 Jan 01  (16:35),MA,7.10000000,Vr,35.31000000,37.00000000,3,Moderate,Unknown,6,6.00000000,Unknown,-1.00000000,NULL,NULL,NULL,NULL,NULL,NULL,"However, in the alluvial plain of Adana the earthquake
was strong and caused some panic. Many shops in the suq Adanat al-kubra collapsed (AM)",359,C-N
759,16B5351A-E858-4A0D-82DC-E531729F7468,Payas,193,1837 Jan 01  (16:35),MA,7.10000000,Vr,36.21000000,36.75000000,1,Felt,Unknown,5,5.00000000,Unknown,-1.00000000,NULL,NULL,NULL,NULL,NULL,NULL,"Also in the ports of Ayas (or Payas) and Iskenderun there was some alarm among European ship crews on land, who became nauseous. The shock was also reported from Tarsus, where it
was slight but widely felt (AM).",359,C-N
760,8C66ED36-CB7F-4D4F-AFF0-56A9104695CA,Tartus,193,1837 Jan 01  (16:35),MA,7.10000000,Vr,35.88000000,34.88000000,1,Felt,Unknown,5,5.00000000,Unknown,-1.00000000,NULL,NULL,NULL,NULL,NULL,NULL,"Also in the ports of Ayas (or Payas) and Iskenderun there was some alarm among European ship crews on land, who became nauseous. The shock was also reported from Tarsus, where it
was slight but widely felt (AM).",359,C-N
761,11A1487E-27D7-4A7E-B810-B9BDB80B99B0,Damascus,193,1837 Jan 01  (16:35),MA,7.10000000,Vr,36.29000000,33.51000000,4,Heavy,Many casualties,7-8,7.50000000,Unknown,-1.00000000,NULL,NULL,NULL,NULL,10,NULL,"In Damascus about 2000 houses were slightly damaged, four minarets and several houses were destroyed, and about ten people were killed or injured. The bazaars of the city were damaged and part of the city gates and the tops of several minarets, which are not named, were thrown down (AM)",359,C-N
762,22ECD9ED-EB41-4957-A438-E90C1F3A2211,Jaffa,193,1837 Jan 01  (16:35),MA,7.10000000,Vr,34.75000000,32.05000000,2,Light,Unknown,5,5.00000000,Unknown,-1.00000000,NULL,NULL,NULL,NULL,NULL,NULL,"At the port of Jaffa the shock threw merchandise from stacks, and in Ramla it was slow. It was said that people could not stand erect. However, there is no evidence that it caused any damage (AM)",359,C-N
763,D2CC8734-4DB1-442B-8942-920C367191D9,Ramla,193,1837 Jan 01  (16:35),MA,7.10000000,Vr,34.87000000,31.92000000,1,Felt,Unknown,4-5,4.50000000,Unknown,-1.00000000,NULL,NULL,NULL,NULL,NULL,NULL,"At the port of Jaffa the shock threw merchandise from stacks, and in Ramla it was slow. It was said that people could not stand erect. However, there is no evidence that it caused any damage (AM)",359,C-N
764,372EE9DF-BD1C-4FE4-8BAF-B7DEDDA3BCA8,Jerusalem,193,1837 Jan 01  (16:35),MA,7.10000000,Vr,35.23371042,31.77430227,2,Light,Unknown,5,5.00000000,Unknown,-1.00000000,NULL,NULL,NULL,NULL,NULL,NULL,"In Jerusalem the earthquake was not very strong and caused only limited damage. It is alleged that the minarets of the mosque at Kafr al-Tur, east of the city, were shaken down (AM after Calman 1837; Neman 1837).",359,C-N
765,620CD28A-E3DC-4C77-B942-27ED47F07221,Abu-Tur,193,1837 Jan 01  (16:35),MA,7.10000000,Pr,35.24000000,31.75000000,2,Light,Unknown,5-6,5.50000000,Unknown,-1.00000000,NULL,NULL,NULL,NULL,NULL,NULL,"In Jerusalem the earthquake was not very strong and caused only limited damage. It is alleged that the minarets of the mosque at Kafr al-Tur, east of the city, were shaken down (AM after Calman 1837; Neman 1837).",359,C-N
766,C916E2D5-89EF-459F-BF93-707B85675979,Hebron,193,1837 Jan 01  (16:35),MA,7.10000000,Pr,35.09000000,31.51000000,2,Light,Unknown,5-6,5.50000000,Unknown,-1.00000000,NULL,NULL,NULL,NULL,NULL,NULL,"Some slight damage was reported from Hebron, but details are lacking (AM after Neman 1837).",359,C-N
767,E14D7DB9-9A00-4F0C-A710-1442E7F3317A,Gaza,193,1837 Jan 01  (16:35),MA,7.10000000,Vr,34.46000000,31.50000000,2,Light,Unknown,5,5.00000000,Unknown,-1.00000000,NULL,NULL,NULL,NULL,NULL,NULL,"In Gaza the shock was rather slight and, except for the customs
house, which was badly cracked, there was no
other damage (AM)",359,C-N
768,813FF560-7792-4F51-ACA0-D1BDB4DDF839,Sea of Gali,193,1837 Jan 01  (16:35),MA,7.10000000,Mr,35.58000000,32.80000000,0,None,Unknown,Unknown,-1.00000000,Unknown,-1.00000000,NULL,NULL,NULL,NULL,NULL,NULL,"It is said that waves flooded the coast of Lake Tiberias, but it is not clear whether this happened before, during or after the earthquake (AM after Shkelov 1837; Kerhardene 1859).",359,C-N
770,22ECD9ED-EB41-4957-A438-E90C1F3A2211,Jaffa,364,1837 Jan 16,A,5.50000000,Pr,34.75000000,32.05000000,4,Heavy,Unknown,Unknown,-1.00000000,Unknown,-1.00000000,NULL,NULL,NULL,NULL,NULL,NULL,NULL,360,C-N
771,C601857B-C043-4546-85FC-41C8D3548F01,Nablus,364,1837 Jan 16,A,5.50000000,Pr,35.25000000,32.21000000,4,Heavy,Unknown,Unknown,-1.00000000,Unknown,-1.00000000,NULL,NULL,NULL,NULL,NULL,NULL,NULL,360,C-N
772,11A1487E-27D7-4A7E-B810-B9BDB80B99B0,Damascus,365,1837 Jan 22,A,4.50000000,Hr,36.29000000,33.51000000,1,Felt,Unknown,Unknown,-1.00000000,Unknown,-1.00000000,NULL,NULL,NULL,NULL,NULL,NULL,NULL,361,C-N
775,D10B0336-2D82-4E78-A1B2-A300A02903E7,Beirut,373,1845 Feb 15,C,NULL,Mr,35.48000000,33.89000000,0,None,Unknown,Unknown,-1.00000000,Unknown,-1.00000000,NULL,NULL,NULL,NULL,NULL,NULL,NULL,370,C-N
776,11A1487E-27D7-4A7E-B810-B9BDB80B99B0,Damascus,373,1845 Feb 15,C,NULL,Mr,36.29000000,33.51000000,0,None,Unknown,Unknown,-1.00000000,Unknown,-1.00000000,NULL,NULL,NULL,NULL,NULL,NULL,NULL,370,C-N
779,D10B0336-2D82-4E78-A1B2-A300A02903E7,Beirut,378,1850 Feb 12,S,4.50000000,Mr,35.48000000,33.89000000,1,Felt,Unknown,Unknown,-1.00000000,Unknown,-1.00000000,NULL,NULL,NULL,NULL,NULL,NULL,NULL,376,C-N
782,D10B0336-2D82-4E78-A1B2-A300A02903E7,Beirut,395,1856 Sep 28,S,4.50000000,Mr,35.48000000,33.89000000,1,Felt,Unknown,Unknown,-1.00000000,Unknown,-1.00000000,NULL,NULL,NULL,NULL,NULL,NULL,NULL,393,C-N
796,22ECD9ED-EB41-4957-A438-E90C1F3A2211,Jaffa,419,1873 Jun 29 (02:30),S,4.50000000,Vr,34.75000000,32.05000000,1,Felt,Unknown,Unknown,-1.00000000,Unknown,-1.00000000,NULL,NULL,NULL,NULL,NULL,NULL,NULL,429,C
798,372EE9DF-BD1C-4FE4-8BAF-B7DEDDA3BCA8,Jerusalem,420,1875 Mar 28 (02:48),S,4.50000000,Hr,35.23371042,31.77430227,1,Felt,No casualties,Unknown,-1.00000000,Unknown,-1.00000000,NULL,NULL,NULL,NULL,NULL,NULL,NULL,432,C
807,372EE9DF-BD1C-4FE4-8BAF-B7DEDDA3BCA8,Jerusalem,434,1893 Jan 12 (04:00),S,4.50000000,Mr,35.23371042,31.77430227,1,Felt,Unknown,Unknown,-1.00000000,Unknown,-1.00000000,NULL,NULL,NULL,NULL,NULL,NULL,NULL,447,C
808,5A4A3145-3D99-4B45-A57E-67F52635E617,Carmel Mt.,205,1898 Mar 19,S,4.50000000,Mr,35.03000000,32.75000000,1,Felt,Unknown,Unknown,-1.00000000,Unknown,-1.00000000,NULL,NULL,NULL,NULL,NULL,NULL,NULL,457,C
813,11A1487E-27D7-4A7E-B810-B9BDB80B99B0,Damascus,183,1746 Jul 05,C,4.50000000,Pr,36.29000000,33.51000000,2,Light,Unknown,Unknown,-1.00000000,Unknown,-1.00000000,NULL,NULL,NULL,NULL,NULL,NULL,NULL,314,C-N
814,93F14479-704C-4AEB-A37C-0FE08F683F24,Akko,335,1762,S,4.50000000,Pr,35.07000000,32.92000000,1,Felt,Unknown,Unknown,-1.00000000,Unknown,-1.00000000,NULL,NULL,NULL,NULL,NULL,NULL,No details are known.,322,C
818,898A7577-A0A0-4F11-B8AC-997399ADAAA8,Hasbaya,187,1759 Nov 25 ( 19:23),FMA,7.30000000,Vr,35.68000000,33.38000000,5,Severe,Many casualties,Unknown,-1.00000000,Unknown,-1.00000000,NULL,NULL,NULL,NULL,NULL,NULL,NULL,319,C-N
819,8AC2A477-BF7F-4415-B6BE-059490525689,Kfar Hatta (U),187,1759 Nov 25 ( 19:23),FMA,7.30000000,Vr,33.65082151,33.05128774,5,Severe,Many casualties,Unknown,-1.00000000,Unknown,-1.00000000,NULL,NULL,NULL,NULL,NULL,NULL,NULL,319,C-N
820,AEE15515-E797-4B48-B029-3C0867B4A06A,Deir al-Qamar,187,1759 Nov 25 ( 19:23),FMA,7.30000000,Vr,35.56000000,33.69000000,5,Severe,Many casualties,Unknown,-1.00000000,Unknown,-1.00000000,NULL,NULL,NULL,NULL,NULL,NULL,NULL,319,C-N
821,3E56F5C4-3B6B-4900-B375-D3BB4D87087F,Kesrawan (A),187,1759 Nov 25 ( 19:23),FMA,7.30000000,Vr,35.64000000,33.93000000,5,Severe,Unknown,Unknown,-1.00000000,Unknown,-1.00000000,NULL,NULL,NULL,NULL,NULL,NULL,NULL,319,C-N
822,20CE8DD7-67BC-49C5-BEAA-59CE9DF42084,Sassa,187,1759 Nov 25 ( 19:23),FMA,7.30000000,Vr,35.38000000,33.01000000,5,Severe,Unknown,Unknown,-1.00000000,Unknown,-1.00000000,NULL,NULL,NULL,NULL,NULL,NULL,NULL,319,C-N
823,21E5701C-EE5B-4DDE-BECD-C5C9A614822E,Bekaa (A),187,1759 Nov 25 ( 19:23),FMA,7.30000000,Vr,36.14000000,34.00000000,0,None,Unknown,Unknown,-1.00000000,Unknown,-1.00000000,NULL,NULL,NULL,NULL,NULL,NULL,Northwest to baalbek.,319,C-N
824,9E01850A-AAA5-4D50-877C-B26F6D5460FC,Deir al-Mukhalles,187,1759 Nov 25 ( 19:23),FMA,7.30000000,Vr,35.54000000,33.77000000,2,Light,Unknown,Unknown,-1.00000000,Unknown,-1.00000000,NULL,NULL,NULL,NULL,NULL,NULL,damage: Monestary,319,C-N
828,20CD3C8E-5ED6-46A5-9B9E-A136E257D0FF,El-Arish,187,1759 Nov 25 ( 19:23),FMA,7.30000000,Vr,33.76000000,31.12000000,1,Felt,Unknown,Unknown,-1.00000000,Unknown,-1.00000000,NULL,NULL,NULL,NULL,NULL,NULL,The earthquake was felt stongly.,319,C-N
829,252F6859-A330-41AD-9210-3FC8730D7E2A,Latakia,187,1759 Nov 25 ( 19:23),FMA,7.30000000,Vr,35.77000000,35.51000000,2,Light,Unknown,Unknown,-1.00000000,Unknown,-1.00000000,NULL,NULL,NULL,NULL,NULL,NULL,NULL,319,C-N
830,4B9CF6F5-A941-44AA-914E-E2B8CF451E8E,Church of the Nativity,192,1834 May 26 (13:00),S,6.30000000,Hr,35.20000000,31.70000000,3,Moderate,Unknown,7,7.00000000,Unknown,-1.00000000,NULL,1,1,-,-,-,"The Church of the Nativity, which had become degraded through neglect, was damaged (PEMS 1834, 176).",357,C
831,811AFEEB-1B97-44E1-9408-BEEF00109D8D,Medaba,192,1834 May 26 (13:00),S,6.30000000,Hr,35.76000000,31.71000000,3,Moderate,No casualties,7-8,7.50000000,Unknown,-1.00000000,NULL,NULL,NULL,-,-,-,Damage to historical remains (Klein 1868; Anderson 1997),357,C
832,ABB62C18-3D51-4A5A-A8CA-BB19D585F343,Ashkelon,192,1834 May 26 (13:00),S,6.30000000,Vr,34.54000000,31.66000000,1,Felt,No casualties,5,5.00000000,Unknown,-1.00000000,NULL,NULL,NULL,NULL,NULL,NULL,NULL,357,C
838,FC2E29EC-4DE3-460C-81BD-CE021155DFC5,Al-Afrish,193,1837 Jan 01  (16:35),MA,7.10000000,Pr,35.49000000,33.03000000,4,Heavy,Unknown,7,7.00000000,Unknown,-1.00000000,NULL,NULL,NULL,NULL,NULL,NULL,"Reported to has been ruined, but the location could not be identified, either because the name has changed or because  misspelled in the various reports (AM)",359,C-N
839,DED0F79B-8515-488E-8D47-5DFA810F9F3A,Kfar Bir'im,193,1837 Jan 01  (16:35),MA,7.10000000,Vr,35.41000000,33.04000000,4,Heavy,Unknown,8,8.00000000,Unknown,-1.00000000,NULL,NULL,NULL,NULL,NULL,NULL,"Kafr Bir’im was badly damaged; the church and a row
of columns and other standing remains of an early synagogue
were thrown to the ground (AM)",359,C-N
840,C470B1FC-CE33-4D91-92A3-BA609DEA3F47,Unknown,193,1837 Jan 01  (16:35),MA,7.10000000,Pr,33.65082151,33.05128774,4,Heavy,Many casualties,Unknown,-1.00000000,Unknown,-1.00000000,NULL,NULL,NULL,NULL,NULL,NULL,NULL,359,C-N
841,E2EAB595-14B9-415B-8A5D-88CB40A051C7,Kafr Sumei,193,1837 Jan 01  (16:35),MA,7.10000000,Vr,35.30000000,32.99000000,5,Severe,Unknown,8-9,8.50000000,Unknown,-1.00000000,NULL,NULL,NULL,NULL,NULL,NULL,Kafr Sumei was totally ruined (AM),359,C-N
846,E9D1E8BA-3D12-4ED2-ACF4-69D4C91C36C9,Ein-Hamdeh,378,1850 Feb 12,S,4.50000000,Mr,35.41000000,33.54000000,1,Felt,Unknown,Unknown,-1.00000000,Unknown,-1.00000000,NULL,NULL,NULL,NULL,NULL,NULL,NULL,376,C-N
852,D843F5FD-6514-4334-BECA-02539A39DD12,Judea (A),246,c.2100-1700 BCE,S,NULL,Pr,35.35000000,32.08000000,-1,U,Unknown,Unknown,-1.00000000,Unknown,-1.00000000,NULL,NULL,NULL,NULL,NULL,NULL,"The possibilities of an earthquake damage, volcanic eruption or gas emission are controversial and need further verification (AM)",4,C
854,73A11959-6004-4D87-A696-7FFFDB5C4CBA,Mizpeh,450,c.1070 BCE,S,NULL,Pr,35.21000000,31.88000000,0,None,Unknown,Unknown,-1.00000000,Unknown,-1.00000000,NULL,NULL,NULL,NULL,NULL,NULL,TODO,11,C
855,93F14479-704C-4AEB-A37C-0FE08F683F24,Akko,440,139 BCE,S,NULL,Dr,35.07000000,32.92000000,0,None,Unknown,Unknown,-1.00000000,Unknown,-1.00000000,NULL,NULL,NULL,NULL,NULL,NULL,AM (p.95) questions the report of Starbo,28,C
856,5472F125-084A-49EE-BE2A-AADB2C17C1C2,Sidon,440,139 BCE,S,NULL,Pr,35.37000000,33.56000000,0,None,Unknown,Unknown,-1.00000000,Unknown,-1.00000000,NULL,NULL,NULL,NULL,NULL,NULL,AM (p.95) questions the report of Starbo,28,C
857,9443340B-6F3D-4CD9-B7D0-17555FBE0AD6,Tadmur,455,233,S,NULL,Pr,38.27000000,34.54000000,0,None,Unknown,Unknown,-1.00000000,Unknown,-1.00000000,NULL,NULL,NULL,NULL,NULL,NULL,Archeoseismic remain (inscription),51,C-N
858,E0A3CC35-34B4-4C7A-99A6-8B69DCCFA2BF,Syria (A),48,c.431 Apr 7,MA,NULL,Pr,37.03000000,34.93000000,0,None,Unknown,Unknown,-1.00000000,Unknown,-1.00000000,NULL,NULL,NULL,NULL,NULL,NULL,NULL,62,N
859,DA8E5967-B9B3-47EE-99BB-1B767B08C6E5,Antakya,231,459 Jun 19,A,NULL,Pr,36.16000000,36.20000000,3,Moderate,"Few casualties

",Unknown,-1.00000000,Unknown,-1.00000000,NULL,NULL,NULL,NULL,NULL,NULL,NULL,69,N
860,DA8E5967-B9B3-47EE-99BB-1B767B08C6E5,Antakya,293,557-8,S,NULL,Pr,36.16000000,36.20000000,3,Moderate,Unknown,Unknown,-1.00000000,Unknown,-1.00000000,NULL,NULL,NULL,NULL,NULL,NULL,damage: walls,84,N
862,E0A3CC35-34B4-4C7A-99A6-8B69DCCFA2BF,Syria (A),297,592 19 Mar,S,NULL,Pr,37.03000000,34.93000000,0,None,Unknown,Unknown,-1.00000000,Unknown,-1.00000000,NULL,NULL,NULL,NULL,NULL,NULL,NULL,90,C-N
863,E0A3CC35-34B4-4C7A-99A6-8B69DCCFA2BF,Syria (A),62,613-622,S,NULL,Pr,37.03000000,34.93000000,0,None,Unknown,Unknown,-1.00000000,Unknown,-1.00000000,NULL,NULL,NULL,NULL,NULL,NULL,NULL,93,C-N
864,372EE9DF-BD1C-4FE4-8BAF-B7DEDDA3BCA8,Jerusalem,63,634 Sep,MA,6.00000000,Mr,35.23371042,31.77430227,3,Moderate,Unknown,Unknown,-1.00000000,Unknown,-1.00000000,NULL,NULL,NULL,NULL,NULL,NULL,NULL,95,C
867,1E3EDE07-AE35-4A11-A474-D1CBCB7DA759,Pella,63,634 Sep,MA,6.00000000,Pr,35.57000000,32.46000000,0,None,Unknown,Unknown,-1.00000000,Unknown,-1.00000000,NULL,NULL,NULL,NULL,NULL,NULL,Archaelogic Remain,95,C
869,E0A3CC35-34B4-4C7A-99A6-8B69DCCFA2BF,Syria (A),233,717 Dec 24,MA,NULL,Hr,37.03000000,34.93000000,0,None,Unknown,Unknown,-1.00000000,Unknown,-1.00000000,NULL,NULL,NULL,NULL,NULL,NULL,NULL,106,C-N
870,11A1487E-27D7-4A7E-B810-B9BDB80B99B0,Damascus,79,847 Nov 24,Unknown,NULL,Pr,36.29000000,33.51000000,3,Moderate,"Few casualties

",Unknown,-1.00000000,Unknown,-1.00000000,NULL,NULL,NULL,NULL,NULL,NULL,NULL,119,C-N
871,F47CDBDF-4B12-4C96-9DD9-8E6E6061970A,Homs,79,847 Nov 24,Unknown,NULL,Pr,36.71000000,34.73000000,3,Moderate,Unknown,Unknown,-1.00000000,Unknown,-1.00000000,NULL,NULL,NULL,NULL,NULL,NULL,NULL,119,C-N
872,DA8E5967-B9B3-47EE-99BB-1B767B08C6E5,Antakya,80,850,S,NULL,Pr,36.16000000,36.20000000,0,None,Unknown,Unknown,-1.00000000,Unknown,-1.00000000,NULL,NULL,NULL,NULL,NULL,NULL,NULL,120,N
874,DA8E5967-B9B3-47EE-99BB-1B767B08C6E5,Antakya,53,526 May 29 (evening),FMA,NULL,Vr,36.16000000,36.20000000,5,Severe,Many casualties,Unknown,-1.00000000,Unknown,-1.00000000,NULL,NULL,NULL,NULL,NULL,NULL,NULL,75,N
876,231A53DE-7ED9-48E2-B13D-37C8C761E020,Seleucia,53,526 May 29 (evening),FMA,NULL,Mr,44.52000000,33.09000000,4,Heavy,Unknown,Unknown,-1.00000000,Unknown,-1.00000000,NULL,NULL,NULL,NULL,NULL,NULL,NULL,75,N
877,DA8E5967-B9B3-47EE-99BB-1B767B08C6E5,Antakya,292,525 Oct 14,F,NULL,Pr,36.16000000,36.20000000,4,Heavy,Unknown,Unknown,-1.00000000,Unknown,-1.00000000,NULL,NULL,NULL,NULL,NULL,NULL,damage: Church of St. Stephan,74,N
878,DA8E5967-B9B3-47EE-99BB-1B767B08C6E5,Antakya,54,528 Nov 29,MA,NULL,Vr,36.16000000,36.20000000,4,Heavy,Many casualties,Unknown,-1.00000000,Unknown,-1.00000000,NULL,NULL,NULL,NULL,NULL,NULL,NULL,76,N
879,231A53DE-7ED9-48E2-B13D-37C8C761E020,Seleucia,54,528 Nov 29,MA,NULL,Mr,44.52000000,33.09000000,4,Heavy,Unknown,Unknown,-1.00000000,Unknown,-1.00000000,NULL,NULL,NULL,NULL,NULL,NULL,NULL,76,N
880,252F6859-A330-41AD-9210-3FC8730D7E2A,Latakia,54,528 Nov 29,MA,NULL,Mr,35.77000000,35.51000000,4,Heavy,Unknown,Unknown,-1.00000000,Unknown,-1.00000000,NULL,NULL,NULL,NULL,NULL,NULL,NULL,76,N
881,DA8E5967-B9B3-47EE-99BB-1B767B08C6E5,Antakya,444,973,S,NULL,Mr,36.16000000,36.20000000,3,Moderate,Unknown,Unknown,-1.00000000,Unknown,-1.00000000,NULL,NULL,NULL,NULL,NULL,NULL,NULL,131,N
882,EA4C5A39-6493-43A6-9A0E-B8797520DACE,Al-Wasim (A),444,973,S,NULL,Mr,36.51000000,36.98000000,0,None,Unknown,Unknown,-1.00000000,Unknown,-1.00000000,NULL,NULL,NULL,NULL,NULL,NULL,NULL,131,N
883,1E28C382-1F1A-49F4-B244-50058EE3D200,Azaz,444,973,S,NULL,Mr,37.05000000,36.58000000,3,Moderate,Unknown,Unknown,-1.00000000,Unknown,-1.00000000,NULL,NULL,NULL,NULL,NULL,NULL,NULL,131,N
884,1FC193A7-7F33-43A7-8F54-7509BCBC010F,Qinnarsin,444,973,S,NULL,Mr,36.99000000,35.98000000,3,Moderate,Unknown,Unknown,-1.00000000,Unknown,-1.00000000,NULL,NULL,NULL,NULL,NULL,NULL,NULL,131,N
885,54940287-BFD8-47A7-A951-32641BD25265,Sodom and Ghomorrah,246,c.2100-1700 BCE,S,NULL,Pr,35.50000000,31.20000000,5,Severe,Unknown,Unknown,-1.00000000,Unknown,-1.00000000,NULL,NULL,NULL,NULL,NULL,NULL,Following AM,4,C
886,5FF09D79-F2EC-4C83-9A69-1D3A670C7958,Zoar,246,c.2100-1700 BCE,S,NULL,Pr,35.46000000,30.99000000,5,Severe,Unknown,Unknown,-1.00000000,Unknown,-1.00000000,NULL,NULL,NULL,NULL,NULL,NULL,Zoar was spared (AM),4,C
887,52102D82-2036-41AA-9887-9CDF79854DC0,Admah,246,c.2100-1700 BCE,S,NULL,Pr,35.45000000,31.07000000,5,Severe,Unknown,9-10,9.50000000,Unknown,-1.00000000,NULL,NULL,NULL,NULL,NULL,NULL,Admah was destroyed (AM),4,C
888,46CC765A-72C2-4DED-BF18-8A43F7272DBB,Ze'boim,246,c.2100-1700 BCE,S,NULL,Pr,35.47000000,31.04000000,5,Severe,Unknown,9-10,9.50000000,Unknown,-1.00000000,NULL,NULL,NULL,NULL,NULL,NULL,Ze'boim was destroyed (AM),4,C
889,C4166415-0697-447A-B77C-2DBE634B82CB,Jericho,247,c.1400 BCE,S,NULL,Pr,35.46264709,31.86013890,4,Heavy,Unknown,9,9.00000000,Unknown,-1.00000000,NULL,NULL,NULL,NULL,NULL,NULL,The collapse of the Jericho walls allegedly attributed to an earthquake (see discussion in AM),6,C
891,46244C9E-C39A-46C6-9F1F-9464FB1798BF,Ugarit,461,c.1365 BCE,S,NULL,Pr,35.80000000,35.65000000,-1,U,Unknown,Unknown,-1.00000000,Unknown,-1.00000000,NULL,NULL,NULL,NULL,NULL,NULL,TODO,7,N
894,DFB96483-FF1B-420F-87E7-19E8073CEEE6,Jordan River (A),71,749/Early 750,FM,7.20000000,Mr,35.53000000,31.82000000,0,None,Unknown,Unknown,-1.00000000,Unknown,-1.00000000,NULL,NULL,NULL,NULL,NULL,NULL,NULL,111,C
895,7A1E7AFC-E91C-4CCB-A69E-A87D8D840E93,Desert Holy City (U),71,749/Early 750,FM,7.20000000,Mr,33.65082151,33.05128774,0,None,Unknown,Unknown,-1.00000000,Unknown,-1.00000000,NULL,NULL,NULL,NULL,NULL,NULL,NULL,111,C
897,883A7C4E-F4E4-4764-B46E-79CD48564F48,Khabura,70,c.746 Jan,MA,7.20000000,Mr,38.98376647,36.62979959,0,None,Unknown,Unknown,-1.00000000,Unknown,-1.00000000,NULL,NULL,NULL,NULL,NULL,NULL,NULL,110,N
898,11A1487E-27D7-4A7E-B810-B9BDB80B99B0,Damascus,71,749/Early 750,FM,7.20000000,Mr,36.29000000,33.51000000,4,Heavy,Unknown,Unknown,-1.00000000,Unknown,-1.00000000,NULL,NULL,NULL,NULL,NULL,NULL,NULL,111,C
899,F294D839-D912-4BA3-843A-E39E7C109F00,Beit-Qubayeh (U),71,749/Early 750,FM,7.20000000,Mr,33.65082151,33.05128774,4,Heavy,Unknown,Unknown,-1.00000000,Unknown,-1.00000000,NULL,NULL,NULL,NULL,NULL,NULL,NULL,111,C
900,D744E9B4-E0A5-4E5B-A5F1-6695B807B5C7,Ghutah,71,749/Early 750,FM,7.20000000,Mr,36.42000000,33.49000000,4,Heavy,Unknown,Unknown,-1.00000000,Unknown,-1.00000000,NULL,NULL,NULL,NULL,NULL,NULL,NULL,111,C
901,59D7B303-2E4B-4FE5-980B-0CE1F3F60BD6,Darayya,71,749/Early 750,FM,7.20000000,Mr,36.25000000,33.45000000,4,Heavy,Unknown,Unknown,-1.00000000,Unknown,-1.00000000,NULL,NULL,NULL,NULL,NULL,NULL,NULL,111,C
902,2F73C0CC-D218-4082-A1C1-C85AD707944A,Busra,71,749/Early 750,FM,7.20000000,Mr,36.48000000,32.51000000,4,Heavy,Unknown,Unknown,-1.00000000,Unknown,-1.00000000,NULL,NULL,NULL,NULL,NULL,NULL,NULL,111,C
903,FBE9C841-88F2-43C5-B861-3F1B95B8C457,Nawa,71,749/Early 750,FM,7.20000000,Mr,36.03000000,32.89000000,4,Heavy,Unknown,Unknown,-1.00000000,Unknown,-1.00000000,NULL,NULL,NULL,NULL,NULL,NULL,NULL,111,C
904,54D2D679-7DDB-4FD5-86BD-25062FE8EDCE,Dara'a,71,749/Early 750,FM,7.20000000,Mr,35.97000000,32.59000000,4,Heavy,Unknown,Unknown,-1.00000000,Unknown,-1.00000000,NULL,NULL,NULL,NULL,NULL,NULL,NULL,111,C
905,8B0ECE77-755E-4497-BE34-6EA7DCB86A9C,Baalbeq,71,749/Early 750,FM,7.20000000,Mr,36.20000000,34.00000000,4,Heavy,Unknown,Unknown,-1.00000000,Unknown,-1.00000000,NULL,NULL,NULL,NULL,NULL,NULL,NULL,111,C
907,446F4A6E-B83E-4724-A0DD-9EF1EA6D93C1,Balqa,71,749/Early 750,FM,7.20000000,Mr,36.80000000,35.66000000,4,Heavy,Unknown,Unknown,-1.00000000,Unknown,-1.00000000,NULL,NULL,NULL,NULL,NULL,NULL,NULL,111,C
908,2BB31895-5D02-40FB-A036-9854A01F6199,Mt. Tabor,71,749/Early 750,FM,7.20000000,Hr,35.39000000,32.68000000,4,Heavy,Unknown,Unknown,-1.00000000,Unknown,-1.00000000,NULL,NULL,NULL,NULL,NULL,NULL,NULL,111,C
910,E0A3CC35-34B4-4C7A-99A6-8B69DCCFA2BF,Syria (A),71,749/Early 750,FM,7.20000000,Hr,37.03000000,34.93000000,0,None,Unknown,Unknown,-1.00000000,Unknown,-1.00000000,NULL,NULL,NULL,NULL,NULL,NULL,NULL,111,C
911,CEDF63D3-DE3B-4C19-A845-FB023C633391,Mesopotamia (A),70,c.746 Jan,MA,7.20000000,Mr,41.36000000,34.60000000,0,None,Unknown,Unknown,-1.00000000,Unknown,-1.00000000,NULL,NULL,NULL,NULL,NULL,NULL,NULL,110,N
912,A0C86E88-21A1-44AE-A572-41F8959585E9,Egypt (A),71,749/Early 750,FM,7.20000000,Pr,31.49000000,28.61000000,0,None,Unknown,Unknown,-1.00000000,Unknown,-1.00000000,NULL,NULL,NULL,NULL,NULL,NULL,NULL,111,C
913,5A686BB1-27BE-45D3-9FFC-A684F46DF552,Palestine (A),72,756 (757) Mar 9,Unknown,6.00000000,Mr,35.20000000,32.39000000,3,Moderate,Unknown,Unknown,-1.00000000,Unknown,-1.00000000,NULL,NULL,NULL,NULL,NULL,NULL,NULL,112,C
914,E0A3CC35-34B4-4C7A-99A6-8B69DCCFA2BF,Syria (A),72,756 (757) Mar 9,Unknown,6.00000000,Mr,37.03000000,34.93000000,0,None,Unknown,Unknown,-1.00000000,Unknown,-1.00000000,NULL,NULL,NULL,NULL,NULL,NULL,NULL,112,C
915,C3A224DF-9815-43F0-AC83-E03C671A4AEA,Mabbug,72,756 (757) Mar 9,Unknown,6.00000000,Mr,37.95000000,36.53000000,0,None,Unknown,Unknown,-1.00000000,Unknown,-1.00000000,NULL,NULL,NULL,NULL,NULL,NULL,NULL,112,C
916,883A7C4E-F4E4-4764-B46E-79CD48564F48,Khabura,72,756 (757) Mar 9,Unknown,6.00000000,Pr,38.98376647,36.62979959,0,None,Unknown,Unknown,-1.00000000,Unknown,-1.00000000,NULL,NULL,NULL,NULL,NULL,NULL,NULL,112,C
923,DA8E5967-B9B3-47EE-99BB-1B767B08C6E5,Antakya,33,115 Dec 13  (morning),MA,7.40000000,Hr,36.16000000,36.20000000,5,Severe,Many casualties,Unknown,-1.00000000,Unknown,-1.00000000,NULL,NULL,NULL,NULL,NULL,NULL,"damage: Daphne, Artemis temple, the hill of Orontes, Ares temple",43,N
924,D94DC49F-6AFE-4CAF-8198-7DE4D8163488,Apamea,33,115 Dec 13  (morning),MA,7.40000000,Hr,36.39000000,35.41000000,4,Heavy,Many casualties,Unknown,-1.00000000,Unknown,-1.00000000,NULL,NULL,NULL,NULL,NULL,NULL,NULL,43,N
928,32CCC3A0-A7EE-46D7-92AA-6818C0DB8787,Caesarea,33,115 Dec 13  (morning),MA,7.40000000,Pr,34.89000000,32.50000000,0,None,Unknown,Unknown,-1.00000000,Unknown,-1.00000000,NULL,NULL,NULL,NULL,NULL,NULL,"DG have concluded tsunami. However, according to SAL2, the tsunami is questionable and needs further verification.",43,N
929,B7621C1D-1085-4C61-A230-5F35737E8E5D,Yavne,33,115 Dec 13  (morning),MA,7.40000000,Pr,34.74000000,31.87000000,0,None,Unknown,Unknown,-1.00000000,Unknown,-1.00000000,NULL,NULL,NULL,NULL,NULL,NULL,The alledged tsunami is questionable (SAL2),43,N
930,DA8E5967-B9B3-47EE-99BB-1B767B08C6E5,Antakya,50,458 Sep 14,MA,NULL,Hr,36.16000000,36.20000000,4,Heavy,Many casualties,Unknown,-1.00000000,Unknown,-1.00000000,NULL,NULL,NULL,NULL,NULL,NULL,NULL,68,N
931,2915160D-8131-437C-A44D-CC6988A5977D,Jabalah,290,c.476 Sep,S,NULL,Hr,35.92000000,35.35000000,4,Heavy,Unknown,Unknown,-1.00000000,Unknown,-1.00000000,NULL,NULL,NULL,NULL,NULL,NULL,NULL,70,C-N
932,DA8E5967-B9B3-47EE-99BB-1B767B08C6E5,Antakya,291,513 Sep 7,S,NULL,Pr,36.16000000,36.20000000,1,Felt,No casualties,Unknown,-1.00000000,Unknown,-1.00000000,NULL,NULL,NULL,NULL,NULL,NULL,NULL,73,N
933,DA8E5967-B9B3-47EE-99BB-1B767B08C6E5,Antakya,294,558 Jun,C,NULL,Hr,36.16000000,36.20000000,4,Heavy,Many casualties,Unknown,-1.00000000,Unknown,-1.00000000,NULL,NULL,NULL,NULL,NULL,NULL,NULL,85,N
934,231A53DE-7ED9-48E2-B13D-37C8C761E020,Seleucia,294,558 Jun,C,NULL,Hr,44.52000000,33.09000000,4,Heavy,Many casualties,Unknown,-1.00000000,Unknown,-1.00000000,NULL,NULL,NULL,NULL,NULL,NULL,NULL,85,N
935,FC355398-591A-4E14-B88C-C8CE1AFBAE08,Lebanon (A),57,565 Jun,S,NULL,Pr,35.87000000,33.84000000,0,None,Unknown,Unknown,-1.00000000,Unknown,-1.00000000,NULL,NULL,NULL,NULL,NULL,NULL,NULL,86,C-N
936,E0A3CC35-34B4-4C7A-99A6-8B69DCCFA2BF,Syria (A),57,565 Jun,S,NULL,Pr,37.03000000,34.93000000,0,None,Unknown,Unknown,-1.00000000,Unknown,-1.00000000,NULL,NULL,NULL,NULL,NULL,NULL,NULL,86,C-N
937,DA8E5967-B9B3-47EE-99BB-1B767B08C6E5,Antakya,58,577,MA,NULL,Hr,36.16000000,36.20000000,3,Moderate,Unknown,Unknown,-1.00000000,Unknown,-1.00000000,NULL,NULL,NULL,NULL,NULL,NULL,damage: Daphne,87,N
939,DA8E5967-B9B3-47EE-99BB-1B767B08C6E5,Antakya,295,c.577,A,NULL,Hr,36.16000000,36.20000000,1,Felt,No casualties,Unknown,-1.00000000,Unknown,-1.00000000,NULL,NULL,NULL,NULL,NULL,NULL,NULL,88,N
940,DA8E5967-B9B3-47EE-99BB-1B767B08C6E5,Antakya,296,588 Oct 31,MA,NULL,Hr,36.16000000,36.20000000,4,Heavy,Many casualties,Unknown,-1.00000000,Unknown,-1.00000000,NULL,NULL,NULL,NULL,NULL,NULL,NULL,89,N
941,CEDF63D3-DE3B-4C19-A845-FB023C633391,Mesopotamia (A),296,588 Oct 31,MA,NULL,Mr,41.36000000,34.60000000,1,Felt,Unknown,Unknown,-1.00000000,Unknown,-1.00000000,NULL,NULL,NULL,NULL,NULL,NULL,NULL,89,N
942,A5F24953-627D-4CC5-A347-03A7109C742E,Areopolis,59,<597/597-598,S,NULL,Pr,35.73000000,31.26000000,0,None,Unknown,Unknown,-1.00000000,Unknown,-1.00000000,NULL,NULL,NULL,NULL,NULL,NULL,Base on archaeoseismic remain,91,C
943,6C37CC8B-7F51-4557-BA02-A7A23966EFD3,Aleppo,298,> 638,S,NULL,Pr,37.15000000,36.21000000,4,Heavy,Unknown,Unknown,-1.00000000,Unknown,-1.00000000,NULL,NULL,NULL,NULL,NULL,NULL,NULL,96,N
944,5A686BB1-27BE-45D3-9FFC-A684F46DF552,Palestine (A),443,659 Jun 9,A,6.10000000,Hr,35.20000000,32.39000000,0,None,Unknown,Unknown,-1.00000000,Unknown,-1.00000000,NULL,NULL,NULL,NULL,NULL,NULL,NULL,99,C
945,6C37CC8B-7F51-4557-BA02-A7A23966EFD3,Aleppo,300,713 Feb 28,MA,NULL,Hr,37.15000000,36.21000000,4,Heavy,Unknown,Unknown,-1.00000000,Unknown,-1.00000000,NULL,NULL,NULL,NULL,NULL,NULL,NULL,105,N
946,DA8E5967-B9B3-47EE-99BB-1B767B08C6E5,Antakya,300,713 Feb 28,MA,NULL,Hr,36.16000000,36.20000000,4,Heavy,Many casualties,Unknown,-1.00000000,Unknown,-1.00000000,NULL,NULL,NULL,NULL,NULL,NULL,NULL,105,N
947,1FC193A7-7F33-43A7-8F54-7509BCBC010F,Qinnarsin,300,713 Feb 28,MA,NULL,Hr,36.99000000,35.98000000,4,Heavy,Unknown,Unknown,-1.00000000,Unknown,-1.00000000,NULL,NULL,NULL,NULL,NULL,NULL,NULL,105,N
948,D744E9B4-E0A5-4E5B-A5F1-6695B807B5C7,Ghutah,79,847 Nov 24,Unknown,NULL,Pr,36.42000000,33.49000000,4,Heavy,Many casualties,Unknown,-1.00000000,Unknown,-1.00000000,NULL,NULL,NULL,NULL,NULL,NULL,NULL,119,C-N
949,59D7B303-2E4B-4FE5-980B-0CE1F3F60BD6,Darayya,79,847 Nov 24,Unknown,NULL,Pr,36.25000000,33.45000000,4,Heavy,Unknown,Unknown,-1.00000000,Unknown,-1.00000000,NULL,NULL,NULL,NULL,NULL,NULL,NULL,119,C-N
950,D10B2F3F-65B2-4705-8AC7-8540AF65D5A0,Israel coast (A),97,1033 Dec 5 (night),MA,6.80000000,Pr,34.83000000,32.28000000,0,None,Unknown,Unknown,-1.00000000,Unknown,-1.00000000,NULL,NULL,NULL,NULL,NULL,NULL,NULL,138,C
951,9443340B-6F3D-4CD9-B7D0-17555FBE0AD6,Tadmur,100,1042 (Aug 21?) - 1043,S,NULL,Pr,38.27000000,34.54000000,3,Moderate,Many casualties,Unknown,-1.00000000,Unknown,-1.00000000,NULL,NULL,NULL,NULL,NULL,NULL,NULL,141,C-N
953,ED3F79FE-D8BE-4E9E-AEA9-A688AF294CD5,Bagdad,104,1068 Mar 18,MA,7.30000000,Mr,44.42000000,33.32000000,1,Felt,Unknown,Unknown,-1.00000000,Unknown,-1.00000000,NULL,NULL,NULL,NULL,NULL,NULL,NULL,148,S
955,DA8E5967-B9B3-47EE-99BB-1B767B08C6E5,Antakya,107,1086 Apr 18 – 1087 Apr 07,Unknown,NULL,Mr,36.16000000,36.20000000,3,Moderate,Unknown,Unknown,-1.00000000,Unknown,-1.00000000,NULL,NULL,NULL,NULL,NULL,NULL,The report of near contemporary Michael the Syrian,151,N
956,6C37CC8B-7F51-4557-BA02-A7A23966EFD3,Aleppo,107,1086 Apr 18 – 1087 Apr 07,Unknown,NULL,Pr,37.15000000,36.21000000,0,None,Unknown,Unknown,-1.00000000,Unknown,-1.00000000,NULL,NULL,NULL,NULL,NULL,NULL,NULL,151,N
957,E0A3CC35-34B4-4C7A-99A6-8B69DCCFA2BF,Syria (A),107,1086 Apr 18 – 1087 Apr 07,Unknown,NULL,Pr,37.03000000,34.93000000,3,Moderate,Unknown,Unknown,-1.00000000,Unknown,-1.00000000,NULL,NULL,NULL,NULL,NULL,NULL,NULL,151,N
958,DA8E5967-B9B3-47EE-99BB-1B767B08C6E5,Antakya,109,1091 Sep 26,MA,NULL,Hr,36.16000000,36.20000000,3,Moderate,"Few casualties

",Unknown,-1.00000000,Unknown,-1.00000000,NULL,NULL,NULL,NULL,NULL,NULL,"Many houses and the Church of Our Lady collapsed, but there is no evidence that the shock caused great loss of life. A part of the rampart and 70 or 90 of its outer towers were ruined. The worst damage was to the northwest section of the city walls in the plain between the Gate of the Sea (Bab al-Bahr) and the Gate of Persia (Bab-Faris), which lost 32 towers.
As a result of the earthquake the River Orontes (al-Asi) changed its course, and flowed into the centre of the city, which added to the damage. This was probably due to landslides triggered by the shock upstream of Antioch.",153,N
959,DA8E5967-B9B3-47EE-99BB-1B767B08C6E5,Antakya,303,1097 Dec 30,S,NULL,Hr,36.16000000,36.20000000,0,None,Unknown,Unknown,-1.00000000,Unknown,-1.00000000,NULL,NULL,NULL,NULL,NULL,NULL,NULL,156,N
960,DA8E5967-B9B3-47EE-99BB-1B767B08C6E5,Antakya,304,1098 Oct 5,S,NULL,Mr,36.16000000,36.20000000,0,None,Unknown,Unknown,-1.00000000,Unknown,-1.00000000,NULL,NULL,NULL,NULL,NULL,NULL,NULL,157,N
961,372EE9DF-BD1C-4FE4-8BAF-B7DEDDA3BCA8,Jerusalem,445,1114 Apr-May,C,NULL,Pr,35.23371042,31.77430227,1,Felt,Unknown,Unknown,-1.00000000,Unknown,-1.00000000,NULL,NULL,NULL,NULL,NULL,NULL,NULL,162,C
962,AAB48A30-692A-445F-AC67-522A5063CBEF,Galilee (A),445,1114 Apr-May,C,NULL,Pr,35.45000000,32.91000000,1,Felt,Unknown,Unknown,-1.00000000,Unknown,-1.00000000,NULL,NULL,NULL,NULL,NULL,NULL,NULL,162,C
966,F7ABBE32-F745-485E-BC9B-9DA3F25D2634,Jenin,454,1138 Oct 11,MA,NULL,Hr,35.29000000,32.45000000,4,Heavy,Unknown,Unknown,-1.00000000,Unknown,-1.00000000,NULL,NULL,NULL,NULL,NULL,NULL,NULL,173,N
967,76510585-6EEF-483C-A8DB-4D1743D6C659,Harim,454,1138 Oct 11,MA,NULL,Hr,36.51000000,36.20000000,4,Heavy,Unknown,Unknown,-1.00000000,Unknown,-1.00000000,NULL,NULL,NULL,NULL,NULL,NULL,NULL,173,N
968,B00439E6-BF5A-42DE-97D5-D60BBDC65C25,Zaradna,454,1138 Oct 11,MA,NULL,Hr,36.75000000,36.05000000,4,Heavy,Unknown,Unknown,-1.00000000,Unknown,-1.00000000,NULL,NULL,NULL,NULL,NULL,NULL,NULL,173,N
969,707371CD-ABA3-471C-8A55-8FE6440FFC05,Shih (U),454,1138 Oct 11,MA,NULL,Pr,33.65082151,33.05128774,4,Heavy,Unknown,Unknown,-1.00000000,Unknown,-1.00000000,NULL,NULL,NULL,NULL,NULL,NULL,NULL,173,N
970,6C37CC8B-7F51-4557-BA02-A7A23966EFD3,Aleppo,454,1138 Oct 11,MA,NULL,Hr,37.15000000,36.21000000,3,Moderate,Unknown,Unknown,-1.00000000,Unknown,-1.00000000,NULL,NULL,NULL,NULL,NULL,NULL,NULL,173,N
971,C248A026-2D29-427B-91A5-2A7EEEC5C928,Azrab,454,1138 Oct 11,MA,NULL,Mr,36.81000000,36.71000000,4,Heavy,Unknown,Unknown,-1.00000000,Unknown,-1.00000000,NULL,NULL,NULL,NULL,NULL,NULL,NULL,173,N
972,BD470E62-1C9C-431D-A015-2A3C32D7B657,Bizza'ah,454,1138 Oct 11,MA,NULL,Mr,37.57000000,36.37000000,3,Moderate,Unknown,Unknown,-1.00000000,Unknown,-1.00000000,NULL,NULL,NULL,NULL,NULL,NULL,NULL,173,N
973,8215D628-7BE8-4A3C-9DF1-21F3EC064D0F,Tel Khalid,454,1138 Oct 11,MA,NULL,Mr,37.63000000,36.77000000,2,Light,Unknown,Unknown,-1.00000000,Unknown,-1.00000000,NULL,NULL,NULL,NULL,NULL,NULL,NULL,173,N
975,11A1487E-27D7-4A7E-B810-B9BDB80B99B0,Damascus,454,1138 Oct 11,MA,NULL,Hr,36.29000000,33.51000000,1,Felt,No casualties,Unknown,-1.00000000,Unknown,-1.00000000,NULL,NULL,NULL,NULL,NULL,NULL,NULL,173,N
976,D5ADE834-E702-4F8D-BDF8-3D750C12A6D1,Al-Raqqa,454,1138 Oct 11,MA,NULL,Pr,39.01000000,35.95000000,0,None,Unknown,Unknown,-1.00000000,Unknown,-1.00000000,NULL,NULL,NULL,NULL,NULL,NULL,NULL,173,N
977,11A1487E-27D7-4A7E-B810-B9BDB80B99B0,Damascus,116,1139 Jun 21,MA,NULL,Mr,36.29000000,33.51000000,2,Light,Unknown,Unknown,-1.00000000,Unknown,-1.00000000,NULL,NULL,NULL,NULL,NULL,NULL,"The report of Ibn al-Qalanisi does not mention damage. However he reports of 'dreadful earthquake' that is, al least minor damage might have occurred",174,C-N
978,11A1487E-27D7-4A7E-B810-B9BDB80B99B0,Damascus,123,1156 Oct 13 (morning),FMA,NULL,Hr,36.29000000,33.51000000,1,Felt,Unknown,Unknown,-1.00000000,Unknown,-1.00000000,NULL,NULL,NULL,NULL,NULL,NULL,NULL,181,C-N
980,11A1487E-27D7-4A7E-B810-B9BDB80B99B0,Damascus,306,1157 August 16 (night) - 19,A,NULL,Hr,36.29000000,33.51000000,1,Felt,No casualties,Unknown,-1.00000000,Unknown,-1.00000000,NULL,NULL,NULL,NULL,NULL,NULL,NULL,200,C-N
981,B33C895F-3699-4B18-9467-F5838FB12BD7,Tayma,272,1157 Sep 6,S,NULL,Mr,36.75000000,32.84000000,3,Moderate,Unknown,Unknown,-1.00000000,Unknown,-1.00000000,NULL,NULL,NULL,NULL,NULL,NULL,NULL,201,C-N
982,11A1487E-27D7-4A7E-B810-B9BDB80B99B0,Damascus,272,1157 Sep 6,S,NULL,Hr,36.29000000,33.51000000,1,Felt,No casualties,Unknown,-1.00000000,Unknown,-1.00000000,NULL,NULL,NULL,NULL,NULL,NULL,NULL,201,C-N
983,912B3498-4EC2-46F8-9731-8444E6B28B0D,Hamma,273,1157 Oct 30,MA,NULL,Hr,36.75000000,35.13000000,3,Moderate,Unknown,Unknown,-1.00000000,Unknown,-1.00000000,NULL,NULL,NULL,NULL,NULL,NULL,NULL,202,C-N
984,6C37CC8B-7F51-4557-BA02-A7A23966EFD3,Aleppo,273,1157 Oct 30,MA,NULL,Hr,37.15000000,36.21000000,3,Moderate,Unknown,Unknown,-1.00000000,Unknown,-1.00000000,NULL,NULL,NULL,NULL,NULL,NULL,NULL,202,C-N
985,11A1487E-27D7-4A7E-B810-B9BDB80B99B0,Damascus,264,1157 Apr 2 (after sunrize),MA,NULL,Mr,36.29000000,33.51000000,2,Light,Unknown,Unknown,-1.00000000,Unknown,-1.00000000,NULL,NULL,NULL,NULL,NULL,NULL,NULL,192,C-N
986,11A1487E-27D7-4A7E-B810-B9BDB80B99B0,Damascus,274,1157 Nov 14,A,NULL,Mr,36.29000000,33.51000000,2,Light,Unknown,Unknown,-1.00000000,Unknown,-1.00000000,NULL,NULL,NULL,NULL,NULL,NULL,NULL,203,C-N
987,11A1487E-27D7-4A7E-B810-B9BDB80B99B0,Damascus,275,1157 Dec 13,A,NULL,Hr,36.29000000,33.51000000,1,Felt,Unknown,Unknown,-1.00000000,Unknown,-1.00000000,NULL,NULL,NULL,NULL,NULL,NULL,NULL,204,C-N
988,11A1487E-27D7-4A7E-B810-B9BDB80B99B0,Damascus,276,1157 Dec 26,A,NULL,Mr,36.29000000,33.51000000,2,Light,Unknown,Unknown,-1.00000000,Unknown,-1.00000000,NULL,NULL,NULL,NULL,NULL,NULL,NULL,205,C-N
989,11A1487E-27D7-4A7E-B810-B9BDB80B99B0,Damascus,277,1157 Dec 28,A,4.50000000,Hr,36.29000000,33.51000000,1,Felt,Unknown,Unknown,-1.00000000,Unknown,-1.00000000,NULL,NULL,NULL,NULL,NULL,NULL,NULL,206,C-N
990,11A1487E-27D7-4A7E-B810-B9BDB80B99B0,Damascus,278,1158 Jan (eve/night) 2,C,NULL,Hr,36.29000000,33.51000000,2,Light,Unknown,Unknown,-1.00000000,Unknown,-1.00000000,NULL,NULL,NULL,NULL,NULL,NULL,NULL,207,C-N
991,6C37CC8B-7F51-4557-BA02-A7A23966EFD3,Aleppo,279,1158 Apr 4,S,NULL,Pr,37.15000000,36.21000000,3,Moderate,Unknown,Unknown,-1.00000000,Unknown,-1.00000000,NULL,NULL,NULL,NULL,NULL,NULL,"damage: Buidings, walls and Citadel",208,N
992,11A1487E-27D7-4A7E-B810-B9BDB80B99B0,Damascus,280,1158 Apr 24,A,4.50000000,Mr,36.29000000,33.51000000,1,Felt,Unknown,Unknown,-1.00000000,Unknown,-1.00000000,NULL,NULL,NULL,NULL,NULL,NULL,NULL,209,C-N
993,6C37CC8B-7F51-4557-BA02-A7A23966EFD3,Aleppo,281,1158  < Jul 1,S,NULL,Pr,37.15000000,36.21000000,1,Felt,Unknown,Unknown,-1.00000000,Unknown,-1.00000000,NULL,NULL,NULL,NULL,NULL,NULL,NULL,210,C-N
994,912B3498-4EC2-46F8-9731-8444E6B28B0D,Hamma,281,1158  < Jul 1,S,NULL,Pr,36.75000000,35.13000000,1,Felt,Unknown,Unknown,-1.00000000,Unknown,-1.00000000,NULL,NULL,NULL,NULL,NULL,NULL,NULL,210,C-N
995,11A1487E-27D7-4A7E-B810-B9BDB80B99B0,Damascus,282,1158 Aug 20 (dawn/midday),S,4.50000000,Mr,36.29000000,33.51000000,1,Felt,Unknown,Unknown,-1.00000000,Unknown,-1.00000000,NULL,NULL,NULL,NULL,NULL,NULL,NULL,211,C-N
996,11A1487E-27D7-4A7E-B810-B9BDB80B99B0,Damascus,285,1159 Jan 23 (dawn),MA,NULL,Mr,36.29000000,33.51000000,1,Felt,Unknown,Unknown,-1.00000000,Unknown,-1.00000000,NULL,NULL,NULL,NULL,NULL,NULL,NULL,214,C-N
997,11A1487E-27D7-4A7E-B810-B9BDB80B99B0,Damascus,286,1159 Apr 12-13,C,NULL,Mr,36.29000000,33.51000000,2,Light,Unknown,Unknown,-1.00000000,Unknown,-1.00000000,NULL,NULL,NULL,NULL,NULL,NULL,NULL,215,C-N
998,11A1487E-27D7-4A7E-B810-B9BDB80B99B0,Damascus,287,1159 May 8,C,NULL,Mr,36.29000000,33.51000000,1,Felt,Unknown,Unknown,-1.00000000,Unknown,-1.00000000,NULL,NULL,NULL,NULL,NULL,NULL,NULL,216,C-N
999,DA8E5967-B9B3-47EE-99BB-1B767B08C6E5,Antakya,308,1162 Aug,S,NULL,Mr,36.16000000,36.20000000,3,Moderate,Unknown,Unknown,-1.00000000,Unknown,-1.00000000,NULL,NULL,NULL,NULL,NULL,NULL,NULL,218,N
1000,89FA1F0C-A370-4CB4-BFF2-8A1CE15A31B8,Balis,308,1162 Aug,S,NULL,Mr,36.40000000,35.79000000,3,Moderate,Unknown,Unknown,-1.00000000,Unknown,-1.00000000,NULL,NULL,NULL,NULL,NULL,NULL,NULL,218,N
1001,D690C6F4-161A-45DF-A9E8-B012AA5D5E39,Edessa,308,1162 Aug,S,NULL,Mr,38.80000000,37.15000000,3,Moderate,Unknown,Unknown,-1.00000000,Unknown,-1.00000000,NULL,NULL,NULL,NULL,NULL,NULL,NULL,218,N
1002,7428F4FD-0406-499E-BF9F-58F7E537B0A8,Nisibin,308,1162 Aug,S,NULL,Pr,37.06000000,36.38000000,3,Moderate,Unknown,Unknown,-1.00000000,Unknown,-1.00000000,NULL,NULL,NULL,NULL,NULL,NULL,NULL,218,N
1003,6C37CC8B-7F51-4557-BA02-A7A23966EFD3,Aleppo,132,1181 Feb 25,S,NULL,Pr,37.15000000,36.21000000,3,Moderate,Unknown,Unknown,-1.00000000,Unknown,-1.00000000,NULL,NULL,NULL,NULL,NULL,NULL,damage to Halleb and Surrounding villages,220,N
1004,0CFB9162-A3B9-4114-83FA-29DD43C61FA2,Batun (U),134,1202 May 20 (0240),MA,7.50000000,Pr,33.65082151,33.05128774,2,Light,Unknown,Unknown,-1.00000000,Unknown,-1.00000000,NULL,NULL,NULL,NULL,NULL,NULL,NULL,222,C-N
1005,BC5FE482-045C-482F-9725-CEEF339EFBA3,Safitta Castle,134,1202 May 20 (0240),MA,7.50000000,Mr,36.11000000,34.81000000,3,Moderate,Unknown,8-9,8.50000000,Unknown,-1.00000000,NULL,NULL,NULL,NULL,NULL,NULL,Damage to the Castle (KM2),222,C-N
1006,11A1487E-27D7-4A7E-B810-B9BDB80B99B0,Damascus,447,1259 Mar 22,MA,NULL,Pr,36.29000000,33.51000000,3,Moderate,Unknown,Unknown,-1.00000000,Unknown,-1.00000000,NULL,NULL,NULL,NULL,NULL,NULL,Possible amalgamation of this event with the 1261 egypt event,225,C-N
1007,E0A3CC35-34B4-4C7A-99A6-8B69DCCFA2BF,Syria (A),448,1261 Oct 1 - 1262 Sep 30,S,NULL,Pr,37.03000000,34.93000000,0,None,Unknown,Unknown,-1.00000000,Unknown,-1.00000000,NULL,NULL,NULL,NULL,NULL,NULL,NULL,226,N
1008,93F14479-704C-4AEB-A37C-0FE08F683F24,Akko,140,1261,S,NULL,Pr,35.07000000,32.92000000,0,None,Unknown,Unknown,-1.00000000,Unknown,-1.00000000,NULL,NULL,NULL,NULL,NULL,NULL,NULL,227,C
1009,11A1487E-27D7-4A7E-B810-B9BDB80B99B0,Damascus,141,1284,S,NULL,Mr,36.29000000,33.51000000,2,Light,Unknown,Unknown,-1.00000000,Unknown,-1.00000000,NULL,NULL,NULL,NULL,NULL,NULL,"damage: the wall around bab al-Faradis, school of Muqaddamyya, River Barada",229,C-N
1010,BC5FE482-045C-482F-9725-CEEF339EFBA3,Safitta Castle,142,1287 Feb 16,F,4.50000000,Mr,36.11000000,34.81000000,2,Light,Unknown,Unknown,-1.00000000,Unknown,-1.00000000,NULL,NULL,NULL,NULL,NULL,NULL,NULL,230,C-N
1011,F47CDBDF-4B12-4C96-9DD9-8E6E6061970A,Homs,143,1287 Mar 08,F,4.50000000,Mr,36.71000000,34.73000000,2,Light,Unknown,Unknown,-1.00000000,Unknown,-1.00000000,VII ? (MCS),NULL,NULL,NULL,NULL,NULL,NULL,231,C-N
1012,252F6859-A330-41AD-9210-3FC8730D7E2A,Latakia,144,1287 Mar 21,S,NULL,Hr,35.77000000,35.51000000,3,Moderate,Unknown,Unknown,-1.00000000,Unknown,-1.00000000,VII ? (MCS),NULL,NULL,NULL,NULL,NULL,NULL,232,C-N
1013,6E2CEDE8-41A6-499F-A541-4F874BED5F05,Barin,148,1306-1307,S,NULL,Pr,36.41000000,34.93000000,0,None,Unknown,Unknown,-1.00000000,Unknown,-1.00000000,NULL,NULL,NULL,NULL,NULL,NULL,No reference of earthquake but landslide,235,C-N
1014,DA8E5967-B9B3-47EE-99BB-1B767B08C6E5,Antakya,149,1319,S,NULL,Pr,36.16000000,36.20000000,0,None,Unknown,Unknown,-1.00000000,Unknown,-1.00000000,NULL,NULL,NULL,NULL,NULL,NULL,Report of vauge damage with no reference of earthquake,237,N
1015,E0A3CC35-34B4-4C7A-99A6-8B69DCCFA2BF,Syria (A),150,1323,S,NULL,Pr,37.03000000,34.93000000,0,None,Unknown,Unknown,-1.00000000,Unknown,-1.00000000,NULL,NULL,NULL,NULL,NULL,NULL,NULL,239,C-N
1016,C8AC700E-1F60-45F7-9D1F-4F695EE1C87B,Tripoli,151,1339 Jan,S,NULL,Mr,35.83000000,34.43000000,4,Heavy,Many casualties,Unknown,-1.00000000,Unknown,-1.00000000,NULL,NULL,NULL,NULL,NULL,NULL,NULL,240,C-N
1017,F47CDBDF-4B12-4C96-9DD9-8E6E6061970A,Homs,152,1354 Oct 28,S,NULL,Pr,36.71000000,34.73000000,3,Moderate,"Few casualties

",Unknown,-1.00000000,Unknown,-1.00000000,NULL,NULL,NULL,NULL,NULL,NULL,NULL,242,C-N
1018,912B3498-4EC2-46F8-9731-8444E6B28B0D,Hamma,152,1354 Oct 28,S,NULL,Pr,36.75000000,35.13000000,3,Moderate,"Few casualties

",Unknown,-1.00000000,Unknown,-1.00000000,NULL,NULL,NULL,NULL,NULL,NULL,NULL,242,C-N
1019,8B0ECE77-755E-4497-BE34-6EA7DCB86A9C,Baalbeq,152,1354 Oct 28,S,NULL,Pr,36.20000000,34.00000000,3,Moderate,"Few casualties

",Unknown,-1.00000000,Unknown,-1.00000000,NULL,NULL,NULL,NULL,NULL,NULL,NULL,242,C-N
1020,6C37CC8B-7F51-4557-BA02-A7A23966EFD3,Aleppo,154,1375,S,NULL,Pr,37.15000000,36.21000000,2,Light,Unknown,Unknown,-1.00000000,Unknown,-1.00000000,NULL,NULL,NULL,NULL,NULL,NULL,NULL,244,N
1021,6C37CC8B-7F51-4557-BA02-A7A23966EFD3,Aleppo,157,1403 Dec 18,F,NULL,Mr,37.15000000,36.21000000,2,Light,Unknown,Unknown,-1.00000000,Unknown,-1.00000000,NULL,NULL,NULL,NULL,NULL,NULL,NULL,246,N
1022,6C37CC8B-7F51-4557-BA02-A7A23966EFD3,Aleppo,310,1404 Feb 20,FMA,NULL,Hr,37.15000000,36.21000000,4,Heavy,Unknown,Unknown,-1.00000000,Unknown,-1.00000000,NULL,NULL,NULL,NULL,NULL,NULL,NULL,247,N
1023,C8AC700E-1F60-45F7-9D1F-4F695EE1C87B,Tripoli,310,1404 Feb 20,FMA,NULL,Hr,35.83000000,34.43000000,4,Heavy,Unknown,Unknown,-1.00000000,Unknown,-1.00000000,NULL,NULL,NULL,NULL,NULL,NULL,NULL,247,N
1024,AE503169-6D09-4BAE-9548-29D447B9C3D2,Al-Marqab Citadel,310,1404 Feb 20,FMA,NULL,Hr,35.93000000,35.14000000,4,Heavy,Unknown,8-9,8.50000000,Unknown,-1.00000000,NULL,NULL,NULL,NULL,NULL,NULL,Vibration in NE-SW plane. It damaged the southern tower + NW corner of the donjon. It occurred after 1285. Candidates are the 1404 and 1759 (KM),247,N
1025,6C37CC8B-7F51-4557-BA02-A7A23966EFD3,Aleppo,311,1404 Nov 7,MA,NULL,Hr,37.15000000,36.21000000,1,Felt,Unknown,Unknown,-1.00000000,Unknown,-1.00000000,NULL,NULL,NULL,NULL,NULL,NULL,NULL,248,N
1026,DA8E5967-B9B3-47EE-99BB-1B767B08C6E5,Antakya,158,1407 Apr  29,C,NULL,Hr,36.16000000,36.20000000,3,Moderate,"Few casualties

",Unknown,-1.00000000,Unknown,-1.00000000,NULL,NULL,NULL,NULL,NULL,NULL,NULL,249,N
1028,DA8E5967-B9B3-47EE-99BB-1B767B08C6E5,Antakya,312,1408 Dec 29,C,7.50000000,Hr,36.16000000,36.20000000,4,Heavy,Unknown,Unknown,-1.00000000,Unknown,-1.00000000,NULL,NULL,NULL,NULL,NULL,NULL,NULL,250,N
1029,252F6859-A330-41AD-9210-3FC8730D7E2A,Latakia,312,1408 Dec 29,C,7.50000000,Hr,35.77000000,35.51000000,3,Moderate,Unknown,Unknown,-1.00000000,Unknown,-1.00000000,NULL,NULL,NULL,NULL,NULL,NULL,NULL,250,N
1030,2915160D-8131-437C-A44D-CC6988A5977D,Jabalah,312,1408 Dec 29,C,7.50000000,Hr,35.92000000,35.35000000,3,Moderate,"Few casualties

",Unknown,-1.00000000,Unknown,-1.00000000,NULL,NULL,NULL,NULL,NULL,NULL,NULL,250,N
1031,68549EEB-0BE7-41E9-A3D8-B80D99B66B37,Balatunus Castle,312,1408 Dec 29,C,7.50000000,Hr,36.07000000,35.50000000,3,Moderate,"Few casualties

",Unknown,-1.00000000,Unknown,-1.00000000,NULL,NULL,NULL,NULL,NULL,NULL,NULL,250,N
1032,3F288565-FC76-43E9-82DA-5C8EAC9DA7D2,Qusayr [TR],312,1408 Dec 29,C,7.50000000,Hr,36.18000000,36.05000000,0,None,Unknown,Unknown,-1.00000000,Unknown,-1.00000000,NULL,NULL,NULL,NULL,NULL,NULL,NULL,250,N
1033,88944A91-038E-4C61-A400-EE0E59247CC1,Saltuham (U),312,1408 Dec 29,C,7.50000000,Mr,33.65082151,33.05128774,0,None,Unknown,Unknown,-1.00000000,Unknown,-1.00000000,NULL,NULL,NULL,NULL,NULL,NULL,NULL,250,N
1034,4A78820E-B699-4C82-93FE-5E937DCC35E3,N. Lebanease Coast (A),312,1408 Dec 29,C,7.50000000,Mr,35.71000000,34.01000000,0,None,Unknown,Unknown,-1.00000000,Unknown,-1.00000000,NULL,NULL,NULL,NULL,NULL,NULL,NULL,250,N
1035,D2CC8734-4DB1-442B-8942-920C367191D9,Ramla,161,1458 Nov 16,S,6.50000000,Hr,34.87000000,31.92000000,3,Moderate,Unknown,Unknown,-1.00000000,Unknown,-1.00000000,VII-VIII (MCS),NULL,NULL,NULL,NULL,NULL,NULL,253,S
1036,7C6E6DED-E60B-4CDB-A57F-128CA0DF9B3E,Lod,161,1458 Nov 16,S,6.50000000,Hr,34.90000000,31.95000000,3,Moderate,Unknown,Unknown,-1.00000000,Unknown,-1.00000000,NULL,NULL,NULL,NULL,NULL,NULL,NULL,253,S
1037,C916E2D5-89EF-459F-BF93-707B85675979,Hebron,161,1458 Nov 16,S,6.50000000,Hr,35.09000000,31.51000000,3,Moderate,Unknown,Unknown,-1.00000000,Unknown,-1.00000000,VII-VIII (MCS),NULL,NULL,NULL,NULL,NULL,"Jerusalem (VII), Cairo (III-IV).",253,S
1038,6C37CC8B-7F51-4557-BA02-A7A23966EFD3,Aleppo,236,1484 Apr,C,NULL,Hr,37.15000000,36.21000000,2,Light,Unknown,Unknown,-1.00000000,Unknown,-1.00000000,NULL,NULL,NULL,NULL,NULL,NULL,NULL,257,N
1039,F5560F90-D551-4E58-B185-EC1E9AFADF5C,Bet-Lehem,167,1532,S,4.50000000,Pr,35.19000000,31.69000000,1,Felt,Unknown,Unknown,-1.00000000,Unknown,-1.00000000,NULL,NULL,NULL,NULL,NULL,NULL,NULL,269,C
1040,DA8E5967-B9B3-47EE-99BB-1B767B08C6E5,Antakya,314,1537,S,NULL,Pr,36.16000000,36.20000000,3,Moderate,Unknown,Unknown,-1.00000000,Unknown,-1.00000000,NULL,NULL,NULL,NULL,NULL,NULL,NULL,271,N
1041,7276A02F-FB05-44FC-BED6-E589858C9B1A,Tabuk,171,1588 Jan 04 (13:00),S,6.70000000,Mr,36.58000000,28.38000000,3,Moderate,Unknown,Unknown,-1.00000000,Unknown,-1.00000000,NULL,NULL,NULL,NULL,NULL,NULL,NULL,281,S
1042,6C37CC8B-7F51-4557-BA02-A7A23966EFD3,Aleppo,317,1610 Mar 7,S,NULL,Mr,37.15000000,36.21000000,1,Felt,Unknown,Unknown,-1.00000000,Unknown,-1.00000000,NULL,NULL,NULL,NULL,NULL,NULL,NULL,285,N
1043,6C37CC8B-7F51-4557-BA02-A7A23966EFD3,Aleppo,318,1616 Jul 22,S,4.50000000,Pr,37.15000000,36.21000000,1,Felt,Unknown,Unknown,-1.00000000,Unknown,-1.00000000,NULL,NULL,NULL,NULL,NULL,NULL,NULL,286,N
1044,912B3498-4EC2-46F8-9731-8444E6B28B0D,Hamma,321,1626 Jan 21,S,NULL,Hr,36.75000000,35.13000000,3,Moderate,Unknown,Unknown,-1.00000000,Unknown,-1.00000000,NULL,NULL,NULL,NULL,NULL,NULL,damage: Dahshah suq,289,C-N
1045,6C37CC8B-7F51-4557-BA02-A7A23966EFD3,Aleppo,321,1626 Jan 21,S,NULL,Hr,37.15000000,36.21000000,3,Moderate,Unknown,Unknown,-1.00000000,Unknown,-1.00000000,NULL,NULL,NULL,NULL,NULL,NULL,NULL,289,C-N
1046,D5047D96-A062-4389-9577-C20174AB55DE,Gaziantep/Aintab,321,1626 Jan 21,S,NULL,Hr,37.11000000,37.33000000,3,Moderate,Unknown,Unknown,-1.00000000,Unknown,-1.00000000,NULL,NULL,NULL,NULL,NULL,NULL,NULL,289,C-N
1047,11A1487E-27D7-4A7E-B810-B9BDB80B99B0,Damascus,321,1626 Jan 21,S,NULL,Hr,36.29000000,33.51000000,2,Light,Unknown,Unknown,-1.00000000,Unknown,-1.00000000,NULL,NULL,NULL,NULL,NULL,NULL,NULL,289,C-N
1048,E0A3CC35-34B4-4C7A-99A6-8B69DCCFA2BF,Syria (A),323,1630,S,NULL,Pr,37.03000000,34.93000000,2,Light,Unknown,Unknown,-1.00000000,Unknown,-1.00000000,NULL,NULL,NULL,NULL,NULL,NULL,damage: the Mohammad mosque,291,C-N
1049,6C37CC8B-7F51-4557-BA02-A7A23966EFD3,Aleppo,176,1657,C,4.50000000,Pr,37.15000000,36.21000000,1,Felt,Unknown,Unknown,-1.00000000,Unknown,-1.00000000,NULL,NULL,NULL,NULL,NULL,NULL,NULL,295,N
1050,8E326C44-F167-4063-A7FB-8B4014B01FB6,Shaizar,326,1661,S,NULL,Pr,36.56000000,35.25000000,3,Moderate,Many casualties,Unknown,-1.00000000,Unknown,-1.00000000,NULL,NULL,NULL,NULL,NULL,NULL,NULL,296,C-N
1051,6C37CC8B-7F51-4557-BA02-A7A23966EFD3,Aleppo,324,1680 Mar 22,S,4.50000000,Pr,37.15000000,36.21000000,1,Felt,Unknown,Unknown,-1.00000000,Unknown,-1.00000000,NULL,NULL,NULL,NULL,NULL,NULL,NULL,298,N
1052,6C37CC8B-7F51-4557-BA02-A7A23966EFD3,Aleppo,328,1701,S,4.50000000,Pr,37.15000000,36.21000000,1,Felt,Unknown,Unknown,-1.00000000,Unknown,-1.00000000,NULL,NULL,NULL,NULL,NULL,NULL,NULL,299,N
1053,8C73F3FF-BCFB-49B5-B636-1A3ABD22ACC7,Yabrud,177,1705 Nov 23 (night),MA,NULL,Hr,36.66000000,33.96000000,3,Moderate,Unknown,Unknown,-1.00000000,Unknown,-1.00000000,NULL,NULL,NULL,NULL,NULL,NULL,NULL,301,C-N
1054,1ECBA06E-42A6-4BEE-9E5F-CBB9122FA22E,Qastal fortress (U),177,1705 Nov 23 (night),MA,NULL,Mr,33.65082151,33.05128774,3,Moderate,Unknown,Unknown,-1.00000000,Unknown,-1.00000000,NULL,NULL,NULL,NULL,NULL,NULL,NULL,301,C-N
1055,C8AC700E-1F60-45F7-9D1F-4F695EE1C87B,Tripoli,330,< 1706 Dec,S,NULL,Hr,35.83000000,34.43000000,3,Moderate,Unknown,Unknown,-1.00000000,Unknown,-1.00000000,NULL,NULL,NULL,NULL,NULL,NULL,damage: towers in the port of Tripoli,302,C-N
1056,11A1487E-27D7-4A7E-B810-B9BDB80B99B0,Damascus,178,1712 Dec 28,S,4.50000000,Mr,36.29000000,33.51000000,3,Moderate,Unknown,Unknown,-1.00000000,Unknown,-1.00000000,NULL,NULL,NULL,NULL,NULL,NULL,damage: 3 mosques and more than 200 houses,303,C-N
1057,6C37CC8B-7F51-4557-BA02-A7A23966EFD3,Aleppo,179,1722-1723,S,NULL,Mr,37.15000000,36.21000000,4,Heavy,Many casualties,Unknown,-1.00000000,Unknown,-1.00000000,NULL,NULL,NULL,NULL,NULL,NULL,NULL,306,N
1058,FB1C5602-30CC-4C9F-9EC5-52FD374EAE6C,Jum (U),180,1726 Apr 15,S,NULL,Mr,33.65082151,33.05128774,3,Moderate,Unknown,Unknown,-1.00000000,Unknown,-1.00000000,NULL,NULL,NULL,NULL,NULL,NULL,NULL,311,N
1059,6C37CC8B-7F51-4557-BA02-A7A23966EFD3,Aleppo,180,1726 Apr 15,S,NULL,Mr,37.15000000,36.21000000,3,Moderate,Unknown,Unknown,-1.00000000,Unknown,-1.00000000,NULL,NULL,NULL,NULL,NULL,NULL,NULL,311,N
1060,80E454E5-8B1D-4D54-9DA7-AF421757C262,Alexandreta,180,1726 Apr 15,S,NULL,Mr,36.17000000,36.58000000,1,Felt,Unknown,Unknown,-1.00000000,Unknown,-1.00000000,NULL,NULL,NULL,NULL,NULL,NULL,NULL,311,N
1061,8E326C44-F167-4063-A7FB-8B4014B01FB6,Shaizar,270,1157 Aug 12 (night),FMA,7.20000000,Vr,36.56000000,35.25000000,4,Heavy,Many casualties,Unknown,-1.00000000,Unknown,-1.00000000,NULL,NULL,NULL,NULL,NULL,NULL,"damage: Castle, Citadel, Shalimar",198,N
1062,8E326C44-F167-4063-A7FB-8B4014B01FB6,Shaizar,271,1157 Aug (night) 13,A,NULL,Hr,36.56000000,35.25000000,4,Heavy,Unknown,Unknown,-1.00000000,Unknown,-1.00000000,NULL,NULL,NULL,NULL,NULL,NULL,NULL,199,C-N
1063,CC223D36-82F2-4FEF-8500-648ED8AE5A87,Kafr Tab,270,1157 Aug 12 (night),FMA,7.20000000,Vr,36.58000000,35.51000000,4,Heavy,Many casualties,Unknown,-1.00000000,Unknown,-1.00000000,NULL,NULL,NULL,NULL,NULL,NULL,NULL,198,N
1064,D94DC49F-6AFE-4CAF-8198-7DE4D8163488,Apamea,270,1157 Aug 12 (night),FMA,7.20000000,Vr,36.39000000,35.41000000,4,Heavy,Many casualties,Unknown,-1.00000000,Unknown,-1.00000000,NULL,NULL,NULL,NULL,NULL,NULL,"damage: Citadel, Castle",198,N
1065,912B3498-4EC2-46F8-9731-8444E6B28B0D,Hamma,270,1157 Aug 12 (night),FMA,7.20000000,Vr,36.75000000,35.13000000,5,Severe,Many casualties,Unknown,-1.00000000,Unknown,-1.00000000,NULL,NULL,NULL,NULL,NULL,NULL,"damage: citadel, Hasanain mosque",198,N
1066,9E48ECD1-07F2-407F-8955-80E3ACB95614,Massyaf,270,1157 Aug 12 (night),FMA,7.20000000,Pr,36.33000000,35.06000000,4,Heavy,Unknown,Unknown,-1.00000000,Unknown,-1.00000000,NULL,NULL,NULL,NULL,NULL,NULL,NULL,198,N
1067,6E2CEDE8-41A6-499F-A541-4F874BED5F05,Barin,270,1157 Aug 12 (night),FMA,7.20000000,Hr,36.41000000,34.93000000,4,Heavy,Unknown,Unknown,-1.00000000,Unknown,-1.00000000,NULL,NULL,NULL,NULL,NULL,NULL,damage: Castle,198,N
1068,DB2908BD-57A7-4B81-9804-89D64FDF5986,Shumaimis (U),270,1157 Aug 12 (night),FMA,7.20000000,Hr,33.65082151,33.05128774,4,Heavy,"Few casualties

",Unknown,-1.00000000,Unknown,-1.00000000,NULL,NULL,NULL,NULL,NULL,NULL,damge: Citadel,198,N
1069,D694D7B4-73B9-4964-9F87-8CE1C74BBC6D,Hish Al-Akrad,270,1157 Aug 12 (night),FMA,7.20000000,Hr,36.28000000,34.75000000,4,Heavy,"Few casualties

",Unknown,-1.00000000,Unknown,-1.00000000,NULL,NULL,NULL,NULL,NULL,NULL,damage: Castle,198,N
1070,AA04AB00-4907-49BD-870A-F3ED7F42197F,Arqa,270,1157 Aug 12 (night),FMA,7.20000000,Mr,36.03000000,34.51000000,4,Heavy,Many casualties,Unknown,-1.00000000,Unknown,-1.00000000,NULL,NULL,NULL,NULL,NULL,NULL,NULL,198,N
1071,C8AC700E-1F60-45F7-9D1F-4F695EE1C87B,Tripoli,270,1157 Aug 12 (night),FMA,7.20000000,Mr,35.83000000,34.43000000,4,Heavy,Many casualties,Unknown,-1.00000000,Unknown,-1.00000000,NULL,NULL,NULL,NULL,NULL,NULL,NULL,198,N
1072,F47CDBDF-4B12-4C96-9DD9-8E6E6061970A,Homs,270,1157 Aug 12 (night),FMA,7.20000000,Hr,36.71000000,34.73000000,4,Heavy,"Few casualties

",Unknown,-1.00000000,Unknown,-1.00000000,NULL,NULL,NULL,NULL,NULL,NULL,damage: Citadel,198,N
1073,BD07B1C9-D87C-44A6-8913-ED90B839F128,Adad al-Arab (U),270,1157 Aug 12 (night),FMA,7.20000000,Pr,35.71000000,33.78000000,0,None,Unknown,Unknown,-1.00000000,Unknown,-1.00000000,NULL,NULL,NULL,NULL,NULL,NULL,NULL,198,N
1074,E5F7DD96-A99B-4EB2-B8C9-7B9B515B3BB6,Salamiyah,270,1157 Aug 12 (night),FMA,7.20000000,Hr,37.06000000,34.99000000,4,Heavy,Many casualties,Unknown,-1.00000000,Unknown,-1.00000000,NULL,NULL,NULL,NULL,NULL,NULL,NULL,198,N
1075,6C37CC8B-7F51-4557-BA02-A7A23966EFD3,Aleppo,270,1157 Aug 12 (night),FMA,7.20000000,Hr,37.15000000,36.21000000,4,Heavy,Many casualties,Unknown,-1.00000000,Unknown,-1.00000000,NULL,NULL,NULL,NULL,NULL,NULL,"damage: Towers, Wall",198,N
1076,372EE9DF-BD1C-4FE4-8BAF-B7DEDDA3BCA8,Jerusalem,270,1157 Aug 12 (night),FMA,7.20000000,Hr,35.23371042,31.77430227,3,Moderate,Unknown,Unknown,-1.00000000,Unknown,-1.00000000,NULL,NULL,NULL,NULL,NULL,NULL,NULL,198,N
1077,AE7837A5-B089-4B7F-BDCE-1F878798BFE0,Byblus,270,1157 Aug 12 (night),FMA,7.20000000,Hr,35.64000000,34.11000000,3,Moderate,Unknown,Unknown,-1.00000000,Unknown,-1.00000000,NULL,NULL,NULL,NULL,NULL,NULL,NULL,198,N
1078,51F17FC2-DBF7-4407-960D-53128602B4B0,Nisfin (U),270,1157 Aug 12 (night),FMA,7.20000000,Hr,33.65082151,33.05128774,3,Moderate,Unknown,Unknown,-1.00000000,Unknown,-1.00000000,NULL,NULL,NULL,NULL,NULL,NULL,NULL,198,N
1079,1E28C382-1F1A-49F4-B244-50058EE3D200,Azaz,270,1157 Aug 12 (night),FMA,7.20000000,Hr,37.05000000,36.58000000,3,Moderate,Many casualties,Unknown,-1.00000000,Unknown,-1.00000000,NULL,NULL,NULL,NULL,NULL,NULL,NULL,198,N
1080,DA8E5967-B9B3-47EE-99BB-1B767B08C6E5,Antakya,270,1157 Aug 12 (night),FMA,7.20000000,Hr,36.16000000,36.20000000,3,Moderate,"Few casualties

",Unknown,-1.00000000,Unknown,-1.00000000,NULL,NULL,NULL,NULL,NULL,NULL,NULL,198,N
1081,252F6859-A330-41AD-9210-3FC8730D7E2A,Latakia,270,1157 Aug 12 (night),FMA,7.20000000,Hr,35.77000000,35.51000000,4,Heavy,Unknown,Unknown,-1.00000000,Unknown,-1.00000000,NULL,NULL,NULL,NULL,NULL,NULL,NULL,198,N
1082,D10B0336-2D82-4E78-A1B2-A300A02903E7,Beirut,270,1157 Aug 12 (night),FMA,7.20000000,Hr,35.48000000,33.89000000,1,Felt,Unknown,Unknown,-1.00000000,Unknown,-1.00000000,NULL,NULL,NULL,NULL,NULL,NULL,NULL,198,N
1083,5472F125-084A-49EE-BE2A-AADB2C17C1C2,Sidon,270,1157 Aug 12 (night),FMA,7.20000000,Hr,35.37000000,33.56000000,1,Felt,Unknown,Unknown,-1.00000000,Unknown,-1.00000000,NULL,NULL,NULL,NULL,NULL,NULL,NULL,198,N
1084,1EBBDB95-7238-4136-BC07-DD8639C73F05,Tyre,270,1157 Aug 12 (night),FMA,7.20000000,Hr,35.21000000,33.26000000,1,Felt,Unknown,Unknown,-1.00000000,Unknown,-1.00000000,NULL,NULL,NULL,NULL,NULL,NULL,NULL,198,N
1085,93F14479-704C-4AEB-A37C-0FE08F683F24,Akko,270,1157 Aug 12 (night),FMA,7.20000000,Hr,35.07000000,32.92000000,1,Felt,Unknown,Unknown,-1.00000000,Unknown,-1.00000000,NULL,NULL,NULL,NULL,NULL,NULL,NULL,198,N
1086,11A1487E-27D7-4A7E-B810-B9BDB80B99B0,Damascus,270,1157 Aug 12 (night),FMA,7.20000000,Hr,36.29000000,33.51000000,3,Moderate,Unknown,Unknown,-1.00000000,Unknown,-1.00000000,NULL,NULL,NULL,NULL,NULL,NULL,damage: damascus mosque,198,N
1087,8B0ECE77-755E-4497-BE34-6EA7DCB86A9C,Baalbeq,270,1157 Aug 12 (night),FMA,7.20000000,Hr,36.20000000,34.00000000,3,Moderate,Unknown,Unknown,-1.00000000,Unknown,-1.00000000,NULL,NULL,NULL,NULL,NULL,NULL,damage: BaalBek mosque,198,N
1088,B9889765-A642-48DD-940E-B1C8CA7B90B5,Harran,270,1157 Aug 12 (night),FMA,7.20000000,Pr,39.03000000,36.87000000,3,Moderate,Unknown,Unknown,-1.00000000,Unknown,-1.00000000,NULL,NULL,NULL,NULL,NULL,NULL,NULL,198,N
1089,8E329625-5D3F-4FD5-A273-ED9B760CF425,Al-Rahba,270,1157 Aug 12 (night),FMA,7.20000000,Pr,35.72000000,31.35000000,3,Moderate,Unknown,Unknown,-1.00000000,Unknown,-1.00000000,NULL,NULL,NULL,NULL,NULL,NULL,NULL,198,N
1090,29A2A870-A12C-4826-9B20-2F48C9FC909C,Ararat,270,1157 Aug 12 (night),FMA,7.20000000,Pr,44.28000000,39.70000000,1,Felt,Unknown,Unknown,-1.00000000,Unknown,-1.00000000,NULL,NULL,NULL,NULL,NULL,NULL,NULL,198,N
1091,56C3EBE7-8350-4CA2-A9E0-6D2EAE64E858,Cyprus (A),270,1157 Aug 12 (night),FMA,7.20000000,Pr,33.10000000,34.98000000,1,Felt,Unknown,Unknown,-1.00000000,Unknown,-1.00000000,NULL,NULL,NULL,NULL,NULL,NULL,NULL,198,N
1092,912B3498-4EC2-46F8-9731-8444E6B28B0D,Hamma,131,1170 Jun 29 (0345),FM,7.30000000,Vr,36.75000000,35.13000000,5,Severe,Many casualties,Unknown,-1.00000000,Unknown,-1.00000000,NULL,NULL,NULL,NULL,NULL,NULL,"damage: Walls, Citadel",219,N
1093,6E2CEDE8-41A6-499F-A541-4F874BED5F05,Barin,131,1170 Jun 29 (0345),FM,7.30000000,Vr,36.41000000,34.93000000,4,Heavy,Unknown,Unknown,-1.00000000,Unknown,-1.00000000,NULL,NULL,NULL,NULL,NULL,NULL,damage: Citadel,219,N
1094,BC5FE482-045C-482F-9725-CEEF339EFBA3,Safitta Castle,131,1170 Jun 29 (0345),FM,7.30000000,Vr,36.11000000,34.81000000,5,Severe,Unknown,Unknown,-1.00000000,Unknown,-1.00000000,NULL,NULL,NULL,NULL,NULL,NULL,NULL,219,N
1095,D694D7B4-73B9-4964-9F87-8CE1C74BBC6D,Hish Al-Akrad,131,1170 Jun 29 (0345),FM,7.30000000,Vr,36.28000000,34.75000000,4,Heavy,Unknown,Unknown,-1.00000000,Unknown,-1.00000000,NULL,NULL,NULL,NULL,NULL,NULL,"damage: Citadel, Walls",219,N
1096,F47CDBDF-4B12-4C96-9DD9-8E6E6061970A,Homs,131,1170 Jun 29 (0345),FM,7.30000000,Vr,36.71000000,34.73000000,4,Heavy,Many casualties,Unknown,-1.00000000,Unknown,-1.00000000,NULL,NULL,NULL,NULL,NULL,NULL,"damage: Walls, Citadel",219,N
1097,AA04AB00-4907-49BD-870A-F3ED7F42197F,Arqa,131,1170 Jun 29 (0345),FM,7.30000000,Mr,36.03000000,34.51000000,3,Moderate,Unknown,Unknown,-1.00000000,Unknown,-1.00000000,NULL,NULL,NULL,NULL,NULL,NULL,damage: Castle,219,N
1098,8B0ECE77-755E-4497-BE34-6EA7DCB86A9C,Baalbeq,131,1170 Jun 29 (0345),FM,7.30000000,Hr,36.20000000,34.00000000,4,Heavy,"Few casualties

",Unknown,-1.00000000,Unknown,-1.00000000,NULL,NULL,NULL,NULL,NULL,NULL,"walls, Citadel",219,N
1099,2915160D-8131-437C-A44D-CC6988A5977D,Jabalah,131,1170 Jun 29 (0345),FM,7.30000000,Hr,35.92000000,35.35000000,3,Moderate,Unknown,Unknown,-1.00000000,Unknown,-1.00000000,NULL,NULL,NULL,NULL,NULL,NULL,NULL,219,N
1100,85B2C229-F775-44F1-B9E6-97C368BAF9AE,Baniyas [IL],131,1170 Jun 29 (0345),FM,7.30000000,Hr,35.61000000,33.24000000,3,Moderate,Unknown,Unknown,-1.00000000,Unknown,-1.00000000,NULL,NULL,NULL,NULL,NULL,NULL,NULL,219,N
1101,AE503169-6D09-4BAE-9548-29D447B9C3D2,Al-Marqab Citadel,131,1170 Jun 29 (0345),FM,7.30000000,Pr,35.93000000,35.14000000,4,Heavy,Unknown,Unknown,-1.00000000,Unknown,-1.00000000,NULL,NULL,NULL,NULL,NULL,NULL,NULL,219,N
1102,C8AC700E-1F60-45F7-9D1F-4F695EE1C87B,Tripoli,131,1170 Jun 29 (0345),FM,7.30000000,Hr,35.83000000,34.43000000,4,Heavy,Unknown,Unknown,-1.00000000,Unknown,-1.00000000,NULL,NULL,NULL,NULL,NULL,NULL,"damage: Castle, the Great church",219,N
1103,AE7837A5-B089-4B7F-BDCE-1F878798BFE0,Byblus,131,1170 Jun 29 (0345),FM,7.30000000,Mr,35.64000000,34.11000000,4,Heavy,Unknown,Unknown,-1.00000000,Unknown,-1.00000000,NULL,NULL,NULL,NULL,NULL,NULL,NULL,219,N
1104,11A1487E-27D7-4A7E-B810-B9BDB80B99B0,Damascus,131,1170 Jun 29 (0345),FM,7.30000000,Hr,36.29000000,33.51000000,3,Moderate,"Few casualties

",Unknown,-1.00000000,Unknown,-1.00000000,NULL,NULL,NULL,NULL,NULL,NULL,damage: the Great mosque,219,N
1105,6C37CC8B-7F51-4557-BA02-A7A23966EFD3,Aleppo,131,1170 Jun 29 (0345),FM,7.30000000,Hr,37.15000000,36.21000000,4,Heavy,Many casualties,Unknown,-1.00000000,Unknown,-1.00000000,NULL,NULL,NULL,NULL,NULL,NULL,damage: Citadel,219,N
1106,76510585-6EEF-483C-A8DB-4D1743D6C659,Harim,131,1170 Jun 29 (0345),FM,7.30000000,Pr,36.51000000,36.20000000,0,None,Unknown,Unknown,-1.00000000,Unknown,-1.00000000,NULL,NULL,NULL,NULL,NULL,NULL,NULL,219,N
1107,DA8E5967-B9B3-47EE-99BB-1B767B08C6E5,Antakya,131,1170 Jun 29 (0345),FM,7.30000000,Hr,36.16000000,36.20000000,4,Heavy,"Few casualties

",Unknown,-1.00000000,Unknown,-1.00000000,NULL,NULL,NULL,NULL,NULL,NULL,"damage: Cathedral Church of St. Peter, St. Comma Church",219,N
1108,252F6859-A330-41AD-9210-3FC8730D7E2A,Latakia,131,1170 Jun 29 (0345),FM,7.30000000,Pr,35.77000000,35.51000000,3,Moderate,Unknown,Unknown,-1.00000000,Unknown,-1.00000000,NULL,NULL,NULL,NULL,NULL,NULL,NULL,219,N
1109,9015283A-DFBE-4E90-BD3A-4C7BA9DE331C,Hunin Castle,131,1170 Jun 29 (0345),FM,7.30000000,Pr,35.56000000,33.23000000,3,Moderate,Unknown,Unknown,-1.00000000,Unknown,-1.00000000,NULL,NULL,NULL,NULL,NULL,NULL,NULL,219,N
1110,1EBBDB95-7238-4136-BC07-DD8639C73F05,Tyre,131,1170 Jun 29 (0345),FM,7.30000000,Pr,35.21000000,33.26000000,3,Moderate,Unknown,Unknown,-1.00000000,Unknown,-1.00000000,NULL,NULL,NULL,NULL,NULL,NULL,NULL,219,N
1111,93F14479-704C-4AEB-A37C-0FE08F683F24,Akko,131,1170 Jun 29 (0345),FM,7.30000000,Pr,35.07000000,32.92000000,3,Moderate,Unknown,Unknown,-1.00000000,Unknown,-1.00000000,NULL,NULL,NULL,NULL,NULL,NULL,damage: Castle,219,N
1112,EDE1A850-E561-4E8E-B451-DE3DADC58195,Nazareth,131,1170 Jun 29 (0345),FM,7.30000000,Hr,35.29000000,32.70000000,1,Felt,Unknown,Unknown,-1.00000000,Unknown,-1.00000000,NULL,NULL,NULL,NULL,NULL,NULL,NULL,219,N
1113,372EE9DF-BD1C-4FE4-8BAF-B7DEDDA3BCA8,Jerusalem,131,1170 Jun 29 (0345),FM,7.30000000,Hr,35.23371042,31.77430227,1,Felt,Unknown,Unknown,-1.00000000,Unknown,-1.00000000,NULL,NULL,NULL,NULL,NULL,NULL,NULL,219,N
1114,D690C6F4-161A-45DF-A9E8-B012AA5D5E39,Edessa,131,1170 Jun 29 (0345),FM,7.30000000,Hr,38.80000000,37.15000000,1,Felt,Unknown,Unknown,-1.00000000,Unknown,-1.00000000,NULL,NULL,NULL,NULL,NULL,NULL,NULL,219,N
1115,7428F4FD-0406-499E-BF9F-58F7E537B0A8,Nisibin,131,1170 Jun 29 (0345),FM,7.30000000,Mr,37.06000000,36.38000000,1,Felt,Unknown,Unknown,-1.00000000,Unknown,-1.00000000,NULL,NULL,NULL,NULL,NULL,NULL,NULL,219,N
1117,3F288565-FC76-43E9-82DA-5C8EAC9DA7D2,Qusayr [TR],131,1170 Jun 29 (0345),FM,7.30000000,Pr,36.18000000,36.05000000,3,Moderate,Unknown,Unknown,-1.00000000,Unknown,-1.00000000,NULL,NULL,NULL,NULL,NULL,NULL,damage: Castle,219,N
1118,245276D8-EAC6-4E11-81AB-3C25788ED627,Baghras,131,1170 Jun 29 (0345),FM,7.30000000,Pr,36.21000000,36.38000000,0,None,Unknown,Unknown,-1.00000000,Unknown,-1.00000000,NULL,NULL,NULL,NULL,NULL,NULL,NULL,219,N
1119,7848E097-78EB-45B4-857A-B21C46602F81,Samosata,131,1170 Jun 29 (0345),FM,7.30000000,Mr,38.46000000,37.57000000,3,Moderate,Unknown,Unknown,-1.00000000,Unknown,-1.00000000,NULL,NULL,NULL,NULL,NULL,NULL,NULL,219,N
1120,F87B3378-2168-4679-9111-4FE6C38C55C7,Mardin,131,1170 Jun 29 (0345),FM,7.30000000,Mr,40.73000000,37.31000000,1,Felt,Unknown,Unknown,-1.00000000,Unknown,-1.00000000,NULL,NULL,NULL,NULL,NULL,NULL,NULL,219,N
1121,8B940FC8-2F27-4374-B1DF-2C7AFB279C2D,Singar,131,1170 Jun 29 (0345),FM,7.30000000,Mr,41.86000000,36.31000000,1,Felt,Unknown,Unknown,-1.00000000,Unknown,-1.00000000,NULL,NULL,NULL,NULL,NULL,NULL,NULL,219,N
1122,D6BAE1C8-3025-41BF-A4DB-7EC9D83FA428,Mosul,131,1170 Jun 29 (0345),FM,7.30000000,Mr,43.13000000,36.34000000,1,Felt,Unknown,Unknown,-1.00000000,Unknown,-1.00000000,NULL,NULL,NULL,NULL,NULL,NULL,NULL,219,N
1123,AED6DE2D-113A-4E03-A89A-F37BEA9C7CD8,Safed,169,1546 Jan 14 (Afternoon),MA,6.50000000,Pr,35.48000000,32.96000000,3,Moderate,Unknown,Unknown,-1.00000000,Unknown,-1.00000000,NULL,NULL,NULL,NULL,NULL,NULL,NULL,276,C
1124,11A1487E-27D7-4A7E-B810-B9BDB80B99B0,Damascus,169,1546 Jan 14 (Afternoon),MA,6.50000000,Hr,36.29000000,33.51000000,1,Felt,Unknown,Unknown,-1.00000000,Unknown,-1.00000000,NULL,NULL,NULL,NULL,NULL,NULL,NULL,276,C
1125,22ECD9ED-EB41-4957-A438-E90C1F3A2211,Jaffa,169,1546 Jan 14 (Afternoon),MA,6.50000000,Pr,34.75000000,32.05000000,3,Moderate,"Few casualties

",Unknown,-1.00000000,Unknown,-1.00000000,NULL,NULL,NULL,NULL,NULL,NULL,NULL,276,C
1126,C601857B-C043-4546-85FC-41C8D3548F01,Nablus,169,1546 Jan 14 (Afternoon),MA,6.50000000,Mr,35.25000000,32.21000000,4,Heavy,Many casualties,Unknown,-1.00000000,Unknown,-1.00000000,NULL,NULL,NULL,NULL,NULL,NULL,NULL,276,C
1127,F77F71CF-12FB-4ED6-9A18-59E43AE21A7D,Maa'yan Elisha,169,1546 Jan 14 (Afternoon),MA,6.50000000,Hr,35.43000000,31.87000000,0,None,Unknown,Unknown,-1.00000000,Unknown,-1.00000000,NULL,NULL,NULL,NULL,NULL,NULL,NULL,276,C
1128,DFB96483-FF1B-420F-87E7-19E8073CEEE6,Jordan River (A),169,1546 Jan 14 (Afternoon),MA,6.50000000,Mr,35.53000000,31.82000000,0,None,Unknown,Unknown,-1.00000000,Unknown,-1.00000000,NULL,NULL,NULL,NULL,NULL,NULL,NULL,276,C
1129,C916E2D5-89EF-459F-BF93-707B85675979,Hebron,169,1546 Jan 14 (Afternoon),MA,6.50000000,Hr,35.09000000,31.51000000,3,Moderate,"Few casualties

",Unknown,-1.00000000,Unknown,-1.00000000,NULL,NULL,NULL,NULL,NULL,NULL,NULL,276,C
1130,E14D7DB9-9A00-4F0C-A710-1442E7F3317A,Gaza,169,1546 Jan 14 (Afternoon),MA,6.50000000,Pr,34.46000000,31.50000000,2,Light,Unknown,Unknown,-1.00000000,Unknown,-1.00000000,NULL,NULL,NULL,NULL,NULL,NULL,damage: madrassa of Qayitbay,276,C
1131,D2CC8734-4DB1-442B-8942-920C367191D9,Ramla,169,1546 Jan 14 (Afternoon),MA,6.50000000,Pr,34.87000000,31.92000000,3,Moderate,Unknown,Unknown,-1.00000000,Unknown,-1.00000000,NULL,NULL,NULL,NULL,NULL,NULL,NULL,276,C
1132,1A61D731-645C-42C3-B951-9C41A455A243,Karak,169,1546 Jan 14 (Afternoon),MA,6.50000000,Pr,35.70000000,31.17000000,1,Felt,Unknown,Unknown,-1.00000000,Unknown,-1.00000000,NULL,NULL,NULL,NULL,NULL,NULL,NULL,276,C
1133,9A6A9880-4FAD-471D-91C9-27E9D4205D05,A-Salt,169,1546 Jan 14 (Afternoon),MA,6.50000000,Pr,35.72000000,32.03000000,1,Felt,Unknown,Unknown,-1.00000000,Unknown,-1.00000000,NULL,NULL,NULL,NULL,NULL,NULL,NULL,276,C
1134,F5560F90-D551-4E58-B185-EC1E9AFADF5C,Bet-Lehem,169,1546 Jan 14 (Afternoon),MA,6.50000000,Hr,35.19000000,31.69000000,3,Moderate,Unknown,Unknown,-1.00000000,Unknown,-1.00000000,NULL,NULL,NULL,NULL,NULL,NULL,"damage: the Baslica, St. Jeronimous Church",276,C
1135,B3A0563E-B045-4B9B-B84D-896A9D05FA66,Bet-Jala,169,1546 Jan 14 (Afternoon),MA,6.50000000,Hr,35.17000000,31.71000000,3,Moderate,Unknown,Unknown,-1.00000000,Unknown,-1.00000000,NULL,NULL,NULL,NULL,NULL,NULL,NULL,276,C
1136,04E04832-D20B-45E0-9F76-D45E70D8EEAF,Batir,169,1546 Jan 14 (Afternoon),MA,6.50000000,Hr,35.13000000,31.72000000,3,Moderate,Unknown,Unknown,-1.00000000,Unknown,-1.00000000,NULL,NULL,NULL,NULL,NULL,NULL,NULL,276,C
1137,C4166415-0697-447A-B77C-2DBE634B82CB,Jericho,169,1546 Jan 14 (Afternoon),MA,6.50000000,Hr,35.46264709,31.86013890,3,Moderate,Unknown,Unknown,-1.00000000,Unknown,-1.00000000,NULL,NULL,NULL,NULL,NULL,NULL,damage: St. Helen Church,276,C
1138,EDE1A850-E561-4E8E-B451-DE3DADC58195,Nazareth,169,1546 Jan 14 (Afternoon),MA,6.50000000,Pr,35.29000000,32.70000000,2,Light,Unknown,Unknown,-1.00000000,Unknown,-1.00000000,NULL,NULL,NULL,NULL,NULL,NULL,NULL,276,C
1139,2C57D5EC-AA9C-4113-857E-B6DAD47D9171,Nabi-Musa,169,1546 Jan 14 (Afternoon),MA,6.50000000,Pr,35.43000000,31.78000000,3,Moderate,Unknown,Unknown,-1.00000000,Unknown,-1.00000000,NULL,NULL,NULL,NULL,NULL,NULL,NULL,276,C
1140,298E6A51-CC52-4806-9266-8CE38BA95E52,Tiberias,169,1546 Jan 14 (Afternoon),MA,6.50000000,Pr,35.54223594,32.78604531,3,Moderate,Unknown,Unknown,-1.00000000,Unknown,-1.00000000,NULL,NULL,NULL,NULL,NULL,NULL,NULL,276,C
1141,02B25711-C98F-40A9-BA20-8C2E767286B7,Gibeon,169,1546 Jan 14 (Afternoon),MA,6.50000000,Pr,35.17000000,31.84000000,4,Heavy,Unknown,Unknown,-1.00000000,Unknown,-1.00000000,NULL,NULL,NULL,NULL,NULL,NULL,NULL,276,C
1142,46F71A5F-CE4A-4866-B23B-1A2C311675B1,Bethany,169,1546 Jan 14 (Afternoon),MA,6.50000000,Hr,35.26000000,31.77000000,3,Moderate,Unknown,Unknown,-1.00000000,Unknown,-1.00000000,NULL,NULL,NULL,NULL,NULL,NULL,NULL,276,C
1143,6AD762C0-E90C-4B19-A5A6-7D670B927B92,St. John,169,1546 Jan 14 (Afternoon),MA,6.50000000,Hr,35.51000000,31.08000000,3,Moderate,Unknown,Unknown,-1.00000000,Unknown,-1.00000000,NULL,NULL,NULL,NULL,NULL,NULL,NULL,276,C
1144,6C37CC8B-7F51-4557-BA02-A7A23966EFD3,Aleppo,332,1759 Jun 10,S,4.50000000,Hr,37.15000000,36.21000000,1,Felt,Unknown,Unknown,-1.00000000,Unknown,-1.00000000,NULL,NULL,NULL,NULL,NULL,NULL,NULL,317,N
1145,CCF56C47-2311-4D11-8D8D-19055B9936F1,Metawali (A),186,1759 Oct 30 ( 03:45),F/S,6.50000000,Hr,35.47000000,33.10000000,0,None,Many casualties,Unknown,-1.00000000,Unknown,-1.00000000,NULL,NULL,NULL,NULL,NULL,NULL,NULL,318,C-N
1146,A06A8EC7-4E25-4104-897A-63847F69CD2E,Khirbet Qasiun (U),186,1759 Oct 30 ( 03:45),F/S,6.50000000,Hr,33.65082151,33.05128774,4,Heavy,Unknown,Unknown,-1.00000000,Unknown,-1.00000000,NULL,NULL,NULL,NULL,NULL,NULL,NULL,318,C-N
1147,40720880-8795-48DB-8AE9-0C574ACCDEE0,Bnot-Ya'akov Bridge,186,1759 Oct 30 ( 03:45),F/S,6.50000000,Hr,35.62826799,33.01043039,4,Heavy,Unknown,Unknown,-1.00000000,Unknown,-1.00000000,NULL,NULL,NULL,NULL,NULL,NULL,NULL,318,C-N
1148,11424452-0482-4452-902C-8F3C15BF6587,Nuaran (U),186,1759 Oct 30 ( 03:45),F/S,6.50000000,Hr,33.65082151,33.05128774,4,Heavy,Unknown,Unknown,-1.00000000,Unknown,-1.00000000,NULL,NULL,NULL,NULL,NULL,NULL,NULL,318,C-N
1149,3E56F5C4-3B6B-4900-B375-D3BB4D87087F,Kesrawan (A),186,1759 Oct 30 ( 03:45),F/S,6.50000000,Hr,35.64000000,33.93000000,1,Felt,Unknown,Unknown,-1.00000000,Unknown,-1.00000000,NULL,NULL,NULL,NULL,NULL,NULL,NULL,318,C-N
1150,D694D7B4-73B9-4964-9F87-8CE1C74BBC6D,Hish Al-Akrad,186,1759 Oct 30 ( 03:45),F/S,6.50000000,Hr,36.28000000,34.75000000,1,Felt,Unknown,Unknown,-1.00000000,Unknown,-1.00000000,NULL,NULL,NULL,NULL,NULL,NULL,NULL,318,C-N
1151,F47CDBDF-4B12-4C96-9DD9-8E6E6061970A,Homs,186,1759 Oct 30 ( 03:45),F/S,6.50000000,Hr,36.71000000,34.73000000,1,Felt,Unknown,Unknown,-1.00000000,Unknown,-1.00000000,NULL,NULL,NULL,NULL,NULL,NULL,NULL,318,C-N
1152,32CCC3A0-A7EE-46D7-92AA-6818C0DB8787,Caesarea,186,1759 Oct 30 ( 03:45),F/S,6.50000000,Hr,34.89000000,32.50000000,1,Felt,Unknown,Unknown,-1.00000000,Unknown,-1.00000000,NULL,NULL,NULL,NULL,NULL,NULL,NULL,318,C-N
1153,CCF56C47-2311-4D11-8D8D-19055B9936F1,Metawali (A),187,1759 Nov 25 ( 19:23),FMA,7.30000000,Vr,35.47000000,33.10000000,4,Heavy,Unknown,Unknown,-1.00000000,Unknown,-1.00000000,NULL,NULL,NULL,NULL,NULL,NULL,NULL,319,C-N
1154,5F8734FE-5229-4CB3-BFD5-E255F9D28A73,Hula,187,1759 Nov 25 ( 19:23),FMA,7.30000000,Vr,35.66000000,33.07000000,4,Heavy,Unknown,Unknown,-1.00000000,Unknown,-1.00000000,NULL,NULL,NULL,NULL,NULL,NULL,NULL,319,C-N
1155,68230EA9-2E67-42F8-89CF-FF33B5B21DE3,Sahra (U),187,1759 Nov 25 ( 19:23),FMA,7.30000000,Vr,33.65082151,33.05128774,4,Heavy,Unknown,Unknown,-1.00000000,Unknown,-1.00000000,NULL,NULL,NULL,NULL,NULL,NULL,NULL,319,C-N
1156,D1AB9A15-E13E-4C44-887C-BAD9F89AB515,Hermon Mt.,187,1759 Nov 25 ( 19:23),FMA,7.30000000,Hr,35.70000000,33.25000000,0,None,Unknown,Unknown,-1.00000000,Unknown,-1.00000000,NULL,NULL,NULL,NULL,NULL,NULL,NULL,319,C-N
1157,A4DEE2D3-6D32-4567-8091-CBC8AD5D24FF,Niha Mt. (U),187,1759 Nov 25 ( 19:23),FMA,7.30000000,Hr,33.65082151,33.05128774,0,None,Unknown,Unknown,-1.00000000,Unknown,-1.00000000,NULL,NULL,NULL,NULL,NULL,NULL,NULL,319,C-N
1158,2A192E6F-AC49-4536-B406-04B7794068D3,Barada,187,1759 Nov 25 ( 19:23),FMA,7.30000000,Vr,36.30000000,33.51000000,4,Heavy,Unknown,Unknown,-1.00000000,Unknown,-1.00000000,NULL,NULL,NULL,NULL,NULL,NULL,NULL,319,C-N
1160,CEC7A6FA-E745-44CC-ACCD-ADC82319E38F,Shilfatia (U),187,1759 Nov 25 ( 19:23),FMA,7.30000000,Hr,33.65082151,33.05128774,0,None,Unknown,Unknown,-1.00000000,Unknown,-1.00000000,NULL,NULL,NULL,NULL,NULL,NULL,NULL,319,C-N
1161,6E023ED7-DD2B-409F-882A-0D7A8DDC7EA5,Massar ash-Shuf (U),187,1759 Nov 25 ( 19:23),FMA,7.30000000,Hr,33.65082151,33.05128774,0,None,Unknown,Unknown,-1.00000000,Unknown,-1.00000000,NULL,NULL,NULL,NULL,NULL,NULL,NULL,319,C-N
1162,D5047D96-A062-4389-9577-C20174AB55DE,Gaziantep/Aintab,333,1760 Oct 13,MA,NULL,Mr,37.11000000,37.33000000,2,Light,Unknown,Unknown,-1.00000000,Unknown,-1.00000000,NULL,NULL,NULL,NULL,NULL,NULL,NULL,320,N
1163,DA8E5967-B9B3-47EE-99BB-1B767B08C6E5,Antakya,333,1760 Oct 13,MA,NULL,Mr,36.16000000,36.20000000,2,Light,Unknown,Unknown,-1.00000000,Unknown,-1.00000000,NULL,NULL,NULL,NULL,NULL,NULL,NULL,320,N
1164,8E326C44-F167-4063-A7FB-8B4014B01FB6,Shaizar,333,1760 Oct 13,MA,NULL,Mr,36.56000000,35.25000000,2,Light,Unknown,Unknown,-1.00000000,Unknown,-1.00000000,NULL,NULL,NULL,NULL,NULL,NULL,NULL,320,N
1165,6C37CC8B-7F51-4557-BA02-A7A23966EFD3,Aleppo,336,1765,C,NULL,Pr,37.15000000,36.21000000,1,Felt,Unknown,Unknown,-1.00000000,Unknown,-1.00000000,NULL,NULL,NULL,NULL,NULL,NULL,NULL,323,N
1166,6C37CC8B-7F51-4557-BA02-A7A23966EFD3,Aleppo,338,1778 May 5,S,4.50000000,Hr,37.15000000,36.21000000,1,Felt,Unknown,Unknown,-1.00000000,Unknown,-1.00000000,NULL,NULL,NULL,NULL,NULL,NULL,NULL,325,N
1167,6C37CC8B-7F51-4557-BA02-A7A23966EFD3,Aleppo,339,1779 Jun 8,FM,NULL,Hr,37.15000000,36.21000000,2,Light,Unknown,Unknown,-1.00000000,Unknown,-1.00000000,NULL,NULL,NULL,NULL,NULL,NULL,NULL,326,N
1168,C8AC700E-1F60-45F7-9D1F-4F695EE1C87B,Tripoli,340,1783 Jul 20,C,4.50000000,Hr,35.83000000,34.43000000,2,Light,Unknown,Unknown,-1.00000000,Unknown,-1.00000000,NULL,NULL,NULL,NULL,NULL,NULL,NULL,327,C-N
1169,C601857B-C043-4546-85FC-41C8D3548F01,Nablus,340,1783 Jul 20,C,4.50000000,Pr,35.25000000,32.21000000,0,None,Unknown,Unknown,-1.00000000,Unknown,-1.00000000,NULL,NULL,NULL,NULL,NULL,NULL,NULL,327,C-N
1170,6C37CC8B-7F51-4557-BA02-A7A23966EFD3,Aleppo,341,1783 Dec 14,S,NULL,Hr,37.15000000,36.21000000,2,Light,Unknown,Unknown,-1.00000000,Unknown,-1.00000000,NULL,NULL,NULL,NULL,NULL,NULL,NULL,328,N
1171,6C37CC8B-7F51-4557-BA02-A7A23966EFD3,Aleppo,228,1795 Dec (14:10),Unknown,NULL,Mr,37.15000000,36.21000000,2,Light,Unknown,Unknown,-1.00000000,Unknown,-1.00000000,NULL,NULL,NULL,NULL,NULL,NULL,NULL,330,N
1172,252F6859-A330-41AD-9210-3FC8730D7E2A,Latakia,188,1796 Apr 26 (09:05),MA,NULL,Hr,35.77000000,35.51000000,4,Heavy,Many casualties,Unknown,-1.00000000,Unknown,-1.00000000,NULL,NULL,NULL,NULL,NULL,NULL,"damage: the Fort, Tobaco stores, Customs house, the Khan. Groud breakage - doubthful",331,N
1173,2915160D-8131-437C-A44D-CC6988A5977D,Jabalah,188,1796 Apr 26 (09:05),MA,NULL,Hr,35.92000000,35.35000000,4,Heavy,Many casualties,Unknown,-1.00000000,Unknown,-1.00000000,NULL,NULL,NULL,NULL,NULL,NULL,damage: Ibrahim mosque,331,N
1174,AE503169-6D09-4BAE-9548-29D447B9C3D2,Al-Marqab Citadel,188,1796 Apr 26 (09:05),MA,NULL,Hr,35.93000000,35.14000000,3,Moderate,Unknown,Unknown,-1.00000000,Unknown,-1.00000000,NULL,NULL,NULL,NULL,NULL,NULL,NULL,331,N
1175,6C37CC8B-7F51-4557-BA02-A7A23966EFD3,Aleppo,188,1796 Apr 26 (09:05),MA,NULL,Hr,37.15000000,36.21000000,1,Felt,Unknown,Unknown,-1.00000000,Unknown,-1.00000000,NULL,NULL,NULL,NULL,NULL,NULL,NULL,331,N
1176,5472F125-084A-49EE-BE2A-AADB2C17C1C2,Sidon,188,1796 Apr 26 (09:05),MA,NULL,Hr,35.37000000,33.56000000,1,Felt,Unknown,Unknown,-1.00000000,Unknown,-1.00000000,NULL,NULL,NULL,NULL,NULL,NULL,NULL,331,N
1177,63D451C9-0EA6-40BF-9387-DACFF16863F6,Qadamus (U),188,1796 Apr 26 (09:05),MA,NULL,Mr,33.65082151,33.05128774,3,Moderate,Unknown,Unknown,-1.00000000,Unknown,-1.00000000,NULL,NULL,NULL,NULL,NULL,NULL,NULL,331,N
1178,CDC938B1-7C31-40C9-B3CC-8F98D6BA8895,Bucak,188,1796 Apr 26 (09:05),MA,NULL,Hr,30.59000000,37.45000000,0,None,Many casualties,Unknown,-1.00000000,Unknown,-1.00000000,NULL,NULL,NULL,NULL,NULL,NULL,NULL,331,N
1179,5518BC21-093F-4614-A140-CE976594F604,Nahr al-Kebir (U),188,1796 Apr 26 (09:05),MA,NULL,Hr,33.65082151,33.05128774,3,Moderate,Unknown,Unknown,-1.00000000,Unknown,-1.00000000,NULL,NULL,NULL,NULL,NULL,NULL,NULL,331,N
1180,6C37CC8B-7F51-4557-BA02-A7A23966EFD3,Aleppo,189,1802,S,NULL,Mr,37.15000000,36.21000000,2,Light,Unknown,Unknown,-1.00000000,Unknown,-1.00000000,NULL,NULL,NULL,NULL,NULL,NULL,NULL,333,N
1181,21E5701C-EE5B-4DDE-BECD-C5C9A614822E,Bekaa (A),189,1802,S,NULL,Pr,36.14000000,34.00000000,2,Light,Unknown,Unknown,-1.00000000,Unknown,-1.00000000,NULL,NULL,NULL,NULL,NULL,NULL,NULL,333,N
1182,5A686BB1-27BE-45D3-9FFC-A684F46DF552,Palestine (A),189,1802,S,NULL,Pr,35.20000000,32.39000000,1,Felt,Unknown,Unknown,-1.00000000,Unknown,-1.00000000,NULL,NULL,NULL,NULL,NULL,NULL,NULL,333,N
1183,252F6859-A330-41AD-9210-3FC8730D7E2A,Latakia,345,1811,C,4.50000000,Hr,35.77000000,35.51000000,1,Felt,Unknown,Unknown,-1.00000000,Unknown,-1.00000000,NULL,NULL,NULL,NULL,NULL,NULL,NULL,334,N
1184,5472F125-084A-49EE-BE2A-AADB2C17C1C2,Sidon,346,1815 Apr 1,S,4.50000000,Hr,35.37000000,33.56000000,1,Felt,Unknown,Unknown,-1.00000000,Unknown,-1.00000000,NULL,NULL,NULL,NULL,NULL,NULL,NULL,336,C-N
1185,372EE9DF-BD1C-4FE4-8BAF-B7DEDDA3BCA8,Jerusalem,347,1817 Mar,S,5.50000000,Hr,35.23371042,31.77430227,3,Moderate,Unknown,Unknown,-1.00000000,Unknown,-1.00000000,NULL,NULL,NULL,NULL,NULL,NULL,"damage: Holy Sepulchre, Greek and Armenean Churchs",337,C
1186,E0A3CC35-34B4-4C7A-99A6-8B69DCCFA2BF,Syria (A),348,1819 Feb,S,NULL,Mr,37.03000000,34.93000000,0,None,Unknown,Unknown,-1.00000000,Unknown,-1.00000000,NULL,NULL,NULL,NULL,NULL,NULL,NULL,338,C-N
1271,6C37CC8B-7F51-4557-BA02-A7A23966EFD3,Aleppo,361,1830 Dec 21,C,NULL,Hr,37.15000000,36.21000000,2,Light,Unknown,Unknown,-1.00000000,Unknown,-1.00000000,NULL,NULL,NULL,NULL,NULL,NULL,NULL,355,N
1272,6C37CC8B-7F51-4557-BA02-A7A23966EFD3,Aleppo,362,1831 Feb 22,S,NULL,Hr,37.15000000,36.21000000,3,Moderate,Unknown,Unknown,-1.00000000,Unknown,-1.00000000,NULL,NULL,NULL,NULL,NULL,NULL,NULL,356,N
1273,2F07D13B-1EE7-4055-8D88-B54C172A78D2,Beilan(U),362,1831 Feb 22,S,NULL,Mr,33.65082151,33.05128774,4,Heavy,Unknown,Unknown,-1.00000000,Unknown,-1.00000000,NULL,NULL,NULL,NULL,NULL,NULL,NULL,356,N
1274,C470B1FC-CE33-4D91-92A3-BA609DEA3F47,Unknown,362,1831 Feb 22,S,NULL,Mr,33.65082151,33.05128774,4,Heavy,Unknown,Unknown,-1.00000000,Unknown,-1.00000000,NULL,NULL,NULL,NULL,NULL,NULL,NULL,356,N
1275,11C8A008-BA78-4DAA-8C5F-C00EB3D8DAF0,Bara(U),362,1831 Feb 22,S,NULL,Mr,33.65082151,33.05128774,4,Heavy,Unknown,Unknown,-1.00000000,Unknown,-1.00000000,NULL,NULL,NULL,NULL,NULL,NULL,NULL,356,N
1276,C5C88F98-64D1-48C0-AC26-A6F3578C635D,Qal'at Mahalbe (U),362,1831 Feb 22,S,NULL,Mr,33.65082151,33.05128774,3,Moderate,Unknown,Unknown,-1.00000000,Unknown,-1.00000000,NULL,NULL,NULL,NULL,NULL,NULL,NULL,356,N
1278,1936F477-1750-4C18-8CE6-1528010A851E,Deir Mar-Saba,192,1834 May 26 (13:00),S,6.30000000,Vr,35.33000000,31.70000000,3,Moderate,No casualties,6-7,6.50000000,Unknown,-1.00000000,NULL,1,1,-,-,-,"The church of the monastery of Deir Mar Saba was cracked in two places and two of its belfries were thrown down (PEMS 1834, 176).",357,C
1280,22ECD9ED-EB41-4957-A438-E90C1F3A2211,Jaffa,192,1834 May 26 (13:00),S,6.30000000,Hr,34.75000000,32.05000000,2,Light,No casualties,6-7,6.50000000,Unknown,-1.00000000,NULL,NULL,NULL,NULL,NULL,NULL,"According to letters from eyewitnesses, the shocks caused some concern and damaged a few dilapidated free-standing walls, cracking house ceilings (Thompson 1835)",357,C
1281,A19DBC3E-C9C0-40E3-9379-21FE19F3A0BF,St. Catherine,367,1839,S,5.50000000,Mr,33.97000000,28.55000000,3,Moderate,Unknown,Unknown,-1.00000000,Unknown,-1.00000000,NULL,NULL,NULL,NULL,NULL,NULL,NULL,364,S
1282,6C37CC8B-7F51-4557-BA02-A7A23966EFD3,Aleppo,368,1841 May 1,C,4.50000000,Hr,37.15000000,36.21000000,0,None,Unknown,Unknown,-1.00000000,Unknown,-1.00000000,NULL,NULL,NULL,NULL,NULL,NULL,NULL,365,N
1283,372EE9DF-BD1C-4FE4-8BAF-B7DEDDA3BCA8,Jerusalem,369,1843 May 12,S,NULL,Pr,35.23371042,31.77430227,0,None,Unknown,Unknown,-1.00000000,Unknown,-1.00000000,NULL,NULL,NULL,NULL,NULL,NULL,NULL,366,C
1284,6C37CC8B-7F51-4557-BA02-A7A23966EFD3,Aleppo,370,1844 Sep 19,MA,NULL,Hr,37.15000000,36.21000000,2,Light,Unknown,Unknown,-1.00000000,Unknown,-1.00000000,NULL,NULL,NULL,NULL,NULL,NULL,NULL,367,N
1285,372EE9DF-BD1C-4FE4-8BAF-B7DEDDA3BCA8,Jerusalem,371,1844-1845,C,NULL,Pr,35.23371042,31.77430227,1,Felt,Unknown,Unknown,-1.00000000,Unknown,-1.00000000,NULL,NULL,NULL,NULL,NULL,NULL,NULL,368,C
1289,6C37CC8B-7F51-4557-BA02-A7A23966EFD3,Aleppo,375,1846 Dec 3,S,4.50000000,Hr,37.15000000,36.21000000,1,Felt,Unknown,Unknown,-1.00000000,Unknown,-1.00000000,NULL,NULL,NULL,NULL,NULL,NULL,NULL,373,N
1290,591F6197-B17E-4552-965F-43A061F36404,Dead Sea East (A),376,1848 Apr 26,S,4.50000000,Pr,35.57000000,31.62000000,0,None,Unknown,Unknown,-1.00000000,Unknown,-1.00000000,NULL,NULL,NULL,NULL,NULL,NULL,NULL,374,C
1291,D10B0336-2D82-4E78-A1B2-A300A02903E7,Beirut,377,1849 Dec 5,S,NULL,Hr,35.48000000,33.89000000,2,Light,Unknown,Unknown,-1.00000000,Unknown,-1.00000000,NULL,NULL,NULL,NULL,NULL,NULL,NULL,375,C-N
1294,8E326C44-F167-4063-A7FB-8B4014B01FB6,Shaizar,380,1852 Oct 16,C,4.50000000,Hr,36.56000000,35.25000000,1,Felt,Unknown,Unknown,-1.00000000,Unknown,-1.00000000,NULL,NULL,NULL,NULL,NULL,NULL,NULL,378,N
1295,591F6197-B17E-4552-965F-43A061F36404,Dead Sea East (A),383,1854 Nov 3,S,4.50000000,Pr,35.57000000,31.62000000,1,Felt,Unknown,Unknown,-1.00000000,Unknown,-1.00000000,NULL,NULL,NULL,NULL,NULL,NULL,at Ghor al-Dirrah,381,C
1296,372EE9DF-BD1C-4FE4-8BAF-B7DEDDA3BCA8,Jerusalem,383,1854 Nov 3,S,4.50000000,Pr,35.23371042,31.77430227,1,Felt,Unknown,Unknown,-1.00000000,Unknown,-1.00000000,NULL,NULL,NULL,NULL,NULL,NULL,NULL,381,C
1297,D10B0336-2D82-4E78-A1B2-A300A02903E7,Beirut,392,1855 Jul 10,S,4.50000000,Mr,35.48000000,33.89000000,1,Felt,Unknown,Unknown,-1.00000000,Unknown,-1.00000000,NULL,NULL,NULL,NULL,NULL,NULL,NULL,390,C-N
1298,E9D1E8BA-3D12-4ED2-ACF4-69D4C91C36C9,Ein-Hamdeh,392,1855 Jul 10,S,4.50000000,Mr,35.41000000,33.54000000,1,Felt,Unknown,Unknown,-1.00000000,Unknown,-1.00000000,NULL,NULL,NULL,NULL,NULL,NULL,NULL,390,C-N
1300,6C37CC8B-7F51-4557-BA02-A7A23966EFD3,Aleppo,397,1857 Mar 6,S,4.50000000,Mr,37.15000000,36.21000000,0,None,Unknown,Unknown,-1.00000000,Unknown,-1.00000000,NULL,NULL,NULL,NULL,NULL,NULL,NULL,397,N
1301,372EE9DF-BD1C-4FE4-8BAF-B7DEDDA3BCA8,Jerusalem,399,1857 Sep 21,S,4.50000000,Pr,35.23371042,31.77430227,1,Felt,Unknown,Unknown,-1.00000000,Unknown,-1.00000000,NULL,NULL,NULL,NULL,NULL,NULL,NULL,399,C
1302,D10B0336-2D82-4E78-A1B2-A300A02903E7,Beirut,403,1859 Jan 28,S,NULL,Mr,35.48000000,33.89000000,2,Light,Unknown,Unknown,-1.00000000,Unknown,-1.00000000,NULL,NULL,NULL,NULL,NULL,NULL,NULL,403,C-N
1303,372EE9DF-BD1C-4FE4-8BAF-B7DEDDA3BCA8,Jerusalem,196,1859 Oct 24 (05:15),S,5.50000000,Hr,35.23371042,31.77430227,2,Light,Unknown,Unknown,-1.00000000,Unknown,-1.00000000,NULL,NULL,NULL,NULL,NULL,NULL,NULL,406,C
1304,372EE9DF-BD1C-4FE4-8BAF-B7DEDDA3BCA8,Jerusalem,408,1863 Sep 24 (20:15),S,4.50000000,Hr,35.23371042,31.77430227,1,Felt,Unknown,Unknown,-1.00000000,Unknown,-1.00000000,NULL,NULL,NULL,NULL,NULL,NULL,NULL,413,C
1305,372EE9DF-BD1C-4FE4-8BAF-B7DEDDA3BCA8,Jerusalem,409,1864 Feb 19 (midnight),S,4.50000000,Hr,35.23371042,31.77430227,1,Felt,Unknown,Unknown,-1.00000000,Unknown,-1.00000000,NULL,NULL,NULL,NULL,NULL,NULL,NULL,414,C
1306,372EE9DF-BD1C-4FE4-8BAF-B7DEDDA3BCA8,Jerusalem,410,1864 Mar 24 (02:30),S,4.50000000,Hr,35.23371042,31.77430227,1,Felt,Unknown,Unknown,-1.00000000,Unknown,-1.00000000,NULL,NULL,NULL,NULL,NULL,NULL,NULL,415,C
1307,6C37CC8B-7F51-4557-BA02-A7A23966EFD3,Aleppo,411,1864 Aug 15,S,NULL,Hr,37.15000000,36.21000000,1,Felt,Unknown,Unknown,-1.00000000,Unknown,-1.00000000,NULL,NULL,NULL,NULL,NULL,NULL,NULL,416,N
1308,11A1487E-27D7-4A7E-B810-B9BDB80B99B0,Damascus,412,1867 Apr 14,S,NULL,Mr,36.29000000,33.51000000,0,None,Unknown,Unknown,-1.00000000,Unknown,-1.00000000,NULL,NULL,NULL,NULL,NULL,NULL,NULL,419,C-N
1309,372EE9DF-BD1C-4FE4-8BAF-B7DEDDA3BCA8,Jerusalem,413,1868 Jan 24 (15:50),S,4.50000000,Hr,35.23371042,31.77430227,1,Felt,Unknown,Unknown,-1.00000000,Unknown,-1.00000000,NULL,NULL,NULL,NULL,NULL,NULL,NULL,420,C
1310,6C37CC8B-7F51-4557-BA02-A7A23966EFD3,Aleppo,415,1868 Apr 16,MA,NULL,Hr,37.15000000,36.21000000,1,Felt,Unknown,Unknown,-1.00000000,Unknown,-1.00000000,NULL,NULL,NULL,NULL,NULL,NULL,NULL,422,N
1311,372EE9DF-BD1C-4FE4-8BAF-B7DEDDA3BCA8,Jerusalem,416,1868 Oct 7 (19:30),S,4.50000000,Hr,35.23371042,31.77430227,1,Felt,Unknown,Unknown,-1.00000000,Unknown,-1.00000000,NULL,NULL,NULL,NULL,NULL,NULL,NULL,423,C
1312,6C37CC8B-7F51-4557-BA02-A7A23966EFD3,Aleppo,417,1870 Jan 2,S,4.50000000,Mr,37.15000000,36.21000000,0,None,Unknown,Unknown,-1.00000000,Unknown,-1.00000000,NULL,NULL,NULL,NULL,NULL,NULL,NULL,424,N
1313,DA8E5967-B9B3-47EE-99BB-1B767B08C6E5,Antakya,459,1873 Feb 9,S,4.50000000,Hr,36.16000000,36.20000000,1,Felt,Unknown,Unknown,-1.00000000,Unknown,-1.00000000,NULL,NULL,NULL,NULL,NULL,NULL,NULL,427,N
1314,1EBBDB95-7238-4136-BC07-DD8639C73F05,Tyre,201,1873 Feb 14,S,4.50000000,Mr,35.21000000,33.26000000,1,Felt,Unknown,Unknown,-1.00000000,Unknown,-1.00000000,NULL,NULL,NULL,NULL,NULL,NULL,NULL,428,C
1315,93F14479-704C-4AEB-A37C-0FE08F683F24,Akko,201,1873 Feb 14,S,4.50000000,Mr,35.07000000,32.92000000,1,Felt,Unknown,Unknown,-1.00000000,Unknown,-1.00000000,NULL,NULL,NULL,NULL,NULL,NULL,NULL,428,C
1316,372EE9DF-BD1C-4FE4-8BAF-B7DEDDA3BCA8,Jerusalem,201,1873 Feb 14,S,4.50000000,Pr,35.23371042,31.77430227,1,Felt,Unknown,Unknown,-1.00000000,Unknown,-1.00000000,NULL,NULL,NULL,NULL,NULL,NULL,NULL,428,C
1317,D10B0336-2D82-4E78-A1B2-A300A02903E7,Beirut,201,1873 Feb 14,S,4.50000000,Mr,35.48000000,33.89000000,1,Felt,Unknown,Unknown,-1.00000000,Unknown,-1.00000000,NULL,NULL,NULL,NULL,NULL,NULL,NULL,428,C
1318,372EE9DF-BD1C-4FE4-8BAF-B7DEDDA3BCA8,Jerusalem,419,1873 Jun 29 (02:30),S,4.50000000,Hr,35.23371042,31.77430227,1,Felt,Unknown,Unknown,-1.00000000,Unknown,-1.00000000,NULL,NULL,NULL,NULL,NULL,NULL,NULL,429,C
1319,22ECD9ED-EB41-4957-A438-E90C1F3A2211,Jaffa,419,1873 Jun 29 (02:30),S,4.50000000,Hr,34.75000000,32.05000000,1,Felt,Unknown,Unknown,-1.00000000,Unknown,-1.00000000,NULL,NULL,NULL,NULL,NULL,NULL,NULL,429,C
1320,372EE9DF-BD1C-4FE4-8BAF-B7DEDDA3BCA8,Jerusalem,202,1874 Mar 03 (01:40),S,NULL,Hr,35.23371042,31.77430227,1,Felt,Unknown,Unknown,-1.00000000,Unknown,-1.00000000,NULL,NULL,NULL,NULL,NULL,NULL,NULL,431,C
1322,DA8E5967-B9B3-47EE-99BB-1B767B08C6E5,Antakya,421,1875 Aug 21,S,NULL,Hr,36.16000000,36.20000000,2,Light,Unknown,Unknown,-1.00000000,Unknown,-1.00000000,NULL,NULL,NULL,NULL,NULL,NULL,NULL,433,N
1323,80E454E5-8B1D-4D54-9DA7-AF421757C262,Alexandreta,421,1875 Aug 21,S,NULL,Hr,36.17000000,36.58000000,1,Felt,Unknown,Unknown,-1.00000000,Unknown,-1.00000000,NULL,NULL,NULL,NULL,NULL,NULL,NULL,433,N
1324,DA8E5967-B9B3-47EE-99BB-1B767B08C6E5,Antakya,422,1875 Nov 9,C,NULL,Hr,36.16000000,36.20000000,1,Felt,Unknown,Unknown,-1.00000000,Unknown,-1.00000000,NULL,NULL,NULL,NULL,NULL,NULL,NULL,434,N
1325,EDE1A850-E561-4E8E-B451-DE3DADC58195,Nazareth,423,1876 Nov 21 (01:00),S,4.50000000,Pr,35.29000000,32.70000000,1,Felt,Unknown,Unknown,-1.00000000,Unknown,-1.00000000,NULL,NULL,NULL,NULL,NULL,NULL,NULL,435,C
1326,372EE9DF-BD1C-4FE4-8BAF-B7DEDDA3BCA8,Jerusalem,424,1877 Feb 15 (07:15),S,4.50000000,Hr,35.23371042,31.77430227,1,Felt,Unknown,Unknown,-1.00000000,Unknown,-1.00000000,NULL,NULL,NULL,NULL,NULL,NULL,NULL,436,C
1327,372EE9DF-BD1C-4FE4-8BAF-B7DEDDA3BCA8,Jerusalem,425,1877 Mar 14 (06:15),S,4.50000000,Hr,35.23371042,31.77430227,1,Felt,Unknown,Unknown,-1.00000000,Unknown,-1.00000000,NULL,NULL,NULL,NULL,NULL,NULL,NULL,437,C
1328,6C37CC8B-7F51-4557-BA02-A7A23966EFD3,Aleppo,426,1877 Nov 15,S,4.50000000,Mr,37.15000000,36.21000000,0,None,Unknown,Unknown,-1.00000000,Unknown,-1.00000000,NULL,NULL,NULL,NULL,NULL,NULL,NULL,438,N
1329,4DB98FB7-2AD2-4043-A737-B9E71D391CAD,Haifa,427,1879 May 19 (06:00),S,4.50000000,Hr,35.00000000,32.82000000,1,Felt,Unknown,Unknown,-1.00000000,Unknown,-1.00000000,NULL,NULL,NULL,NULL,NULL,NULL,NULL,439,C
1330,372EE9DF-BD1C-4FE4-8BAF-B7DEDDA3BCA8,Jerusalem,203,1879 Dec 31 (09:00),S,4.50000000,Hr,35.23371042,31.77430227,1,Felt,Unknown,Unknown,-1.00000000,Unknown,-1.00000000,NULL,NULL,NULL,NULL,NULL,NULL,NULL,441,C
1331,6C37CC8B-7F51-4557-BA02-A7A23966EFD3,Aleppo,430,1884 Jun 5,S,NULL,Hr,37.15000000,36.21000000,1,Felt,Unknown,Unknown,-1.00000000,Unknown,-1.00000000,NULL,NULL,NULL,NULL,NULL,NULL,NULL,443,N
1332,372EE9DF-BD1C-4FE4-8BAF-B7DEDDA3BCA8,Jerusalem,431,1885 Mar 13 (11:00),S,4.50000000,Pr,35.23371042,31.77430227,1,Felt,Unknown,Unknown,-1.00000000,Unknown,-1.00000000,NULL,NULL,NULL,NULL,NULL,NULL,NULL,444,C
1333,AED6DE2D-113A-4E03-A89A-F37BEA9C7CD8,Safed,432,1889 Aug 23 (19:00),S,4.50000000,Mr,35.48000000,32.96000000,1,Felt,Unknown,Unknown,-1.00000000,Unknown,-1.00000000,NULL,NULL,NULL,NULL,NULL,NULL,NULL,445,C
1334,372EE9DF-BD1C-4FE4-8BAF-B7DEDDA3BCA8,Jerusalem,433,1889 Dec 11 (00:25),S,4.50000000,Mr,35.23371042,31.77430227,1,Felt,Unknown,Unknown,-1.00000000,Unknown,-1.00000000,NULL,NULL,NULL,NULL,NULL,NULL,NULL,446,C
1335,DA8E5967-B9B3-47EE-99BB-1B767B08C6E5,Antakya,435,1893 Feb,S,4.50000000,Mr,36.16000000,36.20000000,1,Felt,Unknown,Unknown,-1.00000000,Unknown,-1.00000000,NULL,NULL,NULL,NULL,NULL,NULL,NULL,448,N
1336,6C37CC8B-7F51-4557-BA02-A7A23966EFD3,Aleppo,436,1893 Mar 4,S,4.50000000,Mr,37.15000000,36.21000000,1,Felt,Unknown,Unknown,-1.00000000,Unknown,-1.00000000,NULL,NULL,NULL,NULL,NULL,NULL,NULL,449,N
1337,252F6859-A330-41AD-9210-3FC8730D7E2A,Latakia,436,1893 Mar 4,S,4.50000000,Mr,35.77000000,35.51000000,1,Felt,Unknown,Unknown,-1.00000000,Unknown,-1.00000000,NULL,NULL,NULL,NULL,NULL,NULL,NULL,449,N
1338,6C37CC8B-7F51-4557-BA02-A7A23966EFD3,Aleppo,439,1894 Feb 13,S,4.50000000,Mr,37.15000000,36.21000000,1,Felt,Unknown,Unknown,-1.00000000,Unknown,-1.00000000,NULL,NULL,NULL,NULL,NULL,NULL,NULL,452,N
1339,4DB98FB7-2AD2-4043-A737-B9E71D391CAD,Haifa,205,1898 Mar 19,S,4.50000000,Mr,35.00000000,32.82000000,1,Felt,Unknown,Unknown,-1.00000000,Unknown,-1.00000000,NULL,NULL,NULL,NULL,NULL,NULL,NULL,457,C
1340,D10B0336-2D82-4E78-A1B2-A300A02903E7,Beirut,245,1898 Apr 13,S,4.50000000,Pr,35.48000000,33.89000000,1,Felt,Unknown,Unknown,-1.00000000,Unknown,-1.00000000,NULL,NULL,NULL,NULL,NULL,NULL,NULL,458,C-N
1341,D10B0336-2D82-4E78-A1B2-A300A02903E7,Beirut,244,1899 Jan 25,C,NULL,Hr,35.48000000,33.89000000,1,Felt,Unknown,Unknown,-1.00000000,Unknown,-1.00000000,NULL,NULL,NULL,NULL,NULL,NULL,NULL,460,C-N
1342,5472F125-084A-49EE-BE2A-AADB2C17C1C2,Sidon,244,1899 Jan 25,C,NULL,Hr,35.37000000,33.56000000,1,Felt,Unknown,Unknown,-1.00000000,Unknown,-1.00000000,NULL,NULL,NULL,NULL,NULL,NULL,NULL,460,C-N
1343,AED6DE2D-113A-4E03-A89A-F37BEA9C7CD8,Safed,206,1900 Jan 5,S,NULL,Mr,35.48000000,32.96000000,1,Felt,No casualties,4-5,4.50000000,Unknown,-1.00000000,NULL,NULL,NULL,NULL,NULL,NULL,"Amiran et al (1994): 00:40: 'sharp shock', rocking movement east and west, 'increasing in intensity for 10-15 seconds and then ceasing suddenly'.",468,C
1344,298E6A51-CC52-4806-9266-8CE38BA95E52,Tiberias,206,1900 Jan 5,S,NULL,Mr,35.54223594,32.78604531,1,Felt,No casualties,4-5,4.50000000,Unknown,-1.00000000,NULL,NULL,NULL,NULL,NULL,NULL,"Amiran et al (1994): about midnight, severe shock, lasting 5-10 seconds, no damage. Many people spent the night in the open at Safed and Tiberias",468,C
1345,EDE1A850-E561-4E8E-B451-DE3DADC58195,Nazareth,206,1900 Jan 5,S,NULL,Mr,35.29000000,32.70000000,1,Felt,No casualties,5,5.00000000,Unknown,-1.00000000,NULL,NULL,NULL,NULL,NULL,NULL,Amiran et al (1994): moderate,468,C
1346,4DB98FB7-2AD2-4043-A737-B9E71D391CAD,Haifa,206,1900 Jan 5,S,NULL,Mr,35.00000000,32.82000000,1,Felt,No casualties,5,5.00000000,Unknown,-1.00000000,NULL,NULL,NULL,NULL,NULL,NULL,"Amiran et al (1994): seconds, direction west to east",468,C
1347,5A4A3145-3D99-4B45-A57E-67F52635E617,Carmel Mt.,206,1900 Jan 5,S,NULL,Mr,35.03000000,32.75000000,1,Felt,No casualties,5,5.00000000,Unknown,-1.00000000,NULL,NULL,NULL,NULL,NULL,NULL,"Amiran et al (1994): seconds, direction south to north",468,C
1348,372EE9DF-BD1C-4FE4-8BAF-B7DEDDA3BCA8,Jerusalem,206,1900 Jan 5,S,NULL,Mr,35.23371042,31.77430227,1,Felt,No casualties,4-5,4.50000000,Unknown,-1.00000000,NULL,NULL,NULL,NULL,NULL,NULL,Amiran et al (1994): slight shock,468,C
1349,C916E2D5-89EF-459F-BF93-707B85675979,Hebron,206,1900 Jan 5,S,NULL,Mr,35.09000000,31.51000000,1,Felt,No casualties,5,5.00000000,Unknown,-1.00000000,NULL,NULL,NULL,NULL,NULL,NULL,Amiran et al (1994): slight shock,468,C
1350,372EE9DF-BD1C-4FE4-8BAF-B7DEDDA3BCA8,Jerusalem,207,1903 Mar 29 (22:30),S,5.60000000,Mr,35.23371042,31.77430227,1,Felt,No casualties,4-5,4.50000000,Unknown,-1.00000000,NULL,NULL,NULL,NULL,NULL,NULL,"Amiran et al (1994): foreshock 21:00-21:30, MMS III. Three main shocks, 23:05, direction north to south. Mount of Olives: MMS VII. Aftershock 03:00, MMS III.",469,C
1351,C916E2D5-89EF-459F-BF93-707B85675979,Hebron,207,1903 Mar 29 (22:30),S,5.60000000,Mr,35.09000000,31.51000000,1,Felt,No casualties,4-5,4.50000000,Unknown,-1.00000000,NULL,NULL,NULL,NULL,NULL,NULL,"Amiran et al (1994): 22 hours, MMS IV (or VII).",469,C
1352,22ECD9ED-EB41-4957-A438-E90C1F3A2211,Jaffa,207,1903 Mar 29 (22:30),S,5.60000000,Mr,34.75000000,32.05000000,1,Felt,No casualties,4-5,4.50000000,Unknown,-1.00000000,NULL,NULL,NULL,NULL,NULL,NULL,"Amiran et al (1994): 22:30-23:00, MMS VII, three horizontal shocks, direction north-west to south-east.",469,C
1353,E14D7DB9-9A00-4F0C-A710-1442E7F3317A,Gaza,207,1903 Mar 29 (22:30),S,5.60000000,Mr,34.46000000,31.50000000,1,Felt,No casualties,4-5,4.50000000,Unknown,-1.00000000,NULL,NULL,NULL,NULL,NULL,NULL,Amiran et al (1994): 22:45: three shocks within 6 seconds.,469,C
1354,4DB98FB7-2AD2-4043-A737-B9E71D391CAD,Haifa,207,1903 Mar 29 (22:30),S,5.60000000,Mr,35.00000000,32.82000000,1,Felt,No casualties,5,5.00000000,Unknown,-1.00000000,NULL,NULL,NULL,NULL,NULL,NULL,Amiran et al (1994): 23:15: MMS V.,469,C
1355,5A4A3145-3D99-4B45-A57E-67F52635E617,Carmel Mt.,207,1903 Mar 29 (22:30),S,5.60000000,Mr,35.03000000,32.75000000,1,Felt,No casualties,5,5.00000000,Unknown,-1.00000000,NULL,NULL,NULL,NULL,NULL,NULL,Amiran et al (1994): 23:15: MMS V.,469,C
1356,11A1487E-27D7-4A7E-B810-B9BDB80B99B0,Damascus,207,1903 Mar 29 (22:30),S,5.60000000,Mr,36.29000000,33.51000000,2,Light,No casualties,6-7,6.50000000,Unknown,-1.00000000,NULL,NULL,NULL,NULL,NULL,NULL,Amiran et al (1994): MMS VII.,469,C
1357,D10B0336-2D82-4E78-A1B2-A300A02903E7,Beirut,207,1903 Mar 29 (22:30),S,5.60000000,Mr,35.48000000,33.89000000,2,Light,No casualties,6-7,6.50000000,Unknown,-1.00000000,NULL,NULL,NULL,NULL,NULL,NULL,Amiran et al (1994): MMS VII.,469,C
1358,AED6DE2D-113A-4E03-A89A-F37BEA9C7CD8,Safed,207,1903 Mar 29 (22:30),S,5.60000000,Mr,35.48000000,32.96000000,1,Felt,No casualties,5,5.00000000,Unknown,-1.00000000,NULL,NULL,NULL,NULL,NULL,NULL,Amiran et al (1994): MMS VII.,469,C
1359,298E6A51-CC52-4806-9266-8CE38BA95E52,Tiberias,207,1903 Mar 29 (22:30),S,5.60000000,Mr,35.54223594,32.78604531,1,Felt,No casualties,5-6,5.50000000,Unknown,-1.00000000,NULL,NULL,NULL,NULL,NULL,NULL,Amiran et al (1994): MMS VII.,469,C
1360,EDE1A850-E561-4E8E-B451-DE3DADC58195,Nazareth,207,1903 Mar 29 (22:30),S,5.60000000,Mr,35.29000000,32.70000000,1,Felt,No casualties,5,5.00000000,Unknown,-1.00000000,NULL,NULL,NULL,NULL,NULL,NULL,Amiran et al (1994): MMS VI - VII.,469,C
1361,C601857B-C043-4546-85FC-41C8D3548F01,Nablus,207,1903 Mar 29 (22:30),S,5.60000000,Mr,35.25000000,32.21000000,1,Felt,No casualties,5-6,5.50000000,Unknown,-1.00000000,NULL,NULL,NULL,NULL,NULL,NULL,Amiran et al (1994): MMS VII.,469,C
1362,F5560F90-D551-4E58-B185-EC1E9AFADF5C,Bet-Lehem,207,1903 Mar 29 (22:30),S,5.60000000,Mr,35.19000000,31.69000000,1,Felt,No casualties,5,5.00000000,Unknown,-1.00000000,NULL,NULL,NULL,NULL,NULL,NULL,Amiran et al (1994): MMS VII.,469,C
1363,C4166415-0697-447A-B77C-2DBE634B82CB,Jericho,207,1903 Mar 29 (22:30),S,5.60000000,Mr,35.46264709,31.86013890,1,Felt,No casualties,5,5.00000000,Unknown,-1.00000000,NULL,NULL,NULL,NULL,NULL,NULL,Amiran et al (1994): MMS VII.,469,C
1364,3F919947-ACE1-459C-8C18-13785EB4B2FF,Petah Tikva,207,1903 Mar 29 (22:30),S,5.60000000,Mr,34.90000000,32.09000000,1,Felt,No casualties,4-5,4.50000000,Unknown,-1.00000000,NULL,NULL,NULL,NULL,NULL,NULL,Amiran et al (1994): MMS VII.,469,C
1365,9DC0DC4F-ECF2-4D62-9C11-4F20752F029A,Tel Ta'anach,207,1903 Mar 29 (22:30),S,5.60000000,Mr,35.26000000,32.55000000,1,Felt,No casualties,4-5,4.50000000,Unknown,-1.00000000,NULL,NULL,NULL,NULL,NULL,NULL,Amiran et al (1994),469,C
1367,F5E43597-F790-4B2B-83D1-E9A90C6E7B3E,Sarona,207,1903 Mar 29 (22:30),S,5.60000000,Mr,34.78000000,32.06000000,1,Felt,No casualties,5,5.00000000,Unknown,-1.00000000,NULL,NULL,NULL,NULL,NULL,NULL,Amiran et al (1994): 22:30,469,C
1368,F8911BEE-96A6-4BC0-8A69-2A6214BCE907,Yahudiah,207,1903 Mar 29 (22:30),S,5.60000000,Mr,35.66000000,32.92000000,1,Felt,No casualties,5-6,5.50000000,Unknown,-1.00000000,NULL,NULL,NULL,NULL,NULL,NULL,Amiran et al (1994): MMS VII.,469,C
1369,9D958543-9648-4C31-A860-CB25FE6F91E3,Rishon le-Zion,207,1903 Mar 29 (22:30),S,5.60000000,Mr,34.85000000,32.02000000,1,Felt,No casualties,4-5,4.50000000,Unknown,-1.00000000,NULL,NULL,NULL,NULL,NULL,NULL,Amiran et al (1994): MMS VII.,469,C
1370,0E4E2795-2222-44F8-8D36-685E4B43B436,Latrun,207,1903 Mar 29 (22:30),S,5.60000000,Mr,34.97000000,31.83000000,1,Felt,No casualties,5-6,5.50000000,Unknown,-1.00000000,NULL,NULL,NULL,NULL,NULL,NULL,Amiran et al (1994): MMS VII.,469,C
1371,372EE9DF-BD1C-4FE4-8BAF-B7DEDDA3BCA8,Jerusalem,488,1903 Dec 19 (00:20-00:44?),C,NULL,Mr,35.23371042,31.77430227,1,Felt,No casualties,5,5.00000000,Unknown,-1.00000000,NULL,NULL,NULL,NULL,NULL,NULL,Amiran et al (1994),470,C
1372,22ECD9ED-EB41-4957-A438-E90C1F3A2211,Jaffa,488,1903 Dec 19 (00:20-00:44?),C,NULL,Mr,34.75000000,32.05000000,1,Felt,No casualties,4-5,4.50000000,Unknown,-1.00000000,NULL,NULL,NULL,NULL,NULL,NULL,Amiran et al (1994),470,C
1373,C916E2D5-89EF-459F-BF93-707B85675979,Hebron,488,1903 Dec 19 (00:20-00:44?),C,NULL,Mr,35.09000000,31.51000000,1,Felt,No casualties,5,5.00000000,Unknown,-1.00000000,NULL,NULL,NULL,NULL,NULL,NULL,Amiran et al (1994),470,C
1374,C916E2D5-89EF-459F-BF93-707B85675979,Hebron,489,1907 Feb 1 (01:00),S,NULL,Mr,35.09000000,31.51000000,1,Felt,No casualties,5,5.00000000,Unknown,-1.00000000,NULL,NULL,NULL,NULL,NULL,NULL,Amiran et al (1994),471,C
1375,D8E02F13-BB7C-4EF2-8427-79CFC7B613BB,Tabgha,490,1914 Jun 24 (16:40),S,NULL,Pr,35.53000000,32.87000000,1,Felt,No casualties,5,5.00000000,Unknown,-1.00000000,NULL,NULL,NULL,NULL,NULL,NULL,Amiran et al (1994),477,C
1376,E0A3CC35-34B4-4C7A-99A6-8B69DCCFA2BF,Syria (A),209,1918 Sep 29 (12:07),S,6.40000000,Hr,37.03000000,34.93000000,0,None,No casualties,2-3,2.50000000,Unknown,-1.00000000,NULL,NULL,NULL,NULL,NULL,NULL,Amiran et al (1994); Ambraseys and Adams (1993),478,C-N
1377,4DB98FB7-2AD2-4043-A737-B9E71D391CAD,Haifa,209,1918 Sep 29 (12:07),S,6.40000000,Mr,35.00000000,32.82000000,1,Felt,No casualties,5,5.00000000,Unknown,-1.00000000,NULL,NULL,NULL,NULL,NULL,NULL,Amiran et al (1994); Ambraseys and Adams (1993),478,C-N
1378,F4B12A32-9D09-42DC-87D0-E4AC07B9527D,Kalkilia,209,1918 Sep 29 (12:07),S,6.40000000,Pr,34.95000000,32.18000000,1,Felt,No casualties,5,5.00000000,Unknown,-1.00000000,NULL,NULL,NULL,NULL,NULL,NULL," Amiran et al (1994); Ambraseys and Adams (1993)",478,C-N
1379,AAB48A30-692A-445F-AC67-522A5063CBEF,Galilee (A),491,1921 Apr-Jun,C,4.50000000,Mr,35.45000000,32.91000000,1,Felt,No casualties,4-5,4.50000000,Unknown,-1.00000000,NULL,NULL,NULL,NULL,NULL,NULL,Amiran et al (1994),480,C
1380,AED6DE2D-113A-4E03-A89A-F37BEA9C7CD8,Safed,491,1921 Apr-Jun,C,4.50000000,Mr,35.48000000,32.96000000,1,Felt,No casualties,4-5,4.50000000,Unknown,-1.00000000,NULL,NULL,NULL,NULL,NULL,NULL,Amiran et al (1994),480,C
1381,AED6DE2D-113A-4E03-A89A-F37BEA9C7CD8,Safed,492,"1922 May 5,8 and 9",C,NULL,Mr,35.48000000,32.96000000,1,Felt,No casualties,4-5,4.50000000,Unknown,-1.00000000,NULL,NULL,NULL,NULL,NULL,NULL,Amiran et al (1994),482,C
1382,EDE1A850-E561-4E8E-B451-DE3DADC58195,Nazareth,492,"1922 May 5,8 and 9",C,NULL,Mr,35.29000000,32.70000000,1,Felt,No casualties,5,5.00000000,Unknown,-1.00000000,NULL,NULL,NULL,NULL,NULL,NULL,Amiran et al (1994),482,C
1383,AED6DE2D-113A-4E03-A89A-F37BEA9C7CD8,Safed,493,"1922 May 21, 22 and 23",C,NULL,Mr,35.48000000,32.96000000,1,Felt,No casualties,4-5,4.50000000,Unknown,-1.00000000,NULL,NULL,NULL,NULL,NULL,NULL,Amiran et al (1994),483,C
1384,EDE1A850-E561-4E8E-B451-DE3DADC58195,Nazareth,493,"1922 May 21, 22 and 23",C,NULL,Mr,35.29000000,32.70000000,1,Felt,No casualties,5,5.00000000,Unknown,-1.00000000,NULL,NULL,NULL,NULL,NULL,NULL,Amiran et al (1994),483,C
1385,74A2E6F9-7453-47C1-9F80-93EAA7CFACB5,Alonei Abba,493,"1922 May 21, 22 and 23",C,NULL,Mr,35.16000000,32.71000000,1,Felt,No casualties,5,5.00000000,Unknown,-1.00000000,NULL,NULL,NULL,NULL,NULL,NULL,Amiran et al (1994),483,C
1386,50D21CF8-E6F0-4B6C-8DA1-2A221EA2DE32,Bet-Lehem [Galilee],493,"1922 May 21, 22 and 23",C,NULL,Mr,35.19000000,32.73000000,1,Felt,No casualties,5,5.00000000,Unknown,-1.00000000,NULL,NULL,NULL,NULL,NULL,NULL,Amiran et al (1994),483,C
1387,74A2E6F9-7453-47C1-9F80-93EAA7CFACB5,Alonei Abba,494,1923 Feb 27 (18:15),S,5.00000000,Mr,35.16000000,32.71000000,1,Felt,No casualties,5,5.00000000,Unknown,-1.00000000,NULL,NULL,NULL,NULL,NULL,NULL,Amiran et al (1994),484,C
1388,372EE9DF-BD1C-4FE4-8BAF-B7DEDDA3BCA8,Jerusalem,495,1924 Feb 27 (20:04),S,5.30000000,Mr,35.23371042,31.77430227,1,Felt,No casualties,4-5,4.50000000,Unknown,-1.00000000,NULL,NULL,NULL,NULL,NULL,NULL,Amiran et al (1994),487,C
1389,22ECD9ED-EB41-4957-A438-E90C1F3A2211,Jaffa,495,1924 Feb 27 (20:04),S,5.30000000,Mr,34.75000000,32.05000000,1,Felt,No casualties,4-5,4.50000000,Unknown,-1.00000000,NULL,NULL,NULL,NULL,NULL,NULL,Amiran et al (1994),487,C
1390,54D2D679-7DDB-4FD5-86BD-25062FE8EDCE,Dara'a,495,1924 Feb 27 (20:04),S,5.30000000,Mr,35.97000000,32.59000000,1,Felt,No casualties,4-5,4.50000000,Unknown,-1.00000000,NULL,NULL,NULL,NULL,NULL,NULL,Amiran et al (1994),487,C
1391,372EE9DF-BD1C-4FE4-8BAF-B7DEDDA3BCA8,Jerusalem,496,1926 Jun 26 (19:46),S,NULL,Mr,35.23371042,31.77430227,1,Felt,No casualties,4-5,4.50000000,Unknown,-1.00000000,NULL,NULL,NULL,NULL,NULL,NULL,Amiran et al (1994),489,C
1392,AEE15515-E797-4B48-B029-3C0867B4A06A,Deir al-Qamar,193,1837 Jan 01  (16:35),MA,7.10000000,Mr,35.56000000,33.69000000,3,Moderate,No casualties,6,6.00000000,Unknown,-1.00000000,NULL,NULL,NULL,NULL,NULL,NULL,Was badly shaken (AM),359,C-N
1393,08280197-C77A-47FE-BB16-842C6FD7C4A9,Abra,193,1837 Jan 01  (16:35),MA,7.10000000,Hr,35.41000000,33.58000000,4,Heavy,Unknown,8,8.00000000,Unknown,-1.00000000,NULL,NULL,NULL,NULL,NULL,NULL,Further inland Abra and nearby Deir Mar-Elias were seriously damaged (AM after Lindsay 1839; Meryon 1845),359,C-N
1394,E64DAB7B-F15A-4A6D-9C37-7EF83FBC6F49,Salihiyah,193,1837 Jan 01  (16:35),MA,7.10000000,Vr,35.44000000,33.56000000,4,Heavy,Unknown,9,9.00000000,Unknown,-1.00000000,NULL,NULL,NULL,NULL,NULL,NULL,Totally destroyed (AM),359,C-N
1395,21E5701C-EE5B-4DDE-BECD-C5C9A614822E,Bekaa (A),193,1837 Jan 01  (16:35),MA,7.10000000,Mr,36.14000000,34.00000000,4,Heavy,Many casualties,7,7.00000000,Unknown,-1.00000000,NULL,NULL,NULL,NULL,60,NULL,"In the upper reaches of the Bekaa valley several villages were more than half destroyed and a khan, the name of which is not given, was thrown down, killing 60 people (AM)",359,C-N
1396,898A7577-A0A0-4F11-B8AC-997399ADAAA8,Hasbaya,193,1837 Jan 01  (16:35),MA,7.10000000,Mr,35.68000000,33.38000000,2,Light,Unknown,6,6.00000000,Unknown,-1.00000000,NULL,NULL,NULL,NULL,NULL,NULL,"The shock was violent at Hashbaya, where it is not known whether it caused any damage (AM floowing Thomson 1837).",359,C-N
1397,1EBBDB95-7238-4136-BC07-DD8639C73F05,Tyre,193,1837 Jan 01  (16:35),MA,7.10000000,Vr,35.21000000,33.26000000,4,Heavy,Many casualties,8-9,8.50000000,Unknown,-1.00000000,NULL,NULL,40,NULL,16,36,"On the coast, Sur suffered considerable damage; 40 houses, presumably old ones, collapsed on the island, killing 16 and injuring 36 people. There is some evidence that as a result of this earthquake the eastern coast of the north harbour slumped (AM based on Thomson 1837; Waghorn 1837; Bertou 1843; Prutz 1876)",359,C-N
1398,B09831EE-BA8B-495D-B343-186C7F0381D7,Aitarun,193,1837 Jan 01  (16:35),MA,7.10000000,Vr,35.50000000,33.18000000,4,Heavy,Many casualties,7-8,7.50000000,Unknown,-1.00000000,NULL,NULL,NULL,NULL,33,NULL," 33 people were killed (AM after Calman 1837)",359,C-N
1399,97C8C610-C8AD-4078-85FE-26A445E516FF,Damietta,193,1837 Jan 01  (16:35),MA,7.10000000,Mr,31.81000000,31.42000000,1,Felt,Unknown,4-5,4.50000000,Unknown,-1.00000000,NULL,NULL,NULL,NULL,NULL,NULL,"In the southwest the earthquake was felt in the Nile Delta, at Damietta, causing water to slosh out of a container (AM)",359,C-N
1400,A0C86E88-21A1-44AE-A572-41F8959585E9,Egypt (A),193,1837 Jan 01  (16:35),MA,7.10000000,Mr,31.49000000,28.61000000,1,Felt,Unknown,4,4.00000000,Unknown,-1.00000000,NULL,NULL,NULL,NULL,NULL,NULL,"Misr (Cairo?), but it was not reported from Alexandria (AM after Thomson 1837).",359,C-N
1401,56C3EBE7-8350-4CA2-A9E0-6D2EAE64E858,Cyprus (A),193,1837 Jan 01  (16:35),MA,7.10000000,Hr,33.10000000,34.98000000,1,Felt,Unknown,4-5,4.50000000,Unknown,-1.00000000,NULL,NULL,NULL,NULL,NULL,NULL,"In the west the earthquake was rather strong in
the ports of Famagusta and Larnaca and was felt in other
parts of Cyprus (A)",359,C-N
1403,3D5D13FD-BBED-45B7-9157-331A6168C101,Kafr Aqab,193,1837 Jan 01  (16:35),MA,7.10000000,Vr,35.22000000,31.87000000,4,Heavy,Unknown,Unknown,-1.00000000,Unknown,-1.00000000,NULL,NULL,NULL,NULL,NULL,NULL,Ambraseys (2009),359,C-N
1404,24F50115-6689-4344-A1D9-2CBC59DEEA83,Tzipori,193,1837 Jan 01  (16:35),MA,7.10000000,Hr,35.28000000,32.75000000,2,Light,Unknown,6,6.00000000,Unknown,-1.00000000,NULL,NULL,NULL,NULL,NULL,NULL,"Saffuriya and its church of Santa Ana also escaped entirely, with some limited damage to its ruined castle, while, next to it,Reina was obliterated, resulting in the loss of about 200 lives
(AM after Calman 1837; Thomson 1837; Robinson 1856).",359,C-N
1405,A3D8BD36-C027-40E1-A800-671F9FC18FEC,Jeresh,193,1837 Jan 01  (16:35),MA,7.10000000,Hr,35.85000000,32.28000000,2,Light,Unknown,6,6.00000000,Unknown,-1.00000000,NULL,NULL,NULL,NULL,NULL,NULL,and east of the Jordan at Ajlun and Jerash there was also some damage (AM),359,C-N
1406,252F6859-A330-41AD-9210-3FC8730D7E2A,Latakia,193,1837 Jan 01  (16:35),MA,7.10000000,Hr,35.77000000,35.51000000,2,Light,Unknown,5,5.00000000,Unknown,-1.00000000,NULL,NULL,NULL,NULL,NULL,NULL,"At Latakia it was less strong in the town but rather violent
in outlying districts (AM)",359,C-N
1407,80E454E5-8B1D-4D54-9DA7-AF421757C262,Alexandreta,193,1837 Jan 01  (16:35),MA,7.10000000,Hr,36.17000000,36.58000000,1,Felt,Unknown,5,5.00000000,Unknown,-1.00000000,NULL,NULL,NULL,NULL,NULL,NULL,"Also in the ports of Ayas (or Payas) and Iskenderun there was some alarm among European ship crews on land, who became nauseous. The shock was also reported from Tarsus, where it
was slight but widely felt (AM)",359,C-N
1408,A5F24953-627D-4CC5-A347-03A7109C742E,Areopolis,193,1837 Jan 01  (16:35),MA,7.10000000,Hr,35.73000000,31.26000000,2,Light,Unknown,Unknown,-1.00000000,Unknown,-1.00000000,NULL,NULL,NULL,NULL,NULL,NULL,particulary in old sites like Dihban,359,C-N
1409,A19DBC3E-C9C0-40E3-9379-21FE19F3A0BF,St. Catherine,193,1837 Jan 01  (16:35),MA,7.10000000,Mr,33.97000000,28.55000000,1,Felt,Unknown,4-5,4.50000000,Unknown,-1.00000000,NULL,NULL,NULL,NULL,NULL,NULL,The earthquake was reported felt from as far south as Mt Sinai (AM after St Catherine’s?; Thomson 1837),359,C-N
1410,898A7577-A0A0-4F11-B8AC-997399ADAAA8,Hasbaya,366,1837 May 20,A,5.50000000,Mr,35.68000000,33.38000000,3,Moderate,Unknown,Unknown,-1.00000000,Unknown,-1.00000000,NULL,NULL,NULL,NULL,NULL,NULL,NULL,362,C-N
1411,5F8734FE-5229-4CB3-BFD5-E255F9D28A73,Hula,193,1837 Jan 01  (16:35),MA,7.10000000,Hr,35.66000000,33.07000000,2,Light,Unknown,Unknown,-1.00000000,Unknown,-1.00000000,NULL,NULL,NULL,NULL,NULL,NULL,NULL,359,C-N
1412,5FF09D79-F2EC-4C83-9A69-1D3A670C7958,Zoar,45,363 May 18-19 (3rd hour-night),MA,6.70000000,Hr,35.46000000,30.99000000,4,Heavy,"Few casualties

",Unknown,-1.00000000,Unknown,-1.00000000,NULL,NULL,NULL,NULL,NULL,NULL,3 inscriptions of 4 Dead people after the 363 event (Meimaris 2005),56,C
1413,3573BD2F-C314-46B0-890E-46C33A88B660,Jisr Al-Shughur,312,1408 Dec 29,C,7.50000000,Mr,36.31000000,35.80000000,3,Moderate,Unknown,Unknown,-1.00000000,Unknown,-1.00000000,NULL,NULL,NULL,NULL,NULL,NULL,NULL,250,N
1415,E3783255-BB01-4698-98C3-EFAFE8BDCFC9,Deir Mar-Elias [IL],119,c.1150,S,NULL,Pr,35.20000000,31.71000000,3,Moderate,Unknown,Unknown,-1.00000000,Unknown,-1.00000000,NULL,NULL,NULL,NULL,NULL,NULL,NULL,175,C
1416,6AD762C0-E90C-4B19-A5A6-7D670B927B92,St. John,119,c.1150,S,NULL,Pr,35.51000000,31.08000000,3,Moderate,Unknown,Unknown,-1.00000000,Unknown,-1.00000000,NULL,NULL,NULL,NULL,NULL,NULL,NULL,175,C
1417,6AD762C0-E90C-4B19-A5A6-7D670B927B92,St. John,65,659 Jun 7 (659 Sep-660 Aug),MA,6.60000000,Hr,35.51000000,31.08000000,3,Moderate,Unknown,Unknown,-1.00000000,Unknown,-1.00000000,NULL,NULL,NULL,NULL,NULL,NULL,NULL,98,C
1418,6C37CC8B-7F51-4557-BA02-A7A23966EFD3,Aleppo,264,1157 Apr 2 (after sunrize),MA,NULL,Mr,37.15000000,36.21000000,0,None,Unknown,Unknown,-1.00000000,Unknown,-1.00000000,NULL,NULL,NULL,NULL,NULL,NULL,NULL,192,C-N
1419,8E326C44-F167-4063-A7FB-8B4014B01FB6,Shaizar,264,1157 Apr 2 (after sunrize),MA,NULL,Mr,36.56000000,35.25000000,0,None,Unknown,Unknown,-1.00000000,Unknown,-1.00000000,NULL,NULL,NULL,NULL,NULL,NULL,NULL,192,C-N
1420,CC223D36-82F2-4FEF-8500-648ED8AE5A87,Kafr Tab,264,1157 Apr 2 (after sunrize),MA,NULL,Mr,36.58000000,35.51000000,0,None,Unknown,Unknown,-1.00000000,Unknown,-1.00000000,NULL,NULL,NULL,NULL,NULL,NULL,NULL,192,C-N
1421,D94DC49F-6AFE-4CAF-8198-7DE4D8163488,Apamea,264,1157 Apr 2 (after sunrize),MA,NULL,Mr,36.39000000,35.41000000,3,Moderate,Unknown,Unknown,-1.00000000,Unknown,-1.00000000,NULL,NULL,NULL,NULL,NULL,NULL,NULL,192,C-N
1422,F47CDBDF-4B12-4C96-9DD9-8E6E6061970A,Homs,268,1157 Jul 5,FM,NULL,Pr,36.71000000,34.73000000,0,None,Unknown,Unknown,-1.00000000,Unknown,-1.00000000,NULL,NULL,NULL,NULL,NULL,NULL,NULL,196,C-N
1423,D94DC49F-6AFE-4CAF-8198-7DE4D8163488,Apamea,268,1157 Jul 5,FM,NULL,Pr,36.39000000,35.41000000,0,None,Unknown,Unknown,-1.00000000,Unknown,-1.00000000,NULL,NULL,NULL,NULL,NULL,NULL,NULL,196,C-N
1424,912B3498-4EC2-46F8-9731-8444E6B28B0D,Hamma,268,1157 Jul 5,FM,NULL,Pr,36.75000000,35.13000000,0,None,Unknown,Unknown,-1.00000000,Unknown,-1.00000000,NULL,NULL,NULL,NULL,NULL,NULL,NULL,196,C-N
1425,6C37CC8B-7F51-4557-BA02-A7A23966EFD3,Aleppo,268,1157 Jul 5,FM,NULL,Pr,37.15000000,36.21000000,0,None,Unknown,Unknown,-1.00000000,Unknown,-1.00000000,NULL,NULL,NULL,NULL,NULL,NULL,NULL,196,C-N
1426,D94DC49F-6AFE-4CAF-8198-7DE4D8163488,Apamea,306,1157 August 16 (night) - 19,A,NULL,Mr,36.39000000,35.41000000,0,None,Unknown,Unknown,-1.00000000,Unknown,-1.00000000,NULL,NULL,NULL,NULL,NULL,NULL,NULL,200,C-N
1427,912B3498-4EC2-46F8-9731-8444E6B28B0D,Hamma,306,1157 August 16 (night) - 19,A,NULL,Mr,36.75000000,35.13000000,0,None,Unknown,Unknown,-1.00000000,Unknown,-1.00000000,NULL,NULL,NULL,NULL,NULL,NULL,NULL,200,C-N
1428,9E48ECD1-07F2-407F-8955-80E3ACB95614,Massyaf,306,1157 August 16 (night) - 19,A,NULL,Mr,36.33000000,35.06000000,0,None,Unknown,Unknown,-1.00000000,Unknown,-1.00000000,NULL,NULL,NULL,NULL,NULL,NULL,NULL,200,C-N
1429,49BB87DA-4434-4095-A045-BA0ACC73E692,Tafilah,145,1293 Jan 11–Feb 08,S,6.20000000,Mr,35.60000000,30.84000000,3,Moderate,Unknown,Unknown,-1.00000000,Unknown,-1.00000000,NULL,NULL,NULL,NULL,NULL,NULL,NULL,233,C
1430,5A686BB1-27BE-45D3-9FFC-A684F46DF552,Palestine (A),466,c.1250 BCE,Unknown,NULL,U,35.20000000,32.39000000,0,None,Unknown,Unknown,-1.00000000,Unknown,-1.00000000,NULL,NULL,NULL,NULL,NULL,NULL,TODO,8,C
1431,E2D55CBE-8E94-49E0-97B4-6759C130EFFF,Unspecified,467,854 BCE,Unknown,NULL,U,35.92000000,33.29000000,0,None,Unknown,Unknown,-1.00000000,Unknown,-1.00000000,NULL,NULL,NULL,NULL,NULL,NULL,TODO,13,C
1432,98BD1CF7-F427-401D-8B44-5B0A30B6283D,Ein-Gedi,463,525 BCE,S,NULL,Mr,35.39000000,31.46000000,3,Moderate,Unknown,8-9,8.50000000,Unknown,-1.00000000,NULL,NULL,NULL,NULL,NULL,NULL,MIG and KAG have correlated seismites with this earthquake. Most likely damage was present in the close vicinity,17,C-N
1433,1EBBDB95-7238-4136-BC07-DD8639C73F05,Tyre,462,590 BCE,S,NULL,U,35.21000000,33.26000000,0,None,Unknown,Unknown,-1.00000000,Unknown,-1.00000000,NULL,NULL,NULL,NULL,NULL,NULL,"TODO - get the reference

No report of damage",16,C-N
1434,E2D55CBE-8E94-49E0-97B4-6759C130EFFF,Unspecified,464,331 BCE,S,NULL,U,35.92000000,33.29000000,0,None,Unknown,Unknown,-1.00000000,Unknown,-1.00000000,NULL,NULL,NULL,NULL,NULL,NULL,"TODO - get the reference

No report of damage",20,C-N
1436,372EE9DF-BD1C-4FE4-8BAF-B7DEDDA3BCA8,Jerusalem,18,92 Feb 28 BCE,S,NULL,Dr,35.23371042,31.77430227,3,Moderate,Unknown,8,8.00000000,Unknown,-1.00000000,NULL,NULL,NULL,NULL,NULL,NULL,AM (p.96) and KA2 question the entry in BM5 concerning the reliability of this event and elaborate the sequence of sources leading to a potential spurious event.,29,C
1439,E2D55CBE-8E94-49E0-97B4-6759C130EFFF,Unspecified,465,19,S,NULL,U,35.92000000,33.29000000,0,None,Unknown,Unknown,-1.00000000,Unknown,-1.00000000,NULL,NULL,NULL,NULL,NULL,NULL,Probably False event,37,C-N
1446,E2D55CBE-8E94-49E0-97B4-6759C130EFFF,Unspecified,49,455 Sep,S,NULL,U,35.92000000,33.29000000,0,None,Unknown,Unknown,-1.00000000,Unknown,-1.00000000,NULL,NULL,NULL,NULL,NULL,NULL,No report of damage,67,N
1447,E2D55CBE-8E94-49E0-97B4-6759C130EFFF,Unspecified,470,500,Unknown,NULL,U,35.92000000,33.29000000,0,None,Unknown,Unknown,-1.00000000,Unknown,-1.00000000,NULL,NULL,NULL,NULL,NULL,NULL,No report of damage,71,C-N
1448,E2D55CBE-8E94-49E0-97B4-6759C130EFFF,Unspecified,442,529 Jan 2,S,NULL,U,35.92000000,33.29000000,0,None,Unknown,Unknown,-1.00000000,Unknown,-1.00000000,NULL,NULL,NULL,NULL,NULL,NULL,No report of damage,77,C-N
1449,E2D55CBE-8E94-49E0-97B4-6759C130EFFF,Unspecified,232,534,S,NULL,U,35.92000000,33.29000000,0,None,Unknown,Unknown,-1.00000000,Unknown,-1.00000000,NULL,NULL,NULL,NULL,NULL,NULL,No report of damage,78,N
1451,E2D55CBE-8E94-49E0-97B4-6759C130EFFF,Unspecified,471,631,Unknown,4.50000000,U,35.92000000,33.29000000,0,None,Unknown,Unknown,-1.00000000,Unknown,-1.00000000,NULL,NULL,NULL,NULL,NULL,NULL,No report of damage,94,C
1452,DFB96483-FF1B-420F-87E7-19E8073CEEE6,Jordan River (A),472,710,Unknown,4.50000000,U,35.53000000,31.82000000,0,None,Unknown,Unknown,-1.00000000,Unknown,-1.00000000,NULL,NULL,NULL,NULL,NULL,NULL,Probably False event,101,C
1453,E2D55CBE-8E94-49E0-97B4-6759C130EFFF,Unspecified,474,765,Unknown,NULL,U,35.92000000,33.29000000,0,None,Unknown,Unknown,-1.00000000,Unknown,-1.00000000,NULL,NULL,NULL,NULL,NULL,NULL,Probably False event,113,C-N
1455,E2D55CBE-8E94-49E0-97B4-6759C130EFFF,Unspecified,475,808,Unknown,4.50000000,U,35.92000000,33.29000000,0,None,Unknown,Unknown,-1.00000000,Unknown,-1.00000000,NULL,NULL,NULL,NULL,NULL,NULL,Probably False event,115,C
1457,E2D55CBE-8E94-49E0-97B4-6759C130EFFF,Unspecified,78,835,C,4.50000000,U,35.92000000,33.29000000,0,None,Unknown,Unknown,-1.00000000,Unknown,-1.00000000,NULL,NULL,NULL,NULL,NULL,NULL,Probably False event,117,N
1458,E2D55CBE-8E94-49E0-97B4-6759C130EFFF,Unspecified,506,845,Unknown,NULL,U,35.92000000,33.29000000,0,None,Unknown,Unknown,-1.00000000,Unknown,-1.00000000,NULL,NULL,NULL,NULL,NULL,NULL,Probably False event,118,C
1459,E2D55CBE-8E94-49E0-97B4-6759C130EFFF,Unspecified,473,854,Unknown,4.50000000,U,35.92000000,33.29000000,0,None,Unknown,Unknown,-1.00000000,Unknown,-1.00000000,NULL,NULL,NULL,NULL,NULL,NULL,Probably False event,122,C
1460,E2D55CBE-8E94-49E0-97B4-6759C130EFFF,Unspecified,476,857,Unknown,4.50000000,U,35.92000000,33.29000000,0,None,Unknown,Unknown,-1.00000000,Unknown,-1.00000000,NULL,NULL,NULL,NULL,NULL,NULL,Probably False event,123,C
1462,E2D55CBE-8E94-49E0-97B4-6759C130EFFF,Unspecified,477,885 Nov,Unknown,NULL,U,35.92000000,33.29000000,0,None,Unknown,Unknown,-1.00000000,Unknown,-1.00000000,NULL,NULL,NULL,NULL,NULL,NULL,Probably False event,126,S
1465,E2D55CBE-8E94-49E0-97B4-6759C130EFFF,Unspecified,478,956 Jan 1,Unknown,NULL,U,35.92000000,33.29000000,0,None,Unknown,Unknown,-1.00000000,Unknown,-1.00000000,NULL,NULL,NULL,NULL,NULL,NULL,Probably False event,129,N
1466,E2D55CBE-8E94-49E0-97B4-6759C130EFFF,Unspecified,479,956,Unknown,4.50000000,U,35.92000000,33.29000000,0,None,Unknown,Unknown,-1.00000000,Unknown,-1.00000000,NULL,NULL,NULL,NULL,NULL,NULL,Probably False event,130,S
1467,E2D55CBE-8E94-49E0-97B4-6759C130EFFF,Unspecified,480,974,S,NULL,U,35.92000000,33.29000000,0,None,Unknown,Unknown,-1.00000000,Unknown,-1.00000000,NULL,NULL,NULL,NULL,NULL,NULL,Probably False event,132,C-N
1470,E2D55CBE-8E94-49E0-97B4-6759C130EFFF,Unspecified,482,1060,Unknown,NULL,U,35.92000000,33.29000000,0,None,Unknown,Unknown,-1.00000000,Unknown,-1.00000000,NULL,NULL,NULL,NULL,NULL,NULL,Probably False event,143,C
1471,E2D55CBE-8E94-49E0-97B4-6759C130EFFF,Unspecified,483,1070 Feb 25,Unknown,NULL,U,35.92000000,33.29000000,0,None,Unknown,Unknown,-1.00000000,Unknown,-1.00000000,NULL,NULL,NULL,NULL,NULL,NULL,Probably False event,150,S
1472,DA8E5967-B9B3-47EE-99BB-1B767B08C6E5,Antakya,303,1097 Dec 30,S,NULL,Mr,36.16000000,36.20000000,2,Light,Unknown,Unknown,-1.00000000,Unknown,-1.00000000,NULL,NULL,NULL,NULL,NULL,NULL,NULL,156,N
1477,E2D55CBE-8E94-49E0-97B4-6759C130EFFF,Unspecified,509,1160,Unknown,NULL,U,35.92000000,33.29000000,0,None,Unknown,Unknown,-1.00000000,Unknown,-1.00000000,NULL,NULL,NULL,NULL,NULL,NULL,Probably False event,217,S
1478,E2D55CBE-8E94-49E0-97B4-6759C130EFFF,Unspecified,510,1201 Jun 2,Unknown,NULL,U,35.92000000,33.29000000,0,None,Unknown,Unknown,-1.00000000,Unknown,-1.00000000,NULL,NULL,NULL,NULL,NULL,NULL,Probably False event,221,C
1485,E2D55CBE-8E94-49E0-97B4-6759C130EFFF,Unspecified,514,1459,Unknown,NULL,U,35.92000000,33.29000000,0,None,Unknown,Unknown,-1.00000000,Unknown,-1.00000000,NULL,NULL,NULL,NULL,NULL,NULL,Probably False event,254,S
1486,E2D55CBE-8E94-49E0-97B4-6759C130EFFF,Unspecified,162,1476 Oct 29,S,4.50000000,U,35.92000000,33.29000000,0,None,Unknown,Unknown,-1.00000000,Unknown,-1.00000000,NULL,NULL,NULL,NULL,NULL,NULL,No report of damage,255,C-N
1488,E2D55CBE-8E94-49E0-97B4-6759C130EFFF,Unspecified,515,1491 Apr 25,Unknown,NULL,U,35.92000000,33.29000000,0,None,Unknown,Unknown,-1.00000000,Unknown,-1.00000000,NULL,NULL,NULL,NULL,NULL,NULL,Probably False event,258,C-N
1489,E2D55CBE-8E94-49E0-97B4-6759C130EFFF,Unspecified,516,1541,Unknown,4.50000000,U,35.92000000,33.29000000,0,None,Unknown,Unknown,-1.00000000,Unknown,-1.00000000,NULL,NULL,NULL,NULL,NULL,NULL,Probably False event,272,S
1491,372EE9DF-BD1C-4FE4-8BAF-B7DEDDA3BCA8,Jerusalem,175,1644,S,NULL,U,35.23371042,31.77430227,0,None,Unknown,Unknown,-1.00000000,Unknown,-1.00000000,NULL,NULL,NULL,NULL,NULL,NULL,TODO,293,C
1492,E2D55CBE-8E94-49E0-97B4-6759C130EFFF,Unspecified,227,1719 Mar,S,NULL,U,35.92000000,33.29000000,0,None,Unknown,Unknown,-1.00000000,Unknown,-1.00000000,NULL,NULL,NULL,NULL,NULL,NULL,No report of damage,305,N
1493,E2D55CBE-8E94-49E0-97B4-6759C130EFFF,Unspecified,184,1752 Jul 21,S,NULL,U,35.92000000,33.29000000,0,None,Unknown,Unknown,-1.00000000,Unknown,-1.00000000,NULL,NULL,NULL,NULL,NULL,NULL,No report of damage,315,C-N
1494,E2D55CBE-8E94-49E0-97B4-6759C130EFFF,Unspecified,333,1760 Oct 13,MA,NULL,U,35.92000000,33.29000000,0,None,Unknown,Unknown,-1.00000000,Unknown,-1.00000000,NULL,NULL,NULL,NULL,NULL,NULL,No report of damage,320,N
1496,E2D55CBE-8E94-49E0-97B4-6759C130EFFF,Unspecified,487,1838,S,NULL,U,35.92000000,33.29000000,0,None,Unknown,Unknown,-1.00000000,Unknown,-1.00000000,NULL,NULL,NULL,NULL,NULL,NULL,No report of damage,363,C
1497,E2D55CBE-8E94-49E0-97B4-6759C130EFFF,Unspecified,373,1845 Feb 15,C,NULL,U,35.92000000,33.29000000,0,None,Unknown,Unknown,-1.00000000,Unknown,-1.00000000,NULL,NULL,NULL,NULL,NULL,NULL,No report of damage,370,C-N
1498,E2D55CBE-8E94-49E0-97B4-6759C130EFFF,Unspecified,374,1846 Jan 8,C,NULL,U,35.92000000,33.29000000,0,None,Unknown,Unknown,-1.00000000,Unknown,-1.00000000,NULL,NULL,NULL,NULL,NULL,NULL,No report of damage,371,N
1500,11A1487E-27D7-4A7E-B810-B9BDB80B99B0,Damascus,381,1853 May 19,S,4.50000000,U,36.29000000,33.51000000,0,None,Unknown,Unknown,-1.00000000,Unknown,-1.00000000,NULL,NULL,NULL,NULL,NULL,NULL,TODO,379,C-N
1501,E2D55CBE-8E94-49E0-97B4-6759C130EFFF,Unspecified,384,1854,S,4.50000000,U,35.92000000,33.29000000,0,None,Unknown,Unknown,-1.00000000,Unknown,-1.00000000,NULL,NULL,NULL,NULL,NULL,NULL,No report of damage,382,N
1506,E2D55CBE-8E94-49E0-97B4-6759C130EFFF,Unspecified,437,1893 Mar,S,NULL,U,35.92000000,33.29000000,0,None,Unknown,Unknown,-1.00000000,Unknown,-1.00000000,NULL,NULL,NULL,NULL,NULL,NULL,No report of damage,450,C-N
1507,E2D55CBE-8E94-49E0-97B4-6759C130EFFF,Unspecified,503,1896 May 2,Unknown,NULL,U,35.92000000,33.29000000,0,None,Unknown,Unknown,-1.00000000,Unknown,-1.00000000,NULL,NULL,NULL,NULL,NULL,NULL,Probably False event,453,S
1511,5A686BB1-27BE-45D3-9FFC-A684F46DF552,Palestine (A),499,1910 Jul 10 (19:54),S,4.90000000,Hr,35.20000000,32.39000000,1,Felt,No casualties,4-5,4.50000000,Unknown,-1.00000000,NULL,NULL,NULL,NULL,NULL,NULL,NULL,476,C-N
1512,5A686BB1-27BE-45D3-9FFC-A684F46DF552,Palestine (A),500,1923 Dec 21 (14:11),S,5.00000000,Hr,35.20000000,32.39000000,1,Felt,No casualties,4-5,4.50000000,Unknown,-1.00000000,NULL,NULL,NULL,NULL,NULL,NULL,Amiran et al (1994),485,N
1513,5A686BB1-27BE-45D3-9FFC-A684F46DF552,Palestine (A),495,1924 Feb 27 (20:04),S,5.30000000,Hr,35.20000000,32.39000000,0,None,No casualties,4-5,4.50000000,Unknown,-1.00000000,NULL,NULL,NULL,NULL,NULL,NULL,Amiran et al (1994),487,C
1514,372EE9DF-BD1C-4FE4-8BAF-B7DEDDA3BCA8,Jerusalem,337,1769,S,NULL,U,35.23371042,31.77430227,0,None,Unknown,Unknown,-1.00000000,Unknown,-1.00000000,NULL,NULL,NULL,NULL,NULL,NULL,TODO,324,C
1516,E2D55CBE-8E94-49E0-97B4-6759C130EFFF,Unspecified,469,447 Aug 12,Unknown,NULL,Dr,35.92000000,33.29000000,0,None,Unknown,Unknown,-1.00000000,Unknown,-1.00000000,NULL,NULL,NULL,NULL,NULL,NULL,NULL,63,C
1518,E2D55CBE-8E94-49E0-97B4-6759C130EFFF,Unspecified,508,1115 Dec 25,Unknown,NULL,Dr,35.92000000,33.29000000,0,None,Unknown,Unknown,-1.00000000,Unknown,-1.00000000,NULL,NULL,NULL,NULL,NULL,NULL,NULL,166,C
1526,5A686BB1-27BE-45D3-9FFC-A684F46DF552,Palestine (A),17,148 Feb 21 (130?) BCE,S,NULL,Dr,35.20000000,32.39000000,0,None,Unknown,Unknown,-1.00000000,Unknown,-1.00000000,NULL,NULL,NULL,NULL,NULL,NULL,TDOO - get the reference for this report,26,N
1600,C02EF92E-08B5-454E-8754-9BAF3CA46780,Rashaya,523,1899 Feb 10,S,NULL,Hr,35.85000000,33.43000000,1,Felt,No casualties,Unknown,-1.00000000,Unknown,-1.00000000,NULL,NULL,NULL,NULL,NULL,NULL,NULL,461,C-N
1601,11A1487E-27D7-4A7E-B810-B9BDB80B99B0,Damascus,523,1899 Feb 10,S,NULL,Hr,36.29000000,33.51000000,1,Felt,No casualties,Unknown,-1.00000000,Unknown,-1.00000000,NULL,NULL,NULL,NULL,NULL,NULL,NULL,461,C-N
1605,372EE9DF-BD1C-4FE4-8BAF-B7DEDDA3BCA8,Jerusalem,20,31 early spring BCE,S,6.70000000,Dr,35.23371042,31.77430227,3,Moderate,Unknown,8,8.00000000,Unknown,-1.00000000,NULL,NULL,NULL,NULL,NULL,NULL,AM following AAT,34,C
1606,DC4BC529-AC3D-49AD-8E5C-D570BC79FCAD,Masada,20,31 early spring BCE,S,6.70000000,Dr,35.35000000,31.31000000,3,Moderate,Unknown,8,8.00000000,Unknown,-1.00000000,NULL,NULL,NULL,NULL,NULL,NULL,AM following KA3 omits damage to Masada,34,C
1607,B9B7A258-472B-4328-B2BB-0FB2994BB34D,Shivta,20,31 early spring BCE,S,6.70000000,Dr,34.63000000,30.87000000,-1,U,Unknown,Unknown,-1.00000000,Unknown,-1.00000000,NULL,NULL,NULL,NULL,NULL,NULL,Following RH,34,C
1608,BF918D77-81C4-413C-9E15-935160D05A5D,Rehovot,20,31 early spring BCE,S,6.70000000,Dr,34.56000000,31.02000000,-1,U,Unknown,8,8.00000000,Unknown,-1.00000000,NULL,NULL,NULL,NULL,NULL,NULL,Following RH,34,C
1609,8695F122-8D5A-4FE5-B1CF-9ADFFBE254D2,Raphiah,20,31 early spring BCE,S,6.70000000,Dr,34.24000000,31.29000000,3,Moderate,Unknown,8,8.00000000,Unknown,-1.00000000,NULL,NULL,NULL,NULL,NULL,NULL,Following SI,34,C
1610,8A4E94FD-E53B-489B-810C-DB75BF8D0DBA,Nizanna,246,c.2100-1700 BCE,S,NULL,Dr,34.43000000,30.87000000,-1,U,Unknown,Unknown,-1.00000000,Unknown,-1.00000000,NULL,NULL,NULL,NULL,NULL,NULL,TODO: verify,4,C
1616,8B026828-20D4-4893-BEBD-886C5B4A6F11,Roum (A),103,1063 Aug,MA,6.70000000,Pr,36.13000000,37.13000000,0,None,Unknown,Unknown,-1.00000000,Unknown,-1.00000000,NULL,NULL,NULL,NULL,NULL,NULL,NULL,144,C-N
1617,A0C86E88-21A1-44AE-A572-41F8959585E9,Egypt (A),107,1086 Apr 18 – 1087 Apr 07,Unknown,NULL,Dr,31.49000000,28.61000000,0,None,Unknown,Unknown,-1.00000000,Unknown,-1.00000000,NULL,NULL,NULL,NULL,NULL,NULL,NULL,151,N
1618,DA8E5967-B9B3-47EE-99BB-1B767B08C6E5,Antakya,302,1097 Oct 13,S,4.50000000,Mr,36.16000000,36.20000000,0,None,Unknown,Unknown,-1.00000000,Unknown,-1.00000000,NULL,NULL,NULL,NULL,NULL,NULL,"No location is given, but the evidence of chronicle entries before and after suggests that the chronicler was based in Antioch.",155,N
1623,252F6859-A330-41AD-9210-3FC8730D7E2A,Latakia,535,1785,S,NULL,Mr,35.77000000,35.51000000,4,Heavy,Many casualties,Unknown,-1.00000000,Unknown,-1.00000000,NULL,NULL,NULL,NULL,NULL,NULL,Browne 1785 reports that many persons perished and that the earthquake was succeeded by severe plaugue which almost depopulated the city,329,N
1624,372EE9DF-BD1C-4FE4-8BAF-B7DEDDA3BCA8,Jerusalem,201,1873 Feb 14,S,4.50000000,Hr,35.23371042,31.77430227,1,Felt,No casualties,Unknown,-1.00000000,Unknown,-1.00000000,NULL,NULL,NULL,NULL,NULL,NULL,"Slight tremor in Jerusalem (Royal Commision on Historical Manuscripts, 1975. Report on the papers of the Palestine Exploration Fund: Western Survey 1871-1902, 10)",428,C
1625,E2D55CBE-8E94-49E0-97B4-6759C130EFFF,Unspecified,14,c.198 BCE,Unknown,NULL,Mr,35.92000000,33.29000000,5,Severe,Unknown,10,10.00000000,Unknown,-1.00000000,NULL,NULL,NULL,NULL,NULL,NULL,"A series of earthquakes destroyed a town further inland from Sidon, which is not named (AM and GCT following Posidonius): ""As a result of an earthquake in Phoenicia, a city above Sidon was swallowed up""",23,C-N
2000,372EE9DF-BD1C-4FE4-8BAF-B7DEDDA3BCA8,Jerusalem,536,1874 Feb 13,S,NULL,Hr,35.23371042,31.77430227,1,Felt,No casualties,Unknown,-1.00000000,Unknown,-1.00000000,NULL,NULL,NULL,NULL,NULL,NULL,"In the report of the Royal Commision on Historical Manuscripts from 1975 on the PEF western survey there is a report of  """"a small earthquake tremor in J. “[Jerusalem, my interpretation] . No other reporting source at the time but the British reports tend to be highy reliable.",430,C
2001,51676EB5-D238-48E7-BE1D-DC8E843AE594,Al-Harin,33,115 Dec 13  (morning),MA,7.40000000,Mr,36.33000000,35.11000000,4,Heavy,Unknown,Unknown,-1.00000000,Unknown,-1.00000000,NULL,NULL,NULL,NULL,NULL,NULL,Meghraoui et al. 2003 (MGS),43,N
2002,51676EB5-D238-48E7-BE1D-DC8E843AE594,Al-Harin,131,1170 Jun 29 (0345),FM,7.30000000,Mr,36.33000000,35.11000000,5,Severe,Unknown,Unknown,-1.00000000,Unknown,-1.00000000,NULL,NULL,NULL,NULL,NULL,NULL,Meghraoui et al. 2003;,219,N
2003,7E1E28F9-98A5-4D1E-B1CF-D324CD24A710,Qasr Tilah,161,1458 Nov 16,S,6.50000000,Mr,35.33000000,30.74000000,5,Severe,Unknown,Unknown,-1.00000000,Unknown,-1.00000000,NULL,NULL,NULL,NULL,NULL,NULL,"Kilnger et al, 2000;",253,S
2004,E2D55CBE-8E94-49E0-97B4-6759C130EFFF,Unspecified,33,115 Dec 13  (morning),MA,7.40000000,Mr,35.92000000,33.29000000,0,None,Unknown,Unknown,-1.00000000,Unknown,-1.00000000,NULL,NULL,NULL,NULL,NULL,NULL,NULL,43,N
2005,EDE84FDF-2D1A-4531-BE29-796125D05551,Orontes,33,115 Dec 13  (morning),MA,7.40000000,Mr,36.41000000,35.52000000,0,None,Unknown,Unknown,-1.00000000,Unknown,-1.00000000,NULL,NULL,NULL,NULL,NULL,NULL,NULL,43,N
2006,E2D55CBE-8E94-49E0-97B4-6759C130EFFF,Unspecified,33,115 Dec 13  (morning),MA,7.40000000,Mr,35.92000000,33.29000000,0,None,Unknown,Unknown,-1.00000000,Unknown,-1.00000000,NULL,NULL,NULL,NULL,NULL,NULL,NULL,43,N
2007,E2D55CBE-8E94-49E0-97B4-6759C130EFFF,Unspecified,33,115 Dec 13  (morning),MA,7.40000000,Mr,35.92000000,33.29000000,0,None,Unknown,Unknown,-1.00000000,Unknown,-1.00000000,NULL,NULL,NULL,NULL,NULL,NULL,From Mt. Casius (AM),43,N
2008,E753D4C6-F43F-4820-A0E2-71D54B791E56,Tel Rehov,589,980-830 BCE (Iron age ||A),S,NULL,Pr,35.49000000,32.45000000,4,Heavy,Unknown,6-7,6.50000000,Unknown,-1.00000000,NULL,NULL,Few,NULL,NULL,NULL,"Earthquake that damaged Tel Rehov at late 10th until the early 9th century BCE. The linkage to this earthquake (980-830 BCE (Iron age ||A)) is to be clarified. Reference: Ben-Yosef, E., & Ron, H. (2016). Reconstructing a Seismic Destruction at Tel Rehov: Insights from a Plaeomagnetic Test on Tilted Walls in Area C, Stratum V. In A. Mazar & N. Panitz-Cohen (Eds.), Tel Rehov: The 1997-2012 excavations Jerusalem: Qedem.",12,C-N
2009,83987057-41DC-45CD-9A3E-EDBEF186542E,Qiryat Shemona-EEA (A),97,1033 Dec 5 (night),MA,6.80000000,Mr,35.55000000,33.19000000,-1,U,Unknown,Unknown,-1.00000000,Unknown,-1.00000000,NULL,NULL,NULL,NULL,NULL,NULL,"Reference: Kanari, M., Katz, O., Weinberger, R., Porat, N., & Marco, S. (2019). Evaluating earthquake-induced rockfall hazard near the Dead Sea Transform. Nat. Hazards Earth Syst. Sci., 19(4), 889-906. doi:10.5194/nhess-19-889-2019",138,C
2010,83987057-41DC-45CD-9A3E-EDBEF186542E,Qiryat Shemona-EEA (A),45,363 May 18-19 (3rd hour-night),MA,6.70000000,Mr,35.55000000,33.19000000,-1,U,Unknown,Unknown,-1.00000000,Unknown,-1.00000000,NULL,NULL,NULL,NULL,NULL,NULL,"One cannot completely rule out the possibility that these were two separate rockfall events, both triggered by large earthquakes in 363 and 502/551CE. Reference: Kanari, M., Katz, O., Weinberger, R., Porat, N., & Marco, S. (2019). Evaluating earthquake-induced rockfall hazard near the Dead Sea Transform. Nat. Hazards Earth Syst. Sci., 19(4), 889-906. doi:10.5194/nhess-19-889-2019",56,C
2011,83987057-41DC-45CD-9A3E-EDBEF186542E,Qiryat Shemona-EEA (A),14,c.198 BCE,Unknown,NULL,Mr,35.55000000,33.19000000,-1,U,Unknown,Unknown,-1.00000000,Unknown,-1.00000000,NULL,NULL,NULL,NULL,NULL,NULL,KKW note rockfalls after this event in northen Palestine.,23,C-N
2012,83987057-41DC-45CD-9A3E-EDBEF186542E,Qiryat Shemona-EEA (A),8,c.760-750 BCE,S,7.83000000,Mr,35.55000000,33.19000000,-1,U,Unknown,Unknown,-1.00000000,Unknown,-1.00000000,NULL,NULL,NULL,NULL,NULL,NULL,Dated rockfalls (after KKW),15,C
2013,83987057-41DC-45CD-9A3E-EDBEF186542E,Qiryat Shemona-EEA (A),246,c.2100-1700 BCE,S,NULL,Dr,35.55000000,33.19000000,-1,U,Unknown,Unknown,-1.00000000,Unknown,-1.00000000,NULL,NULL,NULL,NULL,NULL,NULL,KKW suggest rock falls close to Qiryat Shemona . Could be the the 2050/2100 BCE earthquake (or two separate events) suggested by MIG,4,C
2014,83987057-41DC-45CD-9A3E-EDBEF186542E,Qiryat Shemona-EEA (A),593,c. 8.4–9.0 ka BCE,Unknown,NULL,Mr,35.55000000,33.19000000,-1,U,Unknown,Unknown,-1.00000000,Unknown,-1.00000000,NULL,NULL,NULL,NULL,NULL,NULL,KKW have identified rock falls close to Qiryat Shemona (northern Israel). Could be the event between c. 8.4–9.0 ka BCE resolved by DAKL.,2,N
2015,7D1B7C8E-7C0C-4BBD-B883-E8A74DF58B9D,Kh. el-Manhata,134,1202 May 20 (0240),MA,7.50000000,Mr,35.23000000,33.04000000,3,Moderate,Unknown,Unknown,-1.00000000,Unknown,-1.00000000,NULL,NULL,NULL,NULL,NULL,NULL,"Reference: Khamisy, R. (2017). Archaeological remains of the 1202 earthquake in the Frankish village of Tarphile/Khirbat al-Man?ata. Levant, 49(3), 333-341.",222,C-N
2016,F5322F79-54CD-41CB-871D-4984FF9CA584,Al-Nabi Dau'd,192,1834 May 26 (13:00),S,6.30000000,Hr,35.22986220,31.77156356,4,Heavy,No casualties,7-8,7.50000000,Unknown,-1.00000000,NULL,5-6,1,-,-,-,The Minaret on Mt Zion collapsed (Zohar et al 2015),357,C
2017,9F1C9290-2C03-4FD1-810B-A8122EEFCB51,Old Walls Jerusalem (A),192,1834 May 26 (13:00),S,6.30000000,Hr,35.23000000,31.77000000,3,Moderate,No casualties,8-9,8.50000000,Unknown,-1.00000000,NULL,-,-,-,-,-,"In Jerusalem part of the wall, where it forms the outer enclosure of the al-Aqsa mosque, crumbled during the first shock (AM after Nicolayson 1911, 83–89)",357,C
2018,D937DF67-79A9-424C-9747-817C85E7FC4E,Minaret Mt. Olives [Delete],192,1834 May 26 (13:00),S,6.30000000,Hr,35.24566860,31.77933651,4,Heavy,No casualties,7-8,7.50000000,Unknown,-1.00000000,NULL,1,1,-,-,-,"One minaret in the city [The minaret on Mt. Zion, my addition] and another on the Mount of Olives were shaken down (Spyridon 1938)",357,C
2019,8F31689C-849F-4038-BF1F-6B74D922A1C8,Ascension Chapel,192,1834 May 26 (13:00),S,6.30000000,Hr,35.24566860,31.77933651,4,Heavy,No casualties,7-8,7.50000000,Unknown,-1.00000000,NULL,1,1,-,-,-,The cupola of the church of the Ascension caved in (Spyridon 1938),357,C
2020,B39270C8-6E08-4B7A-9D58-9434F3496DC5,St. Prodromos Church,192,1834 May 26 (13:00),S,6.30000000,Hr,35.23126499,31.77669384,3,Moderate,No casualties,7,7.00000000,Unknown,-1.00000000,NULL,1,1,-,-,-,"The church of St Prodromos was damaged (PEMS 1834, 176).",357,C
2021,16C07737-22E0-4BC3-8766-D53DB15C3575,Holy Sepulchre Church,192,1834 May 26 (13:00),S,6.30000000,Hr,35.22969717,31.77846795,3,Moderate,No casualties,7-8,7.50000000,Unknown,-1.00000000,NULL,1,5-10,-,-,-,"The masonry dome of the church of the Holy Sepulchre was damaged (PEMS 1834, 176) and, according to others, collapsed (Thompson 1835). In fact, the structure was only damaged, with the French and Russians pledging to finance its repair",357,C
2022,EFC700DC-E75E-4A1A-9087-0ABD4CC1B528,Dhiban,192,1834 May 26 (13:00),S,6.30000000,Hr,35.78000000,31.49000000,2,Light,No casualties,6,6.00000000,Unknown,-1.00000000,NULL,1,1,-,-,-,"The walls of the Church of the Cross were cracked (PEMS 1834, 176).",357,C
2023,EFC700DC-E75E-4A1A-9087-0ABD4CC1B528,Dhiban,192,1834 May 26 (13:00),S,6.30000000,Hr,35.78000000,31.49000000,3,Moderate,No casualties,7,7.00000000,Unknown,-1.00000000,NULL,1,1,-,-,-,The earthquake toppled the Moabite monolith of Meisha ((Klein 1868; Anderson 1997),357,C
2024,298E6A51-CC52-4806-9266-8CE38BA95E52,Tiberias,192,1834 May 26 (13:00),S,6.30000000,Hr,35.54223594,32.78604531,0,None,No casualties,1,1.00000000,Unknown,-1.00000000,NULL,NULL,NULL,NULL,NULL,NULL,Not felt (AM),357,C
2025,5739A990-624F-40EA-889D-4C8C3F91E053,Shouff (A),193,1837 Jan 01  (16:35),MA,7.10000000,Mr,35.54000000,33.83000000,0,None,Unknown,5,5.00000000,Unknown,-1.00000000,NULL,NULL,NULL,NULL,NULL,NULL,No reports (and perhaps also no damage),359,C-N
2026,C3FC61FD-5405-4E34-94AE-762D8DC403FB,Joun,193,1837 Jan 01  (16:35),MA,7.10000000,Mr,35.47000000,33.58000000,3,Moderate,Unknown,7,7.00000000,Unknown,-1.00000000,NULL,NULL,NULL,NULL,NULL,NULL,Was damaged but details are lacking (AM),359,C-N
2027,D7004196-0678-4CDA-8857-9BC6B4D4625C,Deir Mar-Elias [LB],193,1837 Jan 01  (16:35),MA,7.10000000,Mr,35.47000000,33.38000000,4,Heavy,Many casualties,8,8.00000000,Unknown,-1.00000000,NULL,NULL,NULL,NULL,72,NULL,Collapsed with the loss of 72 lives (AM),359,C-N
2028,CCA7F45E-FD8E-4CFB-A4CB-6E2AB37FFE4A,Qal'at al-Shubeibe,193,1837 Jan 01  (16:35),MA,7.10000000,Hr,35.71000000,33.25000000,4,Heavy,Unknown,7-8,7.50000000,Unknown,-1.00000000,NULL,NULL,NULL,NULL,NULL,NULL,"Parts of the Qal’at al-Shubeibe, which stands on the summit of a hill to the east of the village, collapsed (AM)",359,C-N
2030,473EF033-C9A0-424D-AF14-EF7F33690621,Jatt,193,1837 Jan 01  (16:35),MA,7.10000000,U,35.32000000,33.02000000,-1,U,Unknown,5-6,5.50000000,Unknown,-1.00000000,NULL,NULL,NULL,NULL,NULL,NULL,"Kafr Sumei was totally ruined. However, just west
of these villages, Jatt was probably not seriously damaged
(AM after Thomson 1837).",359,C-N
2031,1350C2D8-4124-4A70-A376-365B3553320E,I'bllin,193,1837 Jan 01  (16:35),MA,7.10000000,U,35.19000000,32.82000000,-1,U,Unknown,5,5.00000000,Unknown,-1.00000000,NULL,NULL,NULL,NULL,NULL,NULL,"Evlayin suffered relatively little and its minaret was left standing, but in nearby Shefar’am 86 houses were ruined and 139 heavily damaged (AM)",359,C-N
2032,11852F51-C018-4627-83E2-5D15A084CBFA,Bashan (A),193,1837 Jan 01  (16:35),MA,7.10000000,U,35.99000000,32.44000000,-1,U,Unknown,Unknown,-1.00000000,Unknown,-1.00000000,NULL,NULL,NULL,NULL,NULL,NULL,"In the Bashan, allegedly, fire was seen coming out
of the ground (AM after Calman 1837, Thomson 1837, Robinson
1856).",359,C-N
2033,EFC700DC-E75E-4A1A-9087-0ABD4CC1B528,Dhiban,193,1837 Jan 01  (16:35),MA,7.10000000,Hr,35.78000000,31.49000000,2,Light,Unknown,5,5.00000000,Unknown,-1.00000000,NULL,NULL,NULL,NULL,NULL,NULL,"In the Moab the shock caused sporadic destruction,
particularly to old sites such as at Dihban, where
some free-standing columns and arches were overthrown
(AM after Tristram 1874).",359,C-N
2034,591F6197-B17E-4552-965F-43A061F36404,Dead Sea East (A),193,1837 Jan 01  (16:35),MA,7.10000000,U,35.57000000,31.62000000,-1,U,Unknown,Unknown,-1.00000000,Unknown,-1.00000000,NULL,NULL,NULL,NULL,NULL,NULL,"Allegedly, after the earthquake large masses of bitumen were seen floating in the Dead Sea (AM after Robinson 1856)",359,C-N
2035,F466BC2A-1D81-4078-803C-AC6DD50F43A3,Dead Sea north 2 (A),210,1927 Jul 11 (15:04),S,6.25000000,Hr,35.46000000,31.72000000,-1,U,No casualties,Unknown,-1.00000000,8-9,8.50000000,NULL,NULL,NULL,NULL,NULL,NULL,"(1) MSK values follow (Avni 1999) while correction of the MSK values was done by Zohar and Marco (2012) [ZOMA] in accordance to the site-attributes of construction quality, topographic slope, surface geology and ground water level.",490,C
2036,E2F506EB-8CDD-4747-B829-C832AFCE9D52,Dead Sea north 3 (A),210,1927 Jul 11 (15:04),S,6.25000000,Hr,35.49000000,31.74000000,-1,U,No casualties,Unknown,-1.00000000,8-9,8.50000000,NULL,NULL,NULL,NULL,NULL,NULL,"(1) MSK values follow (Avni 1999) while correction of the MSK values was done by Zohar and Marco (2012) [ZOMA] in accordance to the site-attributes of construction quality, topographic slope, surface geology and ground water level.",490,C
2037,72D49B4F-9EF6-4F07-8E45-647E55049B85,Borochov Neibourhood [Tel Aviv],210,1927 Jul 11 (15:04),S,6.25000000,Hr,34.80000000,32.07000000,2,Light,No casualties,5-6,5.50000000,5-6,5.50000000,NULL,NULL,NULL,NULL,NULL,NULL,"(1) MSK values follow (Avni 1999) while correction of the MSK values was done by Zohar and Marco (2012) [ZOMA] in accordance to the site-attributes of construction quality, topographic slope, surface geology and ground water level.",490,C
2051,09252BEE-06F1-4C43-BC30-533B68813ED9,Batrun (Botrys),209,1918 Sep 29 (12:07),S,6.40000000,Hr,35.64000000,34.25000000,1,Felt,No casualties,6-7,6.50000000,Unknown,-1.00000000,NULL,NULL,NULL,NULL,NULL,NULL,Ambrasesyes and Adam (1993): strong shake,478,C-N
2052,7E3D9B68-BA32-45C2-A811-F76C415F5649,Ghazir,209,1918 Sep 29 (12:07),S,6.40000000,Hr,35.66375931,34.01868246,2,Light,No casualties,7,7.00000000,Unknown,-1.00000000,NULL,NULL,NULL,NULL,NULL,NULL,Ambrasesyes and Adam (1993): at Ghazir the shock caused the collapse of a bell tower and some minor damage to villages around Beirut,478,C-N
2053,A2E56845-D5C4-4A91-BAA8-1C973A3B4EEF,Larnaka,209,1918 Sep 29 (12:07),S,6.40000000,Hr,33.61850709,34.91681234,1,Felt,No casualties,6-7,6.50000000,Unknown,-1.00000000,NULL,NULL,NULL,NULL,NULL,NULL,Ambrasesyes and Adam (1993): the shock was strong in the districts of Larnaka and Ammochostos,478,C-N
2054,36857353-DAE7-4CF0-8FAB-C6D8FC72E2C5,Nicosia,209,1918 Sep 29 (12:07),S,6.40000000,Hr,33.35000000,35.15000000,1,Felt,No casualties,5-6,5.50000000,Unknown,-1.00000000,NULL,NULL,NULL,NULL,NULL,NULL,Ambrasesyes and Adam (1993),478,C-N
2055,3FDE7D05-7E9E-4FFD-9245-B7E8C1FE6B94,Limassol,209,1918 Sep 29 (12:07),S,6.40000000,Hr,33.00000000,34.59000000,1,Felt,No casualties,5-6,5.50000000,Unknown,-1.00000000,NULL,NULL,NULL,NULL,NULL,NULL,Ambrasesyes and Adam (1993),478,C-N
2056,6F46144A-7B74-4D95-BEEF-DC6D456CB433,Paphos,209,1918 Sep 29 (12:07),S,6.40000000,Hr,32.41000000,34.76000000,1,Felt,No casualties,5-6,5.50000000,Unknown,-1.00000000,NULL,NULL,NULL,NULL,NULL,NULL,Ambrasesyes and Adam (1993),478,C-N
2057,6E84A5C4-91FE-4BAD-A88F-E0E00738C530,Tel el-Saiidiyeh,119,c.1150,S,NULL,Mr,35.57000000,32.31000000,3,Moderate,Unknown,8,8.00000000,Unknown,-1.00000000,NULL,NULL,NULL,NULL,NULL,NULL,FR relates this damage to c. 1150. The reliability is Moderate since they consider earthquake-induced damage in archaeological sites only if it is attested by a minimum of two sufficiently distant sites and sites with evidence for surface rupture.,175,C
2058,4520A2B1-6528-4B59-866E-DCCEB3D71177,Tel Deir Alla,8,c.760-750 BCE,S,7.83000000,Dr,35.60000000,32.10000000,3,Moderate,Unknown,8,8.00000000,Unknown,-1.00000000,NULL,NULL,NULL,NULL,NULL,NULL,"AM follows archaeoseismic data (Dever 1992, 35, n. 10; Lemaire 1997, 139=750; Knauf 2002) and suggest the location was damaged by an earthquake, probably the one mentioned in Amos. Although there is no historical support, we grant a moderate credibility degree to the archaeoseismic findings.
AUS determine MMI = 9",15,C
2059,4520A2B1-6528-4B59-866E-DCCEB3D71177,Tel Deir Alla,119,c.1150,S,NULL,Mr,35.60000000,32.10000000,3,Moderate,Unknown,8,8.00000000,Unknown,-1.00000000,NULL,NULL,NULL,NULL,NULL,NULL,FR relates this damage to c. 1150. The reliability is Moderate since they consider earthquake-induced damage in archaeological sites only if it is attested by a minimum of two sufficiently distant sites and sites with evidence for surface rupture.,175,C
2060,88D395A0-8012-45E8-9DC0-A134627CEC66,Tel Al’ Umayri,119,c.1150,S,NULL,Mr,35.88860943,31.86851419,3,Moderate,Unknown,8,8.00000000,Unknown,-1.00000000,NULL,NULL,NULL,NULL,NULL,NULL,FR relates this damage to c. 1150. The reliability is Moderate since they consider earthquake-induced damage in archaeological sites only if it is attested by a minimum of two sufficiently distant sites and sites with evidence for surface rupture.,175,C
2061,015ED4F2-DCDE-4114-96D2-49D2414AE9F7,Tel Abu en-Ni’aj,246,c.2100-1700 BCE,S,NULL,Dr,35.56572537,32.42616833,3,Moderate,Unknown,8,8.00000000,Unknown,-1.00000000,NULL,NULL,NULL,NULL,NULL,NULL,FR suggest potential damage due to an earthquake in ~2300 BCE (Following Savage 2003),4,C
2065,31DF06E9-E49F-414F-AD9E-C757B33F6546,Khirbat Iskandar,246,c.2100-1700 BCE,S,NULL,Dr,35.76605856,31.57339144,3,Moderate,Unknown,8,8.00000000,Unknown,-1.00000000,NULL,NULL,NULL,NULL,NULL,NULL,FR suggest potential damage due to an earthquake in ~2300 BCE (Following Savage 2003),4,C
2069,334CBE97-4FE2-4EDD-857E-135707732A21,Khirbat al-Mafjar,97,1033 Dec 5 (night),MA,6.80000000,Mr,35.46008175,31.88377680,4,Heavy,Unknown,9,9.00000000,9-10,9.50000000,NULL,NULL,NULL,NULL,NULL,NULL,"Following ACV analysing the damage to the Hisham palace. The evidence is supported by the damage evidence to the nearby Jericho (AM, GC)",138,C
2071,D6CF1DC5-D0FB-4D3A-B54B-FF5E03B0AA56,Tel Ateret,134,1202 May 20 (0240),MA,7.50000000,Mr,35.62773538,33.00463080,4,Heavy,Unknown,10-11,10.50000000,Unknown,-1.00000000,NULL,NULL,NULL,NULL,NULL,NULL,Following excavations in Tell Ateret of EMK,222,C-N
2073,D6CF1DC5-D0FB-4D3A-B54B-FF5E03B0AA56,Tel Ateret,187,1759 Nov 25 ( 19:23),FMA,7.30000000,Mr,35.62773538,33.00463080,4,Heavy,Unknown,10-11,10.50000000,Unknown,-1.00000000,NULL,NULL,NULL,NULL,NULL,NULL,Following excavations in Tell Ateret of EMK. The earthquake identification might be also the one that occurred in 1759 October,319,C-N
2074,D6CF1DC5-D0FB-4D3A-B54B-FF5E03B0AA56,Tel Ateret,589,980-830 BCE (Iron age ||A),S,NULL,Mr,35.62773538,33.00463080,4,Heavy,Unknown,10-11,10.50000000,Unknown,-1.00000000,NULL,NULL,NULL,NULL,NULL,NULL,Following excavations in Tell Ateret of EMK,12,C-N
2075,D6CF1DC5-D0FB-4D3A-B54B-FF5E03B0AA56,Tel Ateret,588,142 BCE,S,NULL,Mr,35.62773538,33.00463080,4,Heavy,Unknown,10-11,10.50000000,Unknown,-1.00000000,NULL,NULL,NULL,NULL,NULL,NULL,Following excavations in Tel Ateret by EMK,27,C-N
2077,074B5802-672B-4A17-A933-700A78E1D7AF,Roman Theater/Tiberias,71,749/Early 750,FM,7.20000000,Mr,35.54381513,32.77441350,4,Heavy,Unknown,9,9.00000000,Unknown,-1.00000000,NULL,NULL,NULL,NULL,NULL,NULL,FKH dates the destruction to the Roman Theater to mid-8th century CE. It can be this event but perhaps the one before or the one after,111,C
2078,25B1CC41-24D1-444F-A42C-04B58CFAA1BD,Umm-El-Qanatir,71,749/Early 750,FM,7.20000000,Mr,35.72985906,32.84343589,4,Heavy,Unknown,9-10,9.50000000,Unknown,-1.00000000,NULL,NULL,NULL,NULL,NULL,NULL,"The destruction, which forced the abandonment of Umm-El-Qanatir together with nearby settlements, was associated with the earthquake of January 18, 749 CE (WE)",111,C
2079,771D0E26-1645-4ECF-8C48-566B27ED6D4E,Tel Yavneh,65,659 Jun 7 (659 Sep-660 Aug),MA,6.60000000,Mr,34.74834311,31.86515249,4,Heavy,Unknown,9,9.00000000,Unknown,-1.00000000,NULL,NULL,NULL,NULL,NULL,NULL,"LYT proposed that the kiln
went out of use due to the early June 659 CE earthquake. They also propose that the recovery of the Yavneh
workshops was no longer economically worthwhile, maybe in part due to changes in economic and political conditions in the region following the Muslim conquest",98,C
2080,D16FE6D2-DEBE-42CB-9B5E-4900D551CA79,Miʿilyā,134,1202 May 20 (0240),MA,7.50000000,Mr,35.25706604,33.02771860,4,Heavy,Unknown,8-9,8.50000000,Unknown,-1.00000000,NULL,NULL,NULL,NULL,NULL,NULL,"Archaeological remains show that it was severe–violent with high intensity, probably VIII+ (KH)",222,C-N
2081,AA35A5ED-3ADB-4654-B3E7-8F53EE7D1413,Holy Mt./Temple,8,c.760-750 BCE,S,7.83000000,Mr,35.23555404,31.77788817,3,Moderate,Unknown,8-9,8.50000000,Unknown,-1.00000000,NULL,NULL,NULL,NULL,NULL,NULL,"AM & GCT following Josephus in his Antiquities of the Jews. Accordingly, the earthquake cause a crack in the Temple at Jerusalem. Also Nathan ha-Bavli (was writing in the middle of the second century AD) saying that at the time of the desecration of the temple by Uzziah, the temple split open and the fissure extended for twelve ‘miles’.
AUS determine MMI = 9",15,C
2083,3984008F-D0EA-408F-B5F8-84D35198CB95,Ein-Rogel,8,c.760-750 BCE,S,7.83000000,Mr,35.22000000,31.76000000,-1,U,Unknown,Unknown,-1.00000000,Unknown,-1.00000000,NULL,NULL,NULL,NULL,NULL,NULL,"AM following Josephus in his Antiquities of the Jews. Accordingly, half of the mountain in the west broke off from the rest and slid 800 m up to the mountain on the east, spoiling the king’s gardens",15,C
2084,6E54B347-F84F-4389-8723-57DB1502B5DE,Ben Hinnom Valley (A),8,c.760-750 BCE,S,7.83000000,Mr,35.22640000,31.77100000,-1,U,Unknown,Unknown,-1.00000000,Unknown,-1.00000000,NULL,NULL,NULL,NULL,NULL,NULL,GCT based on Josephus and Natan HaBavli note a possible landslide at the Valley of Hinnom,15,C
2085,93E3043A-F807-4403-BDAD-0F82C9246153,Tekoah,8,c.760-750 BCE,S,7.83000000,Dr,35.22930000,31.65230000,3,Moderate,Unknown,8,8.00000000,Unknown,-1.00000000,NULL,NULL,NULL,NULL,NULL,NULL,"Following the book of Amos 1.1 that lived in Tekoa. Considering the earthquake was well remembered and narrated, it probably caused also damge in Teqoa, home origin of Amos, although his prophecy was in Bethel (Amos 7.13).",15,C
2086,463CF28B-57FF-4363-A369-48F3947ABB08,Bethel,8,c.760-750 BCE,S,7.83000000,Mr,35.24130000,31.92270000,4,Heavy,Unknown,8-9,8.50000000,Unknown,-1.00000000,NULL,NULL,NULL,NULL,NULL,NULL,"AUS cites Kelso 1968 and mention damage to Bethel after Amos 3. 14-15; 9.1 with linkage to the c.760-750 BCE. The prophecy of Amos was in Bethel (Amos 7.13)and thus it is resonable to assume Bethel was heavily damaged.
AUS determine MMI = 9",15,C
2087,84840C32-7F62-4497-B8FE-1D6E85D21C13,Tel Erany,8,c.760-750 BCE,S,7.83000000,Dr,34.77160000,31.60610000,3,Moderate,Unknown,8,8.00000000,Unknown,-1.00000000,NULL,NULL,NULL,NULL,NULL,NULL,"AUS note of unspesidied damage that may be linked with this eathquake.
AUS determine MMI = 8",15,C
2088,05117A09-21B8-42F8-9C6A-3DC36493AA49,Tel Judeidah,8,c.760-750 BCE,S,7.83000000,Dr,34.91660000,31.63330000,3,Moderate,Unknown,8,8.00000000,Unknown,-1.00000000,NULL,NULL,NULL,NULL,NULL,NULL,"AUS after Gibson 1994 suggest a damage to Tel Judeideh. The later is close to Lachish and thus had Lachish was damaged, surely it occurred in Tel Judeideh as well
AUS determine MMI = 8",15,C
2089,1CC5BC2C-99DA-4479-B8BB-A6FEF8BCF5BF,Ein Hatseva,8,c.760-750 BCE,S,7.83000000,Dr,35.24000000,30.80000000,3,Moderate,Unknown,7,7.00000000,Unknown,-1.00000000,NULL,NULL,NULL,NULL,NULL,NULL,"AUS mention damage to En Hazeva (after Cohen and Yisrael, 1995).
AUS determine MMI = 7",15,C
2103,8B0ECE77-755E-4497-BE34-6EA7DCB86A9C,Baalbeq,70,c.746 Jan,MA,7.20000000,Mr,36.20000000,34.00000000,4,Heavy,Unknown,8,8.00000000,Unknown,-1.00000000,NULL,NULL,NULL,NULL,NULL,NULL,"Some parts of Baalbek collapsed, and the spring there temporarily turned red (AM)",110,N
2104,D744E9B4-E0A5-4E5B-A5F1-6695B807B5C7,Ghutah,70,c.746 Jan,MA,7.20000000,Mr,36.42000000,33.49000000,5,Severe,Many casualties,9,9.00000000,Unknown,-1.00000000,NULL,NULL,NULL,NULL,NULL,NULL,"In the surrounding, well-watered and fertile plain of Ghautah damage and loss of life was considerable, particularly at Daraiya (AM)",110,N
2105,59D7B303-2E4B-4FE5-980B-0CE1F3F60BD6,Darayya,70,c.746 Jan,MA,7.20000000,Mr,36.25000000,33.45000000,4,Heavy,Many casualties,9,9.00000000,Unknown,-1.00000000,NULL,NULL,NULL,NULL,NULL,NULL,"In the surrounding, well-watered and fertile plain of Ghautah damage and loss of life was considerable, particularly at Daraiya (AM)",110,N
2107,54D2D679-7DDB-4FD5-86BD-25062FE8EDCE,Dara'a,70,c.746 Jan,MA,7.20000000,Dr,35.97000000,32.59000000,4,Heavy,Unknown,9,9.00000000,Unknown,-1.00000000,NULL,NULL,NULL,NULL,NULL,NULL,"It is said that, further south, Nawa and Deraat were destroyed (AM)",110,N
2109,C470B1FC-CE33-4D91-92A3-BA609DEA3F47,Unknown,70,c.746 Jan,MA,7.20000000,Dr,33.65082151,33.05128774,4,Heavy,Many casualties,9,9.00000000,Unknown,-1.00000000,NULL,NULL,NULL,NULL,>80,NULL,"[TODO - locate this site] A fortress at Beit Qoubaya was completely destroyed and more than 80 people were killed, in addition to those who perished in the town. The location of Beit Qoubaya is uncertain. There is a site in northern Lebanon called al-Qubayyat (35.57? N, 36.29? E) southwest of Homs. However, damage to Homs, an important
urban centre, is not mentioned (AM).",110,N
2110,298E6A51-CC52-4806-9266-8CE38BA95E52,Tiberias,70,c.746 Jan,MA,7.20000000,Mr,35.54223594,32.78604531,4,Heavy,Unknown,9-10,9.50000000,Unknown,-1.00000000,NULL,NULL,NULL,NULL,> 10000 [?],NULL,"West of Daraat, Tiberias was almost totally destroyed, including 30 Jewish synagogues, the baths of
Solomon and the edifice of a purgative spring; all these
buildings disappeared. (This was first suggested by Margaliot
(1941).) It is said that at Tiberias,more than 100 000
(sic.) men died (Agap. 521/261), which is obviously a grossly exaggerated estimate (AM",110,N
2111,B620EDF8-2758-48C7-AA94-9D474412B808,Khirbet Kerak,70,c.746 Jan,MA,7.20000000,Mr,35.57000000,32.71000000,-1,U,Unknown,Unknown,-1.00000000,Unknown,-1.00000000,NULL,NULL,NULL,NULL,NULL,NULL,Coeval damage (AM),110,N
2112,908ADBB8-45E6-4574-AF87-D0765398DBF3,Bet-She'an,70,c.746 Jan,MA,7.20000000,Mr,35.48000000,32.50000000,-1,U,Unknown,Unknown,-1.00000000,Unknown,-1.00000000,NULL,NULL,NULL,NULL,NULL,NULL,Coeval damage (AM),110,N
2113,1D5F3370-A0F1-4734-9E45-9322D8D5736D,Galei Kinneret,70,c.746 Jan,MA,7.20000000,Mr,35.54389945,32.78387224,-1,U,Unknown,Unknown,-1.00000000,Unknown,-1.00000000,NULL,NULL,NULL,NULL,NULL,NULL,Coeval damage (AM after Marco 2003),110,N
2115,2BB31895-5D02-40FB-A036-9854A01F6199,Mt. Tabor,70,c.746 Jan,MA,7.20000000,Mr,35.39000000,32.68000000,3,Moderate,No casualties,Unknown,-1.00000000,Unknown,-1.00000000,NULL,NULL,NULL,NULL,NULL,NULL,Landslides in Mt. Tabor,110,N
2116,3D4C960E-D2F2-4946-9AED-853E22EBDB81,Jezree'l Valley (A),70,c.746 Jan,MA,7.20000000,Mr,35.35000000,32.53000000,-1,U,Unknown,Unknown,-1.00000000,Unknown,-1.00000000,NULL,NULL,NULL,NULL,NULL,NULL,"We are told that the people of the Sharon Valley were ‘plunged’.
It is not clear whether this means that the valley was flooded as a result of the earthquake or due to some other cause. Also, it is not known whether this was the Plain of
Sharon, near the Mediterranean coast, or the inland valley of Jezreel, southwest of Tiberias. A plausible explanation would be that this description refers to the effects
of widespread liquefaction of a low-lying plain, probably around Tiberias and to the south of it along the Jordan Valley (AM after Margaliot 1941)",110,N
2117,372EE9DF-BD1C-4FE4-8BAF-B7DEDDA3BCA8,Jerusalem,70,c.746 Jan,MA,7.20000000,Dr,35.23371042,31.77430227,3,Moderate,Unknown,Unknown,-1.00000000,Unknown,-1.00000000,NULL,NULL,NULL,NULL,NULL,NULL,"Although it is possible that Jerusalem sustained some damage, the sources do not refer to it. They do describe at some length the repairable and irreparable damage caused to the Aksa mosque around its mihrab, but details about damage to other buildings and houses in Jerusalem are lacking (AM aftter Theoph. 422; al-Dhah. Tar. Islam v. 39–40).",110,N
2118,E14D7DB9-9A00-4F0C-A710-1442E7F3317A,Gaza,70,c.746 Jan,MA,7.20000000,Mr,34.46000000,31.50000000,1,Felt,Unknown,5,5.00000000,Unknown,-1.00000000,NULL,NULL,NULL,NULL,NULL,NULL,After AM,110,N
2119,A0C86E88-21A1-44AE-A572-41F8959585E9,Egypt (A),70,c.746 Jan,MA,7.20000000,Mr,31.49000000,28.61000000,1,Felt,Unknown,5,5.00000000,Unknown,-1.00000000,NULL,NULL,NULL,NULL,NULL,NULL,After AM,110,N
2120,97C8C610-C8AD-4078-85FE-26A445E516FF,Damietta,70,c.746 Jan,MA,7.20000000,Mr,31.81000000,31.42000000,1,Felt,Unknown,5,5.00000000,Unknown,-1.00000000,NULL,NULL,NULL,NULL,NULL,NULL,After AM,110,N
2121,BF3D941B-3A5E-4C6E-9CDE-35515634AF69,Cairo,70,c.746 Jan,MA,7.20000000,Mr,31.20000000,30.04000000,1,Felt,Unknown,5,5.00000000,Unknown,-1.00000000,NULL,NULL,NULL,NULL,NULL,NULL,After AM,110,N
2122,6D46ED35-5536-4299-83C6-D867743CB461,Ismailia,210,1927 Jul 11 (15:04),S,6.25000000,Mr,32.27903944,30.60179463,1,Felt,No casualties,3-4,3.50000000,Unknown,-1.00000000,NULL,NULL,NULL,NULL,NULL,NULL,Avni 1999 after Haa'retz 14.07,490,C
2123,ED0EFD0B-6FD4-4C95-93C2-38CF279D3876,Tanta,210,1927 Jul 11 (15:04),S,6.25000000,Mr,30.99846508,30.78414364,1,Felt,No casualties,3-4,3.50000000,Unknown,-1.00000000,NULL,NULL,NULL,NULL,NULL,NULL,Avni 1999 after Haa'retz 14.07,490,C
2124,B522CDA4-1AB6-4C45-B439-2E723C2A67F0,Suez,210,1927 Jul 11 (15:04),S,6.25000000,Mr,32.54000000,29.97000000,1,Felt,No casualties,4,4.00000000,Unknown,-1.00000000,NULL,NULL,NULL,NULL,NULL,NULL,Avni 1999 after Haa'retz 14.07,490,C
2125,80E454E5-8B1D-4D54-9DA7-AF421757C262,Alexandreta,210,1927 Jul 11 (15:04),S,6.25000000,Mr,36.17000000,36.58000000,1,Felt,No casualties,3,3.00000000,Unknown,-1.00000000,NULL,NULL,NULL,NULL,NULL,NULL,"Avni 1999 after Barlotti, 84",490,C
2126,6C37CC8B-7F51-4557-BA02-A7A23966EFD3,Aleppo,210,1927 Jul 11 (15:04),S,6.25000000,Mr,37.15000000,36.21000000,1,Felt,No casualties,3,3.00000000,Unknown,-1.00000000,NULL,NULL,NULL,NULL,NULL,NULL,"Avni 1999 after Barlotti, 83",490,C
2127,3233324F-19EA-4AC7-9426-AC853B0B1163,Al-Azraq,210,1927 Jul 11 (15:04),S,6.25000000,Dr,36.82927598,31.87982698,-1,U,Unknown,Unknown,-1.00000000,Unknown,-1.00000000,NULL,NULL,NULL,NULL,NULL,NULL,"Avni, 1999 after 'el-Ahrar'",490,C
2128,49B662D3-8A24-47E2-8B00-7FC6CF03E67D,Al-Ressipah,210,1927 Jul 11 (15:04),S,6.25000000,Mr,36.04566549,32.02804571,2,Light,No casualties,7-8,7.50000000,Unknown,-1.00000000,NULL,NULL,8,NULL,NULL,NULL,"Avni, 1999 after Haa'retz 21.07",490,C
2129,E7C38BC6-33F2-4076-8EC7-FFC3EE4289AF,Be'er Sheva,210,1927 Jul 11 (15:04),S,6.25000000,Mr,34.78000000,31.24000000,1,Felt,No casualties,4-5,4.50000000,5,5.00000000,NULL,NULL,NULL,NULL,NULL,NULL,TODO - delete,490,C
2500,372EE9DF-BD1C-4FE4-8BAF-B7DEDDA3BCA8,Jerusalem,254,c.65 BCE,S,NULL,Dr,35.23371042,31.77430227,3,Moderate,Unknown,8,8.00000000,Unknown,-1.00000000,NULL,NULL,NULL,NULL,NULL,NULL,"AM ollowing the Babylonian Talmud. Baba Kama: ""earthquake struck Israel and the land trembled a hundred miles in all directions"". KA2 questions and event that hit Jerusalem",30,N
2501,E2D55CBE-8E94-49E0-97B4-6759C130EFFF,Unspecified,254,c.65 BCE,S,NULL,Dr,35.92000000,33.29000000,4,Heavy,Unknown,10,10.00000000,Unknown,-1.00000000,NULL,NULL,NULL,NULL,NULL,NULL,Doubtful damage in Crimea. Both GCT and AM questions the report of Orosius.,30,N
2502,1EBBDB95-7238-4136-BC07-DD8639C73F05,Tyre,463,525 BCE,S,NULL,Dr,35.21000000,33.26000000,3,Moderate,Unknown,8,8.00000000,Unknown,-1.00000000,NULL,NULL,NULL,NULL,NULL,NULL,Following SDM,17,C-N
2503,5472F125-084A-49EE-BE2A-AADB2C17C1C2,Sidon,463,525 BCE,S,NULL,Dr,35.37000000,33.56000000,3,Moderate,Unknown,8,8.00000000,Unknown,-1.00000000,NULL,NULL,NULL,NULL,NULL,NULL,Following SDM,17,C-N
2504,58CA6784-2E1A-4796-B418-A6F14080AC5F,East Mediterranean (A),18,92 Feb 28 BCE,S,NULL,Dr,34.12000000,34.07000000,-1,U,Unknown,Unknown,-1.00000000,Unknown,-1.00000000,NULL,NULL,NULL,NULL,NULL,NULL,AM (p.96) and KA2 question the entry in BM5 concerning the reliability of this event and elaborate the sequence of sources leading to a potential spurious event.,29,C
2506,E0A3CC35-34B4-4C7A-99A6-8B69DCCFA2BF,Syria (A),18,92 Feb 28 BCE,S,NULL,Dr,37.03000000,34.93000000,1,Felt,Unknown,5-6,5.50000000,Unknown,-1.00000000,NULL,NULL,NULL,NULL,NULL,NULL,AM (p.96) and KA2 question the entry in BM5 concerning the reliability of this event and elaborate the sequence of sources leading to a potential spurious event.,29,C
2507,5A686BB1-27BE-45D3-9FFC-A684F46DF552,Palestine (A),18,92 Feb 28 BCE,S,NULL,Dr,35.20000000,32.39000000,1,Felt,Unknown,5-6,5.50000000,Unknown,-1.00000000,NULL,NULL,NULL,NULL,NULL,NULL,AM (p.96) and KA2 question the entry in BM5 concerning the reliability of this event and elaborate the sequence of sources leading to a potential spurious event.,29,C
2508,BB5D8F8F-8786-49F7-B051-2657F9517C5B,Arava (A),592,338-213 BCE,Unknown,NULL,Mr,35.26000000,30.70000000,3,Moderate,Unknown,8,8.00000000,Unknown,-1.00000000,NULL,NULL,NULL,NULL,NULL,NULL,KLA dates and event which probably caused considerable damage in the Arava area,19,S
2509,0930890E-E905-4975-8D2D-C5CA831124EE,Aqaba,592,338-213 BCE,Unknown,NULL,Dr,35.00000000,29.52000000,3,Moderate,Unknown,8,8.00000000,Unknown,-1.00000000,NULL,NULL,NULL,NULL,NULL,NULL,Shaked et al 2011 date two successive down-faulting events which may be associated with this event. Thus Aqaba may have been hit as well,19,S
2510,D6CF1DC5-D0FB-4D3A-B54B-FF5E03B0AA56,Tel Ateret,590,Post Hellenistic period,Unknown,NULL,Dr,35.62773538,33.00463080,3,Moderate,Unknown,8,8.00000000,Unknown,-1.00000000,NULL,NULL,NULL,NULL,NULL,NULL,EMK dates damage to Ateret by post-Hellenic period which may indicate damge from one of the already known earthquakes,31,C-N
2511,E0A3CC35-34B4-4C7A-99A6-8B69DCCFA2BF,Syria (A),20,31 early spring BCE,S,6.70000000,Dr,37.03000000,34.93000000,3,Moderate,Unknown,8,8.00000000,Unknown,-1.00000000,NULL,NULL,NULL,NULL,NULL,NULL,"AM: It has been suggested that the
reference should be to Salaminias in Syria or to Samaria in Palestine, which is not tenable (Stauffenberg 1931, 179,
n. 108)",34,C
2512,AAB48A30-692A-445F-AC67-522A5063CBEF,Galilee (A),20,31 early spring BCE,S,6.70000000,Dr,35.45000000,32.91000000,3,Moderate,Unknown,8,8.00000000,Unknown,-1.00000000,NULL,NULL,NULL,NULL,NULL,NULL,Following AM,34,C
