Order_Date,Full_Date,Numeric_Date,Event_Type,Event_Mag,Rel,SITE_NAME,POINT_X,POINT_Y,Damage,Damage_Val,Causalties_Val,EMS98_Value,EMS98_Num,MSK_Value,MSK_Num,Other_Intensity,Total_Bld,Damaged_Bld,Total_Pop,Casualties,Injuries,Description
-1,Unknown,-10000.00000000,U,NULL,Mr,Tel Ateret,35.62773538,33.00463080,4,Heavy,U,9-10,9.50000000,U,-1.00000000,NULL,NULL,NULL,NULL,NULL,NULL,Following excavations in Tell Ateret of EMK. The offset that is related to this section was probably the result of multiple unknown events
1,c. 8.4–9.0 ka BCE,-8000.00000000,U,NULL,Mr,Qiryat Shemona-EEA (A),35.55000000,33.19000000,-1,U,U,U,-1.00000000,U,-1.00000000,NULL,NULL,NULL,NULL,NULL,NULL,KKW have identified rock falls close to Qiryat Shemona (northern Israel). Could be the event between c. 8.4–9.0 ka BCE resolved by DAKL.
8,~2900 BCE,2900.00000000,U,NULL,Dr,Tel el-Saiidiyeh,35.57000000,32.31000000,3,Moderate,U,8,8.00000000,U,-1.00000000,NULL,NULL,NULL,NULL,NULL,NULL,FR following Tubb 1988
8,~2900 BCE,2900.00000000,U,NULL,Dr,Tel el-Fukhar,35.95276963,32.68074620,3,Moderate,U,8,8.00000000,U,-1.00000000,NULL,NULL,NULL,NULL,NULL,NULL,FR following Savage 2003
11,c.2100-1700 BCE,-1900.00000000,S,NULL,Dr,Tel Abu en-Ni’aj,35.56572537,32.42616833,3,Moderate,U,8,8.00000000,U,-1.00000000,NULL,NULL,NULL,NULL,NULL,NULL,FR suggest potential damage due to an earthquake in ~2300 BCE (Following Savage 2003)
11,c.2100-1700 BCE,-1900.00000000,S,NULL,Dr,Khirbat Iskandar,35.76605856,31.57339144,3,Moderate,U,8,8.00000000,U,-1.00000000,NULL,NULL,NULL,NULL,NULL,NULL,FR suggest potential damage due to an earthquake in ~2300 BCE (Following Savage 2003)
11,c.2100-1700 BCE,-1900.00000000,S,NULL,Mr,Qiryat Shemona-EEA (A),35.55000000,33.19000000,-1,U,U,U,-1.00000000,U,-1.00000000,NULL,NULL,NULL,NULL,NULL,NULL,KKW suggest rock falls close to Qiryat Shemona . Could be the the 2050/2100 BCE earthquake (or two separate events) suggested by MIG
11,c.2100-1700 BCE,-1900.00000000,S,NULL,Pr,Judea (A),35.35000000,32.08000000,-1,U,U,U,-1.00000000,U,-1.00000000,NULL,NULL,NULL,NULL,NULL,NULL,"The possibilities of an earthquake damage, volcanic eruption or gas emission are controversial and need further verification (AM)"
11,c.2100-1700 BCE,-1900.00000000,S,NULL,Pr,Sodom and Ghomorrah,35.50000000,31.20000000,5,Severe,U,U,-1.00000000,U,-1.00000000,NULL,NULL,NULL,NULL,NULL,NULL,Following AM
11,c.2100-1700 BCE,-1900.00000000,S,NULL,Pr,Zoar,35.46000000,30.99000000,5,Severe,U,U,-1.00000000,U,-1.00000000,NULL,NULL,NULL,NULL,NULL,NULL,Zoar was spared (AM)
11,c.2100-1700 BCE,-1900.00000000,S,NULL,Pr,Admah,35.45000000,31.07000000,5,Severe,U,9-10,9.50000000,U,-1.00000000,NULL,NULL,NULL,NULL,NULL,NULL,Admah was destroyed (AM)
11,c.2100-1700 BCE,-1900.00000000,S,NULL,Pr,Ze'boim,35.47000000,31.04000000,5,Severe,U,9-10,9.50000000,U,-1.00000000,NULL,NULL,NULL,NULL,NULL,NULL,Ze'boim was destroyed (AM)
11,c.2100-1700 BCE,-1900.00000000,S,NULL,Dr,Nizanna,34.43000000,30.87000000,-1,U,U,U,-1.00000000,U,-1.00000000,NULL,NULL,NULL,NULL,NULL,NULL,TODO: verify
12,c.1400 BCE,-1400.00000000,S,NULL,Pr,Jericho,35.46264709,31.86013890,4,Heavy,U,9,9.00000000,U,-1.00000000,NULL,NULL,NULL,NULL,NULL,NULL,The collapse of the Jericho walls allegedly attributed to an earthquake (see discussion in AM)
13,c.1365 BCE,-1365.00000000,S,NULL,Pr,Ugarit,35.80000000,35.65000000,-1,U,U,U,-1.00000000,U,-1.00000000,NULL,NULL,NULL,NULL,NULL,NULL,TODO
14,c.1250 BCE,-1250.00000000,U,NULL,U,Palestine (A),35.20000000,32.39000000,0,None,U,U,-1.00000000,U,-1.00000000,NULL,NULL,NULL,NULL,NULL,NULL,TODO
16,c.1070 BCE,-1070.00000000,S,NULL,Pr,Mizpeh,35.21000000,31.88000000,0,None,U,U,-1.00000000,U,-1.00000000,NULL,NULL,NULL,NULL,NULL,NULL,TODO
17,980-830 BCE (Iron age ||A),-980.00000000,S,NULL,Pr,Tel Rehov,35.49000000,32.45000000,4,Heavy,U,6-7,6.50000000,U,-1.00000000,NULL,NULL,Few,NULL,NULL,NULL,"Earthquake that damaged Tel Rehov at late 10th until the early 9th century BCE. The linkage to this earthquake (980-830 BCE (Iron age ||A)) is to be clarified. Reference: Ben-Yosef, E., & Ron, H. (2016). Reconstructing a Seismic Destruction at Tel Rehov: Insights from a Plaeomagnetic Test on Tilted Walls in Area C, Stratum V. In A. Mazar & N. Panitz-Cohen (Eds.), Tel Rehov: The 1997-2012 excavations Jerusalem: Qedem."
17,980-830 BCE (Iron age ||A),-980.00000000,S,NULL,Mr,Tel Ateret,35.62773538,33.00463080,4,Heavy,U,10-11,10.50000000,U,-1.00000000,NULL,NULL,NULL,NULL,NULL,NULL,Following excavations in Tell Ateret of EMK
18,854 BCE,-854.00000000,U,NULL,U,Unspecified,35.92000000,33.29000000,0,None,U,U,-1.00000000,U,-1.00000000,NULL,NULL,NULL,NULL,NULL,NULL,TODO
19,c.760-750 BCE,-760.00000000,S,7.83000000,Dr,Araq el-Amir,35.75000000,31.91000000,3,Moderate,U,8,8.00000000,U,-1.00000000,NULL,NULL,NULL,NULL,NULL,NULL,"AM following Butler, 1907"
19,c.760-750 BCE,-760.00000000,S,7.83000000,Dr,Tel Gezer,34.92000000,31.87000000,3,Moderate,U,8,8.00000000,U,-1.00000000,NULL,NULL,NULL,NULL,NULL,NULL,"AM; GCT are based on archaeological Remains of Dever and Younker 1991, 286; Younker 1991; Dever 1992, 30. Also, AM suggests they the site is included in the list of cities conquered by the Egyptians (pharaoh Sheshonk I) which might explain damage from a different source.
AUS determine MMI = 9"
19,c.760-750 BCE,-760.00000000,S,7.83000000,Dr,Tel Hazor,35.56000000,33.01000000,3,Moderate,U,9,9.00000000,U,-1.00000000,NULL,NULL,NULL,NULL,NULL,NULL,"AM; GCT based on Yadin 1972, 113, 181; Dever 1992, 28; Knauf 2002 suggest a possible damage to Tel Hazor. AUS determine MMI = 10"
19,c.760-750 BCE,-760.00000000,S,7.83000000,Hr,Tiberias - Southern Gate,29.75160000,33.67970000,3,Moderate,U,8-9,8.50000000,U,-1.00000000,NULL,NULL,NULL,NULL,NULL,NULL,"Though Jerusalem is not specifically mentioned, had there been a great earthquake (which we believe that occurred), Jerusalem was damaged. BM5 and AUS assign an intensity of VIII and IX, respectively. AM and GCT, based on Josephus and Nathan HaBavli, note that Jerusalem was hit in Ein-Rogel (landslides), the Temple, Valley of Hinnom (landslides) and perhaps Olive Mt."
19,c.760-750 BCE,-760.00000000,S,7.83000000,Hr,Jerusalem,35.23371042,31.77430227,3,Moderate,U,8-9,8.50000000,U,-1.00000000,NULL,NULL,NULL,NULL,NULL,NULL,"Though Jerusalem is not specifically mentioned, had there been a great earthquake (which we believe that occurred), Jerusalem was damaged. BM5 and AUS assign an intensity of VIII and IX, respectively. AM and GCT, based on Josephus and Nathan HaBavli, note that Jerusalem was hit in Ein-Rogel (landslides), the Temple, Valley of Hinnom (landslides) and perhaps Olive Mt."
19,c.760-750 BCE,-760.00000000,S,7.83000000,Hr,Judea (A),35.35000000,32.08000000,3,Moderate,U,8-9,8.50000000,U,-1.00000000,NULL,NULL,NULL,NULL,NULL,NULL,"The description in Amos 1.1, imply of event that was relatively massive to date or reference accordingly  the Amos's prophecy. The 6th century Zecharia and perhaps also Isaiah imply of probable event (AM)"
19,c.760-750 BCE,-760.00000000,S,7.83000000,Dr,Kh. el-Asiq,35.64765205,32.78536381,3,Moderate,U,8,8.00000000,U,-1.00000000,NULL,NULL,NULL,NULL,NULL,NULL,AM following Dever 1992
19,c.760-750 BCE,-760.00000000,S,7.83000000,Dr,Lachish,34.84000000,31.56000000,3,Moderate,U,8,8.00000000,U,-1.00000000,NULL,NULL,NULL,NULL,NULL,NULL,"AM is based on archaeological Remains of Ussishkin 1977, 5; Dever
1992, 35, n. 10; Herzog 2002, 97.
AUS determine MMI = 8"
19,c.760-750 BCE,-760.00000000,S,7.83000000,Dr,Megiddo,35.10000000,32.50000000,3,Moderate,U,8,8.00000000,U,-1.00000000,NULL,NULL,NULL,NULL,NULL,NULL,AM based on Knauf 2002 suggest the earthquake might have damaged Megido. AM also suggests that this site is included in the list of cities conquered by the Egyptians (pharaoh Sheshonk I) which might explain damage from a different source
19,c.760-750 BCE,-760.00000000,S,7.83000000,Dr,Samaria,35.29000000,32.42000000,3,Moderate,U,8,8.00000000,U,-1.00000000,NULL,NULL,NULL,NULL,NULL,NULL,"AM notes that according to Crisler 2003; 2004, Samaria might have been damaged.
AUS determine MMI = 9"
19,c.760-750 BCE,-760.00000000,S,7.83000000,Dr,Tel el-Hama,35.65000000,32.68000000,3,Moderate,U,8,8.00000000,U,-1.00000000,NULL,NULL,NULL,NULL,NULL,NULL,AM: Included in the list of cities conquered by the Egyptians (pharaoh Sheshonk I) which might explain damage from a different source
19,c.760-750 BCE,-760.00000000,S,7.83000000,Dr,Tel el-Saiidiyeh,35.57000000,32.31000000,3,Moderate,U,8,8.00000000,U,-1.00000000,NULL,NULL,NULL,NULL,NULL,NULL,AM: Included in the list of cities conquered by the Egyptians (pharaoh Sheshonk I) which might explain damage from a different source
19,c.760-750 BCE,-760.00000000,S,7.83000000,Dr,Tel Arad,35.12000000,31.28000000,3,Moderate,U,8,8.00000000,U,-1.00000000,NULL,NULL,NULL,NULL,NULL,NULL,"AM is based on archaeological Remains of Herzog and Singer 2002, 96–98; Singer-Avitz 2002, 162"
19,c.760-750 BCE,-760.00000000,S,7.83000000,Dr,Tel Bee'r Sheva,34.84040000,31.24470000,3,Moderate,U,8,8.00000000,U,-1.00000000,NULL,NULL,NULL,NULL,NULL,NULL,"AM is based on archaeological Remains of Herzog (2002).
AUS determine MMI = 8"
19,c.760-750 BCE,-760.00000000,S,7.83000000,Dr,Tel Mevorakh,34.96000000,32.03000000,3,Moderate,U,8,8.00000000,U,-1.00000000,NULL,NULL,NULL,NULL,NULL,NULL,AM after Mazar 1993: Included in the list of cities conquered by the Egyptians (pharaoh Sheshonk I) which might explain damage from a different source
19,c.760-750 BCE,-760.00000000,S,7.83000000,Dr,Tel Michal,34.80000000,32.14000000,3,Moderate,U,8,8.00000000,U,-1.00000000,NULL,NULL,NULL,NULL,NULL,NULL,AM after Mazar 1993: Included in the list of cities conquered by the Egyptians (pharaoh Sheshonk I) which might explain damage from a different source
19,c.760-750 BCE,-760.00000000,S,7.83000000,Dr,Tel Abu Hawan,35.55000000,32.82000000,3,Moderate,U,8,8.00000000,U,-1.00000000,NULL,NULL,NULL,NULL,NULL,NULL,"AM is based on archaeological Remains of  Balensi 1980, 586;
Warren and Hankey 1989, 161, was damaged between 1125–1050 BC. AM also suggests that this site is included in the list of cities conquered by the Egyptians (pharaoh Sheshonk I) which might explain damage from a different source"
19,c.760-750 BCE,-760.00000000,S,7.83000000,Dr,Tel el-Mazar,35.35910000,32.52720000,3,Moderate,U,8,8.00000000,U,-1.00000000,NULL,NULL,NULL,NULL,NULL,NULL,AM: Included in the list of cities conquered by the Egyptians (pharaoh Sheshonk I) which might explain damage from a different source
19,c.760-750 BCE,-760.00000000,S,7.83000000,Dr,Tel Qasila,34.80000000,32.11000000,3,Moderate,U,8,8.00000000,U,-1.00000000,NULL,NULL,NULL,NULL,NULL,NULL,"AM is based on archaeological Remains of Dothan and Dunayevsky 1993;Mazar 1993, 298; Stern 1993, suggests that the site was damaged during the period 1100–1050 BC. AM also suggets that the site is included in the list of cities conquered by the Egyptians (pharaoh Sheshonk I) which might explain damage from a different source"
19,c.760-750 BCE,-760.00000000,S,7.83000000,Dr,Tel Batash,34.89000000,31.81000000,3,Moderate,U,8,8.00000000,U,-1.00000000,NULL,NULL,NULL,NULL,NULL,NULL,AM: Included in the list of cities conquered by the Egyptians (pharaoh Sheshonk I) which might explain damage from a different source
19,c.760-750 BCE,-760.00000000,S,7.83000000,Dr,Olives Mt.,35.24405353,31.77460928,0,None,U,U,-1.00000000,U,-1.00000000,NULL,NULL,NULL,NULL,NULL,NULL,"The Mount of Olives, east of Jerusalem, was split and form a valley. No apparent rupture was found but a landslide may have occurred (AM; GCT after Isaiah and Zecharia)."
19,c.760-750 BCE,-760.00000000,S,7.83000000,Mr,Qiryat Shemona-EEA (A),35.55000000,33.19000000,-1,U,U,U,-1.00000000,U,-1.00000000,NULL,NULL,NULL,NULL,NULL,NULL,Dated rockfalls (after KKW)
19,c.760-750 BCE,-760.00000000,S,7.83000000,Dr,Tel Deir Alla,35.60000000,32.10000000,3,Moderate,U,8,8.00000000,U,-1.00000000,NULL,NULL,NULL,NULL,NULL,NULL,"AM follows archaeoseismic data (Dever 1992, 35, n. 10; Lemaire 1997, 139=750; Knauf 2002) and suggest the location was damaged by an earthquake, probably the one mentioned in Amos. Although there is no historical support, we grant a moderate credibility degree to the archaeoseismic findings.
AUS determine MMI = 9"
19,c.760-750 BCE,-760.00000000,S,7.83000000,Mr,Holy Mt./Temple,35.23555404,31.77788817,3,Moderate,U,8-9,8.50000000,U,-1.00000000,NULL,NULL,NULL,NULL,NULL,NULL,"AM & GCT following Josephus in his Antiquities of the Jews. Accordingly, the earthquake cause a crack in the Temple at Jerusalem. Also Nathan ha-Bavli (was writing in the middle of the second century AD) saying that at the time of the desecration of the temple by Uzziah, the temple split open and the fissure extended for twelve ‘miles’.
AUS determine MMI = 9"
19,c.760-750 BCE,-760.00000000,S,7.83000000,Mr,Ein-Rogel,35.22000000,31.76000000,-1,U,U,U,-1.00000000,U,-1.00000000,NULL,NULL,NULL,NULL,NULL,NULL,"AM following Josephus in his Antiquities of the Jews. Accordingly, half of the mountain in the west broke off from the rest and slid 800 m up to the mountain on the east, spoiling the king’s gardens"
19,c.760-750 BCE,-760.00000000,S,7.83000000,Mr,Ben Hinnom Valley (A),35.22640000,31.77100000,-1,U,U,U,-1.00000000,U,-1.00000000,NULL,NULL,NULL,NULL,NULL,NULL,GCT based on Josephus and Natan HaBavli note a possible landslide at the Valley of Hinnom
19,c.760-750 BCE,-760.00000000,S,7.83000000,Dr,Tekoah,35.22930000,31.65230000,3,Moderate,U,8,8.00000000,U,-1.00000000,NULL,NULL,NULL,NULL,NULL,NULL,"Following the book of Amos 1.1 that lived in Tekoa. Considering the earthquake was well remembered and narrated, it probably caused also damge in Teqoa, home origin of Amos, although his prophecy was in Bethel (Amos 7.13)."
19,c.760-750 BCE,-760.00000000,S,7.83000000,Mr,Bethel,35.24130000,31.92270000,4,Heavy,U,8-9,8.50000000,U,-1.00000000,NULL,NULL,NULL,NULL,NULL,NULL,"AUS cites Kelso 1968 and mention damage to Bethel after Amos 3. 14-15; 9.1 with linkage to the c.760-750 BCE. The prophecy of Amos was in Bethel (Amos 7.13)and thus it is resonable to assume Bethel was heavily damaged.
AUS determine MMI = 9"
19,c.760-750 BCE,-760.00000000,S,7.83000000,Dr,Tel Erany,34.77160000,31.60610000,3,Moderate,U,8,8.00000000,U,-1.00000000,NULL,NULL,NULL,NULL,NULL,NULL,"AUS note of unspesidied damage that may be linked with this eathquake.
AUS determine MMI = 8"
19,c.760-750 BCE,-760.00000000,S,7.83000000,Dr,Tel Judeidah,34.91660000,31.63330000,3,Moderate,U,8,8.00000000,U,-1.00000000,NULL,NULL,NULL,NULL,NULL,NULL,"AUS after Gibson 1994 suggest a damage to Tel Judeideh. The later is close to Lachish and thus had Lachish was damaged, surely it occurred in Tel Judeideh as well
AUS determine MMI = 8"
19,c.760-750 BCE,-760.00000000,S,7.83000000,Dr,Ein Hatseva,35.24000000,30.80000000,3,Moderate,U,7,7.00000000,U,-1.00000000,NULL,NULL,NULL,NULL,NULL,NULL,"AUS mention damage to En Hazeva (after Cohen and Yisrael, 1995).
AUS determine MMI = 7"
20,590 BCE,-590.00000000,S,NULL,U,Tyre,35.21000000,33.26000000,0,None,U,U,-1.00000000,U,-1.00000000,NULL,NULL,NULL,NULL,NULL,NULL,"TODO - get the reference

No report of damage"
21,525 BCE,-525.00000000,S,NULL,Mr,Ein-Gedi,35.39000000,31.46000000,3,Moderate,U,8-9,8.50000000,U,-1.00000000,NULL,NULL,NULL,NULL,NULL,NULL,MIG and KAG have correlated seismites with this earthquake. Most likely damage was present in the close vicinity
21,525 BCE,-525.00000000,S,NULL,Dr,Tyre,35.21000000,33.26000000,3,Moderate,U,8,8.00000000,U,-1.00000000,NULL,NULL,NULL,NULL,NULL,NULL,Following SDM
21,525 BCE,-525.00000000,S,NULL,Dr,Sidon,35.37000000,33.56000000,3,Moderate,U,8,8.00000000,U,-1.00000000,NULL,NULL,NULL,NULL,NULL,NULL,Following SDM
22,338-213 BCE,-338.00000000,U,NULL,Mr,Arava (A),35.26000000,30.70000000,3,Moderate,U,8,8.00000000,U,-1.00000000,NULL,NULL,NULL,NULL,NULL,NULL,KLA dates and event which probably caused considerable damage in the Arava area
22,338-213 BCE,-338.00000000,U,NULL,Dr,Aqaba,35.00000000,29.52000000,3,Moderate,U,8,8.00000000,U,-1.00000000,NULL,NULL,NULL,NULL,NULL,NULL,Shaked et al 2011 date two successive down-faulting events which may be associated with this event. Thus Aqaba may have been hit as well
23,331 BCE,-331.00000000,S,NULL,U,Unspecified,35.92000000,33.29000000,0,None,U,U,-1.00000000,U,-1.00000000,NULL,NULL,NULL,NULL,NULL,NULL,"TODO - get the reference

No report of damage"
24,222 BCE,-222.00000000,U,NULL,U,Unspecified,35.92000000,33.29000000,0,None,U,U,-1.00000000,U,-1.00000000,NULL,NULL,NULL,NULL,NULL,NULL,"TODO - get the reference

Event probably generated outsite DST region"
24,222 BCE,-222.00000000,U,NULL,Dr,Unspecified,35.92000000,33.29000000,0,None,U,U,-1.00000000,U,-1.00000000,NULL,NULL,NULL,NULL,NULL,NULL,TODO - delete
25,c.198 BCE,-198.00000000,U,NULL,Mr,Qiryat Shemona-EEA (A),35.55000000,33.19000000,-1,U,U,U,-1.00000000,U,-1.00000000,NULL,NULL,NULL,NULL,NULL,NULL,KKW note rockfalls after this event in northen Palestine.
25,c.198 BCE,-198.00000000,U,NULL,Mr,Unspecified,35.92000000,33.29000000,5,Severe,U,10,10.00000000,U,-1.00000000,NULL,NULL,NULL,NULL,NULL,NULL,"A series of earthquakes destroyed a town further inland from Sidon, which is not named (AM and GCT following Posidonius): ""As a result of an earthquake in Phoenicia, a city above Sidon was swallowed up"""
25,c.198 BCE,-198.00000000,U,NULL,Hr,Phoenicia (A),35.37000000,33.42000000,5,Severe,U,10,10.00000000,U,-1.00000000,NULL,NULL,NULL,NULL,NULL,NULL,"AM and GCT (p. 145) after Posidonius: ""As a result of an earthquake in Phoenicia..."". The earthuqkae is reported to damage Sidon so it is resonable to assume other locations in Phoenicia (Present day Lebanon) were damaged as well"
25,c.198 BCE,-198.00000000,U,NULL,Hr,Sidon,35.37000000,33.56000000,4,Heavy,"Few casualties

",10-11,10.50000000,U,-1.00000000,NULL,NULL,NULL,NULL,NULL,NULL,"TODO - where is the reference of landslides?

GCT (p. 145) after Posidonius: ""As a result of an earthquake in Phoenicia, a city above Sidon was swallowed up, and almost two-thirds of Sidon itself collapsed, but the number of victims was limited, because it did not happen in a single shock"""
25,c.198 BCE,-198.00000000,U,NULL,Hr,Syria (A),37.03000000,34.93000000,3,Moderate,U,8,8.00000000,U,-1.00000000,NULL,NULL,NULL,NULL,NULL,NULL,"GCT (p. 145) after Posidonius: ""The same disaster struck the whole of Syria, but with moderate intensity"".
The intensity of the earthquake seems to be lower than in Lebanon (Phoenicia)"
26,148 Feb 21 (130?) BCE,-148.00000000,S,NULL,Dr,Antakya,36.16000000,36.20000000,4,Heavy,U,9-10,9.50000000,U,-1.00000000,NULL,NULL,NULL,NULL,NULL,NULL,"AM and GCT are basin on Malalas which in turn, is based on Domninus. AM (p. 95) doubts the report and suggests that it ""might originally have been the defeat of Antiochus VII, which, with its loss of life, would have affected the city almost as heavily as an earthquake"""
26,148 Feb 21 (130?) BCE,-148.00000000,S,NULL,Dr,Palestine (A),35.20000000,32.39000000,0,None,U,U,-1.00000000,U,-1.00000000,NULL,NULL,NULL,NULL,NULL,NULL,TDOO - get the reference for this report
27,142 BCE,-142.00000000,S,NULL,Mr,Tel Ateret,35.62773538,33.00463080,4,Heavy,U,10-11,10.50000000,U,-1.00000000,NULL,NULL,NULL,NULL,NULL,NULL,Following excavations in Tel Ateret by EMK
28,139 BCE,-139.00000000,S,NULL,Dr,Akko,35.07000000,32.92000000,0,None,U,U,-1.00000000,U,-1.00000000,NULL,NULL,NULL,NULL,NULL,NULL,AM (p.95) questions the report of Starbo
28,139 BCE,-139.00000000,S,NULL,Pr,Sidon,35.37000000,33.56000000,0,None,U,U,-1.00000000,U,-1.00000000,NULL,NULL,NULL,NULL,NULL,NULL,AM (p.95) questions the report of Starbo
29,92 Feb 28 BCE,-92.00000000,S,NULL,Dr,Tiberias - Southern Gate,29.75160000,33.67970000,3,Moderate,U,8,8.00000000,U,-1.00000000,NULL,NULL,NULL,NULL,NULL,NULL,AM (p.96) and KA2 question the entry in BM5 concerning the reliability of this event and elaborate the sequence of sources leading to a potential spurious event.
29,92 Feb 28 BCE,-92.00000000,S,NULL,Dr,Jerusalem,35.23371042,31.77430227,3,Moderate,U,8,8.00000000,U,-1.00000000,NULL,NULL,NULL,NULL,NULL,NULL,AM (p.96) and KA2 question the entry in BM5 concerning the reliability of this event and elaborate the sequence of sources leading to a potential spurious event.
29,92 Feb 28 BCE,-92.00000000,S,NULL,Dr,East Mediterranean (A),34.12000000,34.07000000,-1,U,U,U,-1.00000000,U,-1.00000000,NULL,NULL,NULL,NULL,NULL,NULL,AM (p.96) and KA2 question the entry in BM5 concerning the reliability of this event and elaborate the sequence of sources leading to a potential spurious event.
29,92 Feb 28 BCE,-92.00000000,S,NULL,Dr,Syria (A),37.03000000,34.93000000,1,Felt,U,5-6,5.50000000,U,-1.00000000,NULL,NULL,NULL,NULL,NULL,NULL,AM (p.96) and KA2 question the entry in BM5 concerning the reliability of this event and elaborate the sequence of sources leading to a potential spurious event.
29,92 Feb 28 BCE,-92.00000000,S,NULL,Dr,Palestine (A),35.20000000,32.39000000,1,Felt,U,5-6,5.50000000,U,-1.00000000,NULL,NULL,NULL,NULL,NULL,NULL,AM (p.96) and KA2 question the entry in BM5 concerning the reliability of this event and elaborate the sequence of sources leading to a potential spurious event.
30,c.65 BCE,-65.00000000,S,NULL,Dr,Tiberias - Southern Gate,29.75160000,33.67970000,3,Moderate,U,8,8.00000000,U,-1.00000000,NULL,NULL,NULL,NULL,NULL,NULL,"AM ollowing the Babylonian Talmud. Baba Kama: ""earthquake struck Israel and the land trembled a hundred miles in all directions"". KA2 questions and event that hit Jerusalem"
30,c.65 BCE,-65.00000000,S,NULL,Dr,Jerusalem,35.23371042,31.77430227,3,Moderate,U,8,8.00000000,U,-1.00000000,NULL,NULL,NULL,NULL,NULL,NULL,"AM ollowing the Babylonian Talmud. Baba Kama: ""earthquake struck Israel and the land trembled a hundred miles in all directions"". KA2 questions and event that hit Jerusalem"
30,c.65 BCE,-65.00000000,S,NULL,Dr,Unspecified,35.92000000,33.29000000,4,Heavy,U,10,10.00000000,U,-1.00000000,NULL,NULL,NULL,NULL,NULL,NULL,Doubtful damage in Crimea. Both GCT and AM questions the report of Orosius.
30,c.65 BCE,-65.00000000,S,NULL,Mr,Antakya,36.16000000,36.20000000,5,Severe,Many casualties,9-10,9.50000000,U,-1.00000000,NULL,NULL,NULL,NULL,NULL,NULL,GCT after Malalas sugget the Senat building has collapsed
30,c.65 BCE,-65.00000000,S,NULL,Hr,Syria (A),37.03000000,34.93000000,5,Severe,Many casualties,11,11.00000000,U,-1.00000000,NULL,NULL,NULL,NULL,170000,NULL,GCT (p. 162) and AM (p. 96) following Justin (3rd century CE): many Syrian cities were destroyed.
30,c.65 BCE,-65.00000000,S,NULL,Dr,Tel Sukas,35.93000000,35.30000000,3,Moderate,U,8,8.00000000,U,-1.00000000,NULL,NULL,NULL,NULL,NULL,NULL,AM following Riis 1970; Lund 1986; Assaf 1997
31,Post Hellenistic period,-60.00000000,U,NULL,Dr,Tel Ateret,35.62773538,33.00463080,3,Moderate,U,8,8.00000000,U,-1.00000000,NULL,NULL,NULL,NULL,NULL,NULL,EMK dates damage to Ateret by post-Hellenic period which may indicate damge from one of the already known earthquakes
32,44-32 BCE,-44.00000000,S,NULL,Dr,Lod,34.90000000,31.95000000,4,Heavy,U,9,9.00000000,U,-1.00000000,NULL,NULL,NULL,NULL,NULL,NULL,"AM: Since one edition of one of the late sources has a very similar earthquake for ‘Salamis in Cyprus (in the district) of Syria’, confusing Salamis with the Paphos earthquake of 17–15 BC, it is likely that this record for Palestine is the result of confusing the Palestine (31 BC) and Cyprus (17–15 BC) earthquakes"
34,31 early spring BCE,-31.00000000,S,6.70000000,Hr,Judea (A),35.35000000,32.08000000,4,Heavy,Many casualties,10,10.00000000,U,-1.00000000,NULL,NULL,NULL,NULL,30000,NULL,"GCT (p. 173-174) based on Josephus suggest a strong earthquake with many casualties in Judea. However, the 30000 casualtiles according to Josephus seems to be exagarated"
34,31 early spring BCE,-31.00000000,S,6.70000000,Dr,Jericho,35.46264709,31.86013890,0,None,U,U,-1.00000000,U,-1.00000000,NULL,NULL,NULL,NULL,NULL,NULL,"AM following RH disscussesa fault scarp showing a 3.5-m throw near
Hisham’s Palace at Jericho and at Deir Hajla, which is midway between Jericho and the Dead Sea (Reches and
Hoexter 1981; Amiran et al. 1994; Nur and Ron 1996). They thought it might have been associated with the
31BC earthquake mentioned by Josephus. However, a fault break with a 3.5-m throw corresponds to a catastrophic earthquake that Jericho, Jerusalem and other urban centres could not have survived"
34,31 early spring BCE,-31.00000000,S,6.70000000,Dr,Qatana,36.08000000,33.43000000,1,Felt,No casualties,6,6.00000000,U,-1.00000000,NULL,NULL,NULL,NULL,NULL,NULL,Following AM: the lack of damage and casualties is probably because the Nabateans were camping in the open.
34,31 early spring BCE,-31.00000000,S,6.70000000,Dr,Lod,34.90000000,31.95000000,3,Moderate,U,8,8.00000000,U,-1.00000000,NULL,NULL,NULL,NULL,NULL,NULL,The damage to Lod (Salamis; Diospolis) is doubtful and can be a mere misinterpretation with salamis in Cyprus (and the 15-17 cyprus earthquake)
34,31 early spring BCE,-31.00000000,S,6.70000000,Dr,Qumran,35.45000000,31.74000000,3,Moderate,U,8-9,8.50000000,U,-1.00000000,NULL,NULL,NULL,NULL,NULL,NULL,"Following NURO and AM: ‘. . . this
earthquake destroyed the building and ruptured the water supply of the monastery of the Essene at Qumran, 22 km east of Jerusalem, which probably forced the inhabitants
to abandon the town for several decades. They add that the 2,000 year-old fault rupture in the stairs of the cistern appears as fresh as if it had happened yesterday . . .’"
34,31 early spring BCE,-31.00000000,S,6.70000000,Dr,Salem,35.54940000,31.83750000,3,Moderate,U,8,8.00000000,U,-1.00000000,NULL,NULL,NULL,NULL,NULL,NULL,"AM questions the damage to Salim of John (Salem, Salamis, Salumias) on the Jordan banks."
34,31 early spring BCE,-31.00000000,S,6.70000000,Dr,Samaria,35.29000000,32.42000000,3,Moderate,U,8,8.00000000,U,-1.00000000,NULL,NULL,NULL,NULL,NULL,NULL,"AM: It has been suggested that the
reference should be to Salaminias in Syria or to Samaria in Palestine, which is not tenable (Stauffenberg 1931, 179,
n. 108)"
34,31 early spring BCE,-31.00000000,S,6.70000000,Dr,Heshbon,35.77000000,31.79000000,3,Moderate,U,8,8.00000000,U,-1.00000000,NULL,NULL,NULL,NULL,NULL,NULL,"AM following Mitchell 1992, 54"
34,31 early spring BCE,-31.00000000,S,6.70000000,Dr,Tiberias - Southern Gate,29.75160000,33.67970000,3,Moderate,U,8,8.00000000,U,-1.00000000,NULL,NULL,NULL,NULL,NULL,NULL,AM following AAT
34,31 early spring BCE,-31.00000000,S,6.70000000,Dr,Jerusalem,35.23371042,31.77430227,3,Moderate,U,8,8.00000000,U,-1.00000000,NULL,NULL,NULL,NULL,NULL,NULL,AM following AAT
34,31 early spring BCE,-31.00000000,S,6.70000000,Dr,Masada,35.35000000,31.31000000,3,Moderate,U,8,8.00000000,U,-1.00000000,NULL,NULL,NULL,NULL,NULL,NULL,AM following KA3 omits damage to Masada
34,31 early spring BCE,-31.00000000,S,6.70000000,Dr,Shivta,34.63000000,30.87000000,-1,U,U,U,-1.00000000,U,-1.00000000,NULL,NULL,NULL,NULL,NULL,NULL,Following RH
34,31 early spring BCE,-31.00000000,S,6.70000000,Dr,Rehovot,34.56000000,31.02000000,-1,U,U,8,8.00000000,U,-1.00000000,NULL,NULL,NULL,NULL,NULL,NULL,Following RH
34,31 early spring BCE,-31.00000000,S,6.70000000,Dr,Raphiah,34.24000000,31.29000000,3,Moderate,U,8,8.00000000,U,-1.00000000,NULL,NULL,NULL,NULL,NULL,NULL,Following SI
34,31 early spring BCE,-31.00000000,S,6.70000000,Dr,Syria (A),37.03000000,34.93000000,3,Moderate,U,8,8.00000000,U,-1.00000000,NULL,NULL,NULL,NULL,NULL,NULL,"AM: It has been suggested that the
reference should be to Salaminias in Syria or to Samaria in Palestine, which is not tenable (Stauffenberg 1931, 179,
n. 108)"
34,31 early spring BCE,-31.00000000,S,6.70000000,Dr,Galilee (A),35.45000000,32.91000000,3,Moderate,U,8,8.00000000,U,-1.00000000,NULL,NULL,NULL,NULL,NULL,NULL,Following AM
35,c.20 BCE,-20.00000000,S,NULL,U,Egypt (A),31.49000000,28.61000000,0,None,U,U,-1.00000000,U,-1.00000000,NULL,NULL,NULL,NULL,NULL,NULL,Event probably generated outsite DST region
36,17-15 BCE,-17.00000000,S,NULL,U,Cyprus (A),33.10000000,34.98000000,0,None,U,U,-1.00000000,U,-1.00000000,NULL,NULL,NULL,NULL,NULL,NULL,Event probably generated outsite DST region
37,19,19.00000000,S,NULL,U,Unspecified,35.92000000,33.29000000,0,None,U,U,-1.00000000,U,-1.00000000,NULL,NULL,NULL,NULL,NULL,NULL,Probably False event
38,33,33.00000000,S,NULL,Pr,Tiberias - Southern Gate,29.75160000,33.67970000,0,None,U,U,-1.00000000,U,-1.00000000,NULL,NULL,NULL,NULL,NULL,NULL,The testimony of St. Mathwre is not clear and one could not conclude for sure that Jerusalem has been hit.
38,33,33.00000000,S,NULL,Pr,Jerusalem,35.23371042,31.77430227,0,None,U,U,-1.00000000,U,-1.00000000,NULL,NULL,NULL,NULL,NULL,NULL,The testimony of St. Mathwre is not clear and one could not conclude for sure that Jerusalem has been hit.
39,37 Mar 23  (morning),37.00000000,S,NULL,Hr,Antakya,36.16000000,36.20000000,4,Heavy,Many casualties,U,-1.00000000,U,-1.00000000,NULL,NULL,NULL,NULL,NULL,NULL,"damage: Daphne, the hill of Orontes (Landslides)"
40,c.41-54,47.00000000,S,NULL,Mr,Antakya,36.16000000,36.20000000,4,Heavy,U,U,-1.00000000,U,-1.00000000,NULL,NULL,NULL,NULL,NULL,NULL,"damage: Ares temple, Artemis temple, Hercules temple"
41,76,76.00000000,S,NULL,U,Cyprus (A),33.10000000,34.98000000,0,None,U,U,-1.00000000,U,-1.00000000,NULL,NULL,NULL,NULL,NULL,NULL,Event probably generated outsite DST region
42,2nd century (c.110-114?),110.00000000,S,NULL,Pr,Avdat,34.77000000,30.79000000,0,None,U,U,-1.00000000,U,-1.00000000,NULL,NULL,NULL,NULL,NULL,NULL,Archeoseismic remain
42,2nd century (c.110-114?),110.00000000,S,NULL,Pr,Masada,35.35000000,31.31000000,0,None,U,U,-1.00000000,U,-1.00000000,NULL,NULL,NULL,NULL,NULL,NULL,Archeoseismic remain
42,2nd century (c.110-114?),110.00000000,S,NULL,Pr,Petra,35.44000000,30.32000000,0,None,U,U,-1.00000000,U,-1.00000000,NULL,NULL,NULL,NULL,NULL,NULL," Archeoseismic remain"
43,115 Dec 13  (morning),115.00000000,MA,7.40000000,Mr,Al-Harin,36.33000000,35.11000000,4,Heavy,U,U,-1.00000000,U,-1.00000000,NULL,NULL,NULL,NULL,NULL,NULL,Meghraoui et al. 2003 (MGS)
43,115 Dec 13  (morning),115.00000000,MA,7.40000000,Mr,Unspecified,35.92000000,33.29000000,0,None,U,U,-1.00000000,U,-1.00000000,NULL,NULL,NULL,NULL,NULL,NULL,NULL
43,115 Dec 13  (morning),115.00000000,MA,7.40000000,Mr,Orontes,36.41000000,35.52000000,0,None,U,U,-1.00000000,U,-1.00000000,NULL,NULL,NULL,NULL,NULL,NULL,NULL
43,115 Dec 13  (morning),115.00000000,MA,7.40000000,Mr,Unspecified,35.92000000,33.29000000,0,None,U,U,-1.00000000,U,-1.00000000,NULL,NULL,NULL,NULL,NULL,NULL,NULL
43,115 Dec 13  (morning),115.00000000,MA,7.40000000,Mr,Unspecified,35.92000000,33.29000000,0,None,U,U,-1.00000000,U,-1.00000000,NULL,NULL,NULL,NULL,NULL,NULL,From Mt. Casius (AM)
43,115 Dec 13  (morning),115.00000000,MA,7.40000000,Hr,Antakya,36.16000000,36.20000000,5,Severe,Many casualties,U,-1.00000000,U,-1.00000000,NULL,NULL,NULL,NULL,NULL,NULL,"damage: Daphne, Artemis temple, the hill of Orontes, Ares temple"
43,115 Dec 13  (morning),115.00000000,MA,7.40000000,Hr,Apamea,36.39000000,35.41000000,4,Heavy,Many casualties,U,-1.00000000,U,-1.00000000,NULL,NULL,NULL,NULL,NULL,NULL,NULL
43,115 Dec 13  (morning),115.00000000,MA,7.40000000,Pr,Caesarea,34.89000000,32.50000000,0,None,U,U,-1.00000000,U,-1.00000000,NULL,NULL,NULL,NULL,NULL,NULL,"DG have concluded tsunami. However, according to SAL2, the tsunami is questionable and needs further verification."
43,115 Dec 13  (morning),115.00000000,MA,7.40000000,Pr,Yavne,34.74000000,31.87000000,0,None,U,U,-1.00000000,U,-1.00000000,NULL,NULL,NULL,NULL,NULL,NULL,The alledged tsunami is questionable (SAL2)
48,127-130,127.00000000,S,NULL,Mr,Nicopolis [GR],20.73000000,39.00000000,4,Heavy,U,U,-1.00000000,U,-1.00000000,NULL,NULL,NULL,NULL,NULL,NULL,NULL
48,127-130,127.00000000,S,NULL,Mr,Niksar,36.96000000,40.58000000,4,Heavy,U,U,-1.00000000,U,-1.00000000,NULL,NULL,NULL,NULL,NULL,NULL,NULL
51,233,233.00000000,S,NULL,Pr,Tadmur,38.27000000,34.54000000,0,None,U,U,-1.00000000,U,-1.00000000,NULL,NULL,NULL,NULL,NULL,NULL,Archeoseismic remain (inscription)
53,303 Apr 2,303.00000000,S,7.10000000,Hr,Tyre,35.21000000,33.26000000,4,Heavy,Many casualties,U,-1.00000000,U,-1.00000000,NULL,NULL,NULL,NULL,NULL,NULL,NULL
53,303 Apr 2,303.00000000,S,7.10000000,Hr,Sidon,35.37000000,33.56000000,4,Heavy,Many casualties,U,-1.00000000,U,-1.00000000,NULL,NULL,NULL,NULL,NULL,NULL,NULL
53,303 Apr 2,303.00000000,S,7.10000000,Hr,Syria (A),37.03000000,34.93000000,4,Heavy,Many casualties,U,-1.00000000,U,-1.00000000,NULL,NULL,NULL,NULL,NULL,NULL,NULL
53,303 Apr 2,303.00000000,S,7.10000000,Pr,Byblus,35.64000000,34.11000000,0,None,U,U,-1.00000000,U,-1.00000000,NULL,NULL,NULL,NULL,NULL,NULL,Archaeoseismic remain
53,303 Apr 2,303.00000000,S,7.10000000,Pr,Jish,35.43000000,33.10000000,0,None,U,U,-1.00000000,U,-1.00000000,NULL,NULL,NULL,NULL,NULL,NULL,Archaeoseismic Remain
53,303 Apr 2,303.00000000,S,7.10000000,Mr,Caesarea,34.89000000,32.50000000,1,Felt,No casualties,U,-1.00000000,U,-1.00000000,NULL,NULL,NULL,NULL,NULL,NULL,NULL
54,341,341.00000000,MA,NULL,U,Cyprus (A),33.10000000,34.98000000,0,None,U,U,-1.00000000,U,-1.00000000,NULL,NULL,NULL,NULL,NULL,NULL,Event probably generated outsite DST region
55,347 Sep (348/349),347.00000000,S,NULL,Mr,Beirut,35.48000000,33.89000000,5,Severe,U,U,-1.00000000,U,-1.00000000,NULL,NULL,NULL,NULL,NULL,NULL,NULL
56,363 May 18-19 (3rd hour-night),363.00000000,MA,6.70000000,Hr,A-Salt,35.72000000,32.03000000,4,Heavy,U,U,-1.00000000,U,-1.00000000,NULL,NULL,NULL,NULL,NULL,NULL,NULL
56,363 May 18-19 (3rd hour-night),363.00000000,MA,6.70000000,Pr,A-Lajon,35.37000000,32.63000000,0,None,U,U,-1.00000000,U,-1.00000000,NULL,NULL,NULL,NULL,NULL,NULL,Archaeoseismic Remain
56,363 May 18-19 (3rd hour-night),363.00000000,MA,6.70000000,Pr,Antakya,36.16000000,36.20000000,3,Moderate,Many casualties,U,-1.00000000,U,-1.00000000,NULL,NULL,NULL,NULL,NULL,NULL,NULL
56,363 May 18-19 (3rd hour-night),363.00000000,MA,6.70000000,Hr,Antipatris,34.93000000,32.10000000,5,Severe,U,U,-1.00000000,U,-1.00000000,NULL,NULL,NULL,NULL,NULL,NULL,NULL
56,363 May 18-19 (3rd hour-night),363.00000000,MA,6.70000000,Pr,Araq el-Amir,35.75000000,31.91000000,0,None,U,U,-1.00000000,U,-1.00000000,NULL,NULL,NULL,NULL,NULL,NULL,Archaeoseismic Remain
56,363 May 18-19 (3rd hour-night),363.00000000,MA,6.70000000,Hr,Areopolis,35.73000000,31.26000000,4,Heavy,U,U,-1.00000000,U,-1.00000000,NULL,NULL,NULL,NULL,NULL,NULL,36
56,363 May 18-19 (3rd hour-night),363.00000000,MA,6.70000000,Hr,Ashdod,34.67000000,31.76000000,4,Heavy,U,U,-1.00000000,U,-1.00000000,NULL,NULL,NULL,NULL,NULL,NULL,NULL
56,363 May 18-19 (3rd hour-night),363.00000000,MA,6.70000000,Hr,Ashkelon,34.54000000,31.66000000,4,Heavy,U,U,-1.00000000,U,-1.00000000,NULL,NULL,NULL,NULL,NULL,NULL,NULL
56,363 May 18-19 (3rd hour-night),363.00000000,MA,6.70000000,Pr,Avdat,34.77000000,30.79000000,0,None,U,U,-1.00000000,U,-1.00000000,NULL,NULL,NULL,NULL,NULL,NULL,Archaeoseismic remain
56,363 May 18-19 (3rd hour-night),363.00000000,MA,6.70000000,Hr,Baniyas [IL],35.61000000,33.24000000,4,Heavy,U,U,-1.00000000,U,-1.00000000,NULL,NULL,NULL,NULL,NULL,NULL,NULL
56,363 May 18-19 (3rd hour-night),363.00000000,MA,6.70000000,Hr,Bet-Govrin,34.90000000,31.60000000,4,Heavy,U,U,-1.00000000,U,-1.00000000,NULL,NULL,NULL,NULL,NULL,NULL,NULL
56,363 May 18-19 (3rd hour-night),363.00000000,MA,6.70000000,Hr,Bet-She'an,35.48000000,32.50000000,4,Heavy,U,U,-1.00000000,U,-1.00000000,NULL,NULL,NULL,NULL,NULL,NULL,NULL
56,363 May 18-19 (3rd hour-night),363.00000000,MA,6.70000000,Pr,Bet-Shearim,35.12000000,32.70000000,0,None,U,U,-1.00000000,U,-1.00000000,NULL,NULL,NULL,NULL,NULL,NULL,Archaeoseismic Remain
56,363 May 18-19 (3rd hour-night),363.00000000,MA,6.70000000,Hr,Caesarea,34.89000000,32.50000000,4,Heavy,U,U,-1.00000000,U,-1.00000000,NULL,NULL,NULL,NULL,NULL,NULL,NULL
56,363 May 18-19 (3rd hour-night),363.00000000,MA,6.70000000,Pr,'D'NWS (U),35.23000000,31.85000000,4,Heavy,U,U,-1.00000000,U,-1.00000000,NULL,NULL,NULL,NULL,NULL,NULL,Un known location
56,363 May 18-19 (3rd hour-night),363.00000000,MA,6.70000000,Hr,Gophna,35.21000000,31.96000000,4,Heavy,U,U,-1.00000000,U,-1.00000000,NULL,NULL,NULL,NULL,NULL,NULL,NULL
56,363 May 18-19 (3rd hour-night),363.00000000,MA,6.70000000,Hr,Haifa,35.00000000,32.82000000,4,Heavy,U,U,-1.00000000,U,-1.00000000,NULL,NULL,NULL,NULL,NULL,NULL,NULL
56,363 May 18-19 (3rd hour-night),363.00000000,MA,6.70000000,Pr,Halutsa,34.65000000,31.09000000,0,None,U,U,-1.00000000,U,-1.00000000,NULL,NULL,NULL,NULL,NULL,NULL,Archaeoseismic Remain
56,363 May 18-19 (3rd hour-night),363.00000000,MA,6.70000000,Pr,Heshbon,35.77000000,31.79000000,0,None,U,U,-1.00000000,U,-1.00000000,NULL,NULL,NULL,NULL,NULL,NULL,Archaeoseismic Remain
56,363 May 18-19 (3rd hour-night),363.00000000,MA,6.70000000,Hr,Jaffa,34.75000000,32.05000000,5,Severe,U,U,-1.00000000,U,-1.00000000,NULL,NULL,NULL,NULL,NULL,NULL,NULL
56,363 May 18-19 (3rd hour-night),363.00000000,MA,6.70000000,Hr,Tiberias - Southern Gate,29.75160000,33.67970000,4,Heavy,U,U,-1.00000000,U,-1.00000000,NULL,NULL,NULL,NULL,NULL,NULL,NULL
56,363 May 18-19 (3rd hour-night),363.00000000,MA,6.70000000,Hr,Jerusalem,35.23371042,31.77430227,4,Heavy,U,U,-1.00000000,U,-1.00000000,NULL,NULL,NULL,NULL,NULL,NULL,NULL
56,363 May 18-19 (3rd hour-night),363.00000000,MA,6.70000000,Hr,Hada (U),35.26306682,31.79656120,4,Heavy,U,U,-1.00000000,U,-1.00000000,NULL,NULL,NULL,NULL,NULL,NULL,un known location
56,363 May 18-19 (3rd hour-night),363.00000000,MA,6.70000000,Hr,Holy Mt./Temple,35.23555404,31.77788817,2,Light,U,U,-1.00000000,U,-1.00000000,NULL,NULL,NULL,NULL,NULL,NULL,NULL
56,363 May 18-19 (3rd hour-night),363.00000000,MA,6.70000000,Pr,Kfar Nahum,35.57000000,31.09000000,0,None,U,U,-1.00000000,U,-1.00000000,NULL,NULL,NULL,NULL,NULL,NULL,Archaeoseismic Remain
56,363 May 18-19 (3rd hour-night),363.00000000,MA,6.70000000,Hr,Lod,34.90000000,31.95000000,4,Heavy,U,U,-1.00000000,U,-1.00000000,NULL,NULL,NULL,NULL,NULL,NULL,NULL
56,363 May 18-19 (3rd hour-night),363.00000000,MA,6.70000000,Pr,Meiron,35.44000000,32.98000000,0,None,U,U,-1.00000000,U,-1.00000000,NULL,NULL,NULL,NULL,NULL,NULL,Archaeoseismic Remain
56,363 May 18-19 (3rd hour-night),363.00000000,MA,6.70000000,Pr,Nablus,35.25000000,32.21000000,0,None,U,U,-1.00000000,U,-1.00000000,NULL,NULL,NULL,NULL,NULL,NULL,Archaeoseismic Remain
56,363 May 18-19 (3rd hour-night),363.00000000,MA,6.70000000,Hr,Nicopolis [IL],34.98000000,31.83000000,5,Severe,U,U,-1.00000000,U,-1.00000000,NULL,NULL,NULL,NULL,NULL,NULL,NULL
56,363 May 18-19 (3rd hour-night),363.00000000,MA,6.70000000,Pr,NSL (U),33.65082151,33.05128774,4,Heavy,U,U,-1.00000000,U,-1.00000000,NULL,NULL,NULL,NULL,NULL,NULL,Un known location
56,363 May 18-19 (3rd hour-night),363.00000000,MA,6.70000000,Vr,Palestine (A),35.20000000,32.39000000,4,Heavy,U,U,-1.00000000,U,-1.00000000,NULL,NULL,NULL,NULL,NULL,NULL,NULL
56,363 May 18-19 (3rd hour-night),363.00000000,MA,6.70000000,Mr,Petra,35.44000000,30.32000000,4,Heavy,U,U,-1.00000000,U,-1.00000000,NULL,NULL,NULL,NULL,NULL,NULL,Appears as RQM in Cyril's letter and translated by Brock 1977. Also Archeoseismic remain (Russel 1985)
56,363 May 18-19 (3rd hour-night),363.00000000,MA,6.70000000,Hr,Samaria,35.29000000,32.42000000,4,Heavy,U,U,-1.00000000,U,-1.00000000,NULL,NULL,NULL,NULL,NULL,NULL,NULL
56,363 May 18-19 (3rd hour-night),363.00000000,MA,6.70000000,Hr,Sebastia,35.19000000,32.27000000,5,Severe,U,U,-1.00000000,U,-1.00000000,NULL,NULL,NULL,NULL,NULL,NULL,NULL
56,363 May 18-19 (3rd hour-night),363.00000000,MA,6.70000000,Vr,Syria (A),37.03000000,34.93000000,0,None,U,U,-1.00000000,U,-1.00000000,NULL,NULL,NULL,NULL,NULL,NULL,NULL
56,363 May 18-19 (3rd hour-night),363.00000000,MA,6.70000000,Hr,Tiberias,35.54223594,32.78604531,4,Heavy,Many casualties,U,-1.00000000,U,-1.00000000,NULL,NULL,NULL,NULL,NULL,NULL,"Cyril: """"Part of Tiberias too, and its territory,"
56,363 May 18-19 (3rd hour-night),363.00000000,MA,6.70000000,Hr,Tzipori,35.28000000,32.75000000,5,Severe,U,U,-1.00000000,U,-1.00000000,NULL,NULL,NULL,NULL,NULL,NULL,NULL
56,363 May 18-19 (3rd hour-night),363.00000000,MA,6.70000000,Mr,Qiryat Shemona-EEA (A),35.55000000,33.19000000,-1,U,U,U,-1.00000000,U,-1.00000000,NULL,NULL,NULL,NULL,NULL,NULL,"One cannot completely rule out the possibility that these were two separate rockfall events, both triggered by large earthquakes in 363 and 502/551CE. Reference: Kanari, M., Katz, O., Weinberger, R., Porat, N., & Marco, S. (2019). Evaluating earthquake-induced rockfall hazard near the Dead Sea Transform. Nat. Hazards Earth Syst. Sci., 19(4), 889-906. doi:10.5194/nhess-19-889-2019"
56,363 May 18-19 (3rd hour-night),363.00000000,MA,6.70000000,Hr,Zoar,35.46000000,30.99000000,4,Heavy,"Few casualties

",U,-1.00000000,U,-1.00000000,NULL,NULL,NULL,NULL,NULL,NULL,3 inscriptions of 4 Dead people after the 363 event (Meimaris 2005)
61,418/419,418.00000000,U,6.50000000,Hr,Tiberias - Southern Gate,29.75160000,33.67970000,1,Felt,U,U,-1.00000000,U,-1.00000000,NULL,NULL,NULL,NULL,NULL,NULL,NULL
61,418/419,418.00000000,U,6.50000000,Hr,Jerusalem,35.23371042,31.77430227,1,Felt,U,U,-1.00000000,U,-1.00000000,NULL,NULL,NULL,NULL,NULL,NULL,NULL
61,418/419,418.00000000,U,6.50000000,Vr,Palestine (A),35.20000000,32.39000000,0,None,U,U,-1.00000000,U,-1.00000000,NULL,NULL,NULL,NULL,NULL,NULL,NULL
61,418/419,418.00000000,U,6.50000000,Pr,Antipatris,34.93000000,32.10000000,0,None,U,U,-1.00000000,U,-1.00000000,NULL,NULL,NULL,NULL,NULL,NULL,Archaeoseismic Remain
61,418/419,418.00000000,U,6.50000000,Pr,Jish,35.43000000,33.10000000,0,None,U,U,-1.00000000,U,-1.00000000,NULL,NULL,NULL,NULL,NULL,NULL,Archaeoseismic Remain
61,418/419,418.00000000,U,6.50000000,Pr,Khirbet Shema (U),33.65082151,33.05128774,0,None,U,U,-1.00000000,U,-1.00000000,NULL,NULL,NULL,NULL,NULL,NULL,Archaeoseismic Remain
61,418/419,418.00000000,U,6.50000000,Pr,Khorazim,35.65000000,32.82000000,0,None,U,U,-1.00000000,U,-1.00000000,NULL,NULL,NULL,NULL,NULL,NULL,Archaeoseismic Remain
62,c.431 Apr 7,431.00000000,MA,NULL,Pr,Syria (A),37.03000000,34.93000000,0,None,U,U,-1.00000000,U,-1.00000000,NULL,NULL,NULL,NULL,NULL,NULL,NULL
63,447 Aug 12,447.00000000,U,NULL,Dr,Unspecified,35.92000000,33.29000000,0,None,U,U,-1.00000000,U,-1.00000000,NULL,NULL,NULL,NULL,NULL,NULL,NULL
67,455 Sep,455.00000000,S,NULL,U,Unspecified,35.92000000,33.29000000,0,None,U,U,-1.00000000,U,-1.00000000,NULL,NULL,NULL,NULL,NULL,NULL,No report of damage
68,458 Sep 14,458.00000000,MA,NULL,Hr,Antakya,36.16000000,36.20000000,4,Heavy,Many casualties,U,-1.00000000,U,-1.00000000,NULL,NULL,NULL,NULL,NULL,NULL,NULL
69,459 Jun 19,459.00000000,A,NULL,Pr,Antakya,36.16000000,36.20000000,3,Moderate,"Few casualties

",U,-1.00000000,U,-1.00000000,NULL,NULL,NULL,NULL,NULL,NULL,NULL
70,c.476 Sep,476.00000000,S,NULL,Hr,Jabalah,35.92000000,35.35000000,4,Heavy,U,U,-1.00000000,U,-1.00000000,NULL,NULL,NULL,NULL,NULL,NULL,NULL
71,500,500.00000000,U,NULL,U,Unspecified,35.92000000,33.29000000,0,None,U,U,-1.00000000,U,-1.00000000,NULL,NULL,NULL,NULL,NULL,NULL,No report of damage
72,502 Aug 22 night,502.00000000,S,7.00000000,Vr,Akko,35.07000000,32.92000000,5,Severe,U,U,-1.00000000,U,-1.00000000,NULL,NULL,NULL,NULL,NULL,NULL,NULL
72,502 Aug 22 night,502.00000000,S,7.00000000,Vr,Tyre,35.21000000,33.26000000,4,Heavy,U,U,-1.00000000,U,-1.00000000,NULL,NULL,NULL,NULL,NULL,NULL,NULL
72,502 Aug 22 night,502.00000000,S,7.00000000,Vr,Sidon,35.37000000,33.56000000,4,Heavy,U,U,-1.00000000,U,-1.00000000,NULL,NULL,NULL,NULL,NULL,NULL,NULL
72,502 Aug 22 night,502.00000000,S,7.00000000,Vr,Beirut,35.48000000,33.89000000,3,Moderate,U,U,-1.00000000,U,-1.00000000,NULL,NULL,NULL,NULL,NULL,NULL,NULL
72,502 Aug 22 night,502.00000000,S,7.00000000,Pr,Jish,35.43000000,33.10000000,0,None,U,U,-1.00000000,U,-1.00000000,NULL,NULL,NULL,NULL,NULL,NULL,Archaeoseismic Remain
73,513 Sep 7,513.00000000,S,NULL,Pr,Antakya,36.16000000,36.20000000,1,Felt,No casualties,U,-1.00000000,U,-1.00000000,NULL,NULL,NULL,NULL,NULL,NULL,NULL
74,525 Oct 14,525.00000000,F,NULL,Pr,Antakya,36.16000000,36.20000000,4,Heavy,U,U,-1.00000000,U,-1.00000000,NULL,NULL,NULL,NULL,NULL,NULL,damage: Church of St. Stephan
75,526 May 29 (evening),526.00000000,FMA,NULL,Vr,Antakya,36.16000000,36.20000000,5,Severe,Many casualties,U,-1.00000000,U,-1.00000000,NULL,NULL,NULL,NULL,NULL,NULL,NULL
75,526 May 29 (evening),526.00000000,FMA,NULL,Mr,Seleucia,44.52000000,33.09000000,4,Heavy,U,U,-1.00000000,U,-1.00000000,NULL,NULL,NULL,NULL,NULL,NULL,NULL
76,528 Nov 29,528.00000000,MA,NULL,Vr,Antakya,36.16000000,36.20000000,4,Heavy,Many casualties,U,-1.00000000,U,-1.00000000,NULL,NULL,NULL,NULL,NULL,NULL,NULL
76,528 Nov 29,528.00000000,MA,NULL,Mr,Seleucia,44.52000000,33.09000000,4,Heavy,U,U,-1.00000000,U,-1.00000000,NULL,NULL,NULL,NULL,NULL,NULL,NULL
76,528 Nov 29,528.00000000,MA,NULL,Mr,Latakia,35.77000000,35.51000000,4,Heavy,U,U,-1.00000000,U,-1.00000000,NULL,NULL,NULL,NULL,NULL,NULL,NULL
77,529 Jan 2,529.00000000,S,NULL,U,Unspecified,35.92000000,33.29000000,0,None,U,U,-1.00000000,U,-1.00000000,NULL,NULL,NULL,NULL,NULL,NULL,No report of damage
78,534,534.00000000,S,NULL,U,Unspecified,35.92000000,33.29000000,0,None,U,U,-1.00000000,U,-1.00000000,NULL,NULL,NULL,NULL,NULL,NULL,No report of damage
83,551 Jul 9,551.00000000,MA,7.50000000,Vr,Beirut,35.48000000,33.89000000,4,Heavy,Many casualties,U,-1.00000000,U,-1.00000000,NULL,NULL,NULL,NULL,NULL,NULL,damage: the Roman Law School
83,551 Jul 9,551.00000000,MA,7.50000000,Vr,Tyre,35.21000000,33.26000000,3,Moderate,"Few casualties

",U,-1.00000000,U,-1.00000000,NULL,NULL,NULL,NULL,NULL,NULL,NULL
83,551 Jul 9,551.00000000,MA,7.50000000,Vr,Sidon,35.37000000,33.56000000,4,Heavy,"Few casualties

",U,-1.00000000,U,-1.00000000,NULL,NULL,NULL,NULL,NULL,NULL,NULL
83,551 Jul 9,551.00000000,MA,7.50000000,Vr,Byblus,35.64000000,34.11000000,4,Heavy,"Few casualties

",U,-1.00000000,U,-1.00000000,NULL,NULL,NULL,NULL,NULL,NULL,NULL
83,551 Jul 9,551.00000000,MA,7.50000000,Vr,Batrun (Botrys),35.64000000,34.25000000,4,Heavy,"Few casualties

",U,-1.00000000,U,-1.00000000,NULL,NULL,NULL,NULL,NULL,NULL,NULL
83,551 Jul 9,551.00000000,MA,7.50000000,Vr,Tripoli,35.83000000,34.43000000,4,Heavy,"Few casualties

",U,-1.00000000,U,-1.00000000,NULL,NULL,NULL,NULL,NULL,NULL,NULL
83,551 Jul 9,551.00000000,MA,7.50000000,Vr,Sarfand,35.28000000,33.45000000,4,Heavy,"Few casualties

",U,-1.00000000,U,-1.00000000,NULL,NULL,NULL,NULL,NULL,NULL,NULL
83,551 Jul 9,551.00000000,MA,7.50000000,Pr,Trieris,36.00000000,34.70000000,4,Heavy,"Few casualties

",U,-1.00000000,U,-1.00000000,NULL,NULL,NULL,NULL,NULL,NULL,Location is not clear
83,551 Jul 9,551.00000000,MA,7.50000000,Mr,Galilee (A),35.45000000,32.91000000,1,Felt,U,U,-1.00000000,U,-1.00000000,NULL,NULL,NULL,NULL,NULL,NULL,NULL
83,551 Jul 9,551.00000000,MA,7.50000000,Pr,Samaria,35.29000000,32.42000000,0,None,U,U,-1.00000000,U,-1.00000000,NULL,NULL,NULL,NULL,NULL,NULL,Archeoseismic Remain
83,551 Jul 9,551.00000000,MA,7.50000000,Vr,Latakia,35.77000000,35.51000000,3,Moderate,No casualties,U,-1.00000000,U,-1.00000000,NULL,NULL,NULL,NULL,NULL,NULL,NULL
83,551 Jul 9,551.00000000,MA,7.50000000,Vr,Tartus,35.88000000,34.88000000,4,Heavy,"Few casualties

",U,-1.00000000,U,-1.00000000,NULL,NULL,NULL,NULL,NULL,NULL,NULL
83,551 Jul 9,551.00000000,MA,7.50000000,Hr,Alexandria,29.89000000,31.20000000,1,Felt,No casualties,U,-1.00000000,U,-1.00000000,NULL,NULL,NULL,NULL,NULL,NULL,NULL
83,551 Jul 9,551.00000000,MA,7.50000000,Hr,Nile Delta (A),31.42000000,30.89000000,1,Felt,No casualties,U,-1.00000000,U,-1.00000000,NULL,NULL,NULL,NULL,NULL,NULL,NULL
83,551 Jul 9,551.00000000,MA,7.50000000,Vr,Antakya,36.16000000,36.20000000,1,Felt,No casualties,U,-1.00000000,U,-1.00000000,NULL,NULL,NULL,NULL,NULL,NULL,NULL
83,551 Jul 9,551.00000000,MA,7.50000000,Vr,Palestine (A),35.20000000,32.39000000,1,Felt,No casualties,U,-1.00000000,U,-1.00000000,NULL,NULL,NULL,NULL,NULL,NULL,NULL
83,551 Jul 9,551.00000000,MA,7.50000000,Vr,S. Lebanease Coast (A),35.30000000,33.32000000,4,Heavy,Many casualties,U,-1.00000000,U,-1.00000000,NULL,NULL,NULL,NULL,NULL,NULL,NULL
83,551 Jul 9,551.00000000,MA,7.50000000,Pr,Mesopotamia (A),41.36000000,34.60000000,1,Felt,No casualties,U,-1.00000000,U,-1.00000000,NULL,NULL,NULL,NULL,NULL,NULL,NULL
83,551 Jul 9,551.00000000,MA,7.50000000,Vr,N. Lebanease Coast (A),35.71000000,34.01000000,3,Moderate,No casualties,U,-1.00000000,U,-1.00000000,NULL,NULL,NULL,NULL,NULL,NULL,NULL
83,551 Jul 9,551.00000000,MA,7.50000000,Pr,Arabia (A),40.36000000,24.38000000,1,Felt,No casualties,U,-1.00000000,U,-1.00000000,NULL,NULL,NULL,NULL,NULL,NULL,NULL
83,551 Jul 9,551.00000000,MA,7.50000000,Pr,Petra,35.44000000,30.32000000,0,None,U,U,-1.00000000,U,-1.00000000,NULL,NULL,NULL,NULL,NULL,NULL,Archeoseismic Remain
83,551 Jul 9,551.00000000,MA,7.50000000,Pr,Caesarea,34.89000000,32.50000000,4,Heavy,U,U,-1.00000000,U,-1.00000000,NULL,NULL,NULL,NULL,NULL,NULL,Archeoseismic Remain
83,551 Jul 9,551.00000000,MA,7.50000000,Pr,Jish,35.43000000,33.10000000,0,None,U,U,-1.00000000,U,-1.00000000,NULL,NULL,NULL,NULL,NULL,NULL,Archeoseismic Remain
83,551 Jul 9,551.00000000,MA,7.50000000,Pr,Ramat Rachel,35.21000000,31.73000000,0,None,U,U,-1.00000000,U,-1.00000000,NULL,NULL,NULL,NULL,NULL,NULL,Archeoseismic Remain
83,551 Jul 9,551.00000000,MA,7.50000000,Pr,Pella,35.57000000,32.46000000,0,None,U,U,-1.00000000,U,-1.00000000,NULL,NULL,NULL,NULL,NULL,NULL,Archaeoseismic Remain
84,557-8,557.00000000,S,NULL,Pr,Antakya,36.16000000,36.20000000,3,Moderate,U,U,-1.00000000,U,-1.00000000,NULL,NULL,NULL,NULL,NULL,NULL,damage: walls
85,558 Jun,558.00000000,C,NULL,Hr,Antakya,36.16000000,36.20000000,4,Heavy,Many casualties,U,-1.00000000,U,-1.00000000,NULL,NULL,NULL,NULL,NULL,NULL,NULL
85,558 Jun,558.00000000,C,NULL,Hr,Seleucia,44.52000000,33.09000000,4,Heavy,Many casualties,U,-1.00000000,U,-1.00000000,NULL,NULL,NULL,NULL,NULL,NULL,NULL
86,565 Jun,565.00000000,S,NULL,Pr,Lebanon (A),35.87000000,33.84000000,0,None,U,U,-1.00000000,U,-1.00000000,NULL,NULL,NULL,NULL,NULL,NULL,NULL
86,565 Jun,565.00000000,S,NULL,Pr,Syria (A),37.03000000,34.93000000,0,None,U,U,-1.00000000,U,-1.00000000,NULL,NULL,NULL,NULL,NULL,NULL,NULL
87,577,577.00000000,MA,NULL,Hr,Antakya,36.16000000,36.20000000,3,Moderate,U,U,-1.00000000,U,-1.00000000,NULL,NULL,NULL,NULL,NULL,NULL,damage: Daphne
88,c.577,577.20000000,A,NULL,Hr,Antakya,36.16000000,36.20000000,1,Felt,No casualties,U,-1.00000000,U,-1.00000000,NULL,NULL,NULL,NULL,NULL,NULL,NULL
89,588 Oct 31,588.00000000,MA,NULL,Hr,Antakya,36.16000000,36.20000000,4,Heavy,Many casualties,U,-1.00000000,U,-1.00000000,NULL,NULL,NULL,NULL,NULL,NULL,NULL
89,588 Oct 31,588.00000000,MA,NULL,Mr,Mesopotamia (A),41.36000000,34.60000000,1,Felt,U,U,-1.00000000,U,-1.00000000,NULL,NULL,NULL,NULL,NULL,NULL,NULL
90,592 19 Mar,592.00000000,S,NULL,Pr,Syria (A),37.03000000,34.93000000,0,None,U,U,-1.00000000,U,-1.00000000,NULL,NULL,NULL,NULL,NULL,NULL,NULL
91,<597/597-598,597.00000000,S,NULL,Pr,Areopolis,35.73000000,31.26000000,0,None,U,U,-1.00000000,U,-1.00000000,NULL,NULL,NULL,NULL,NULL,NULL,Base on archaeoseismic remain
93,613-622,613.00000000,S,NULL,Pr,Syria (A),37.03000000,34.93000000,0,None,U,U,-1.00000000,U,-1.00000000,NULL,NULL,NULL,NULL,NULL,NULL,NULL
94,631,631.00000000,U,4.50000000,U,Unspecified,35.92000000,33.29000000,0,None,U,U,-1.00000000,U,-1.00000000,NULL,NULL,NULL,NULL,NULL,NULL,No report of damage
95,634 Sep,634.00000000,MA,6.00000000,Mr,Tiberias - Southern Gate,29.75160000,33.67970000,3,Moderate,U,U,-1.00000000,U,-1.00000000,NULL,NULL,NULL,NULL,NULL,NULL,NULL
95,634 Sep,634.00000000,MA,6.00000000,Mr,Jerusalem,35.23371042,31.77430227,3,Moderate,U,U,-1.00000000,U,-1.00000000,NULL,NULL,NULL,NULL,NULL,NULL,NULL
95,634 Sep,634.00000000,MA,6.00000000,Pr,Pella,35.57000000,32.46000000,0,None,U,U,-1.00000000,U,-1.00000000,NULL,NULL,NULL,NULL,NULL,NULL,Archaelogic Remain
95,634 Sep,634.00000000,MA,6.00000000,Vr,Palestine (A),35.20000000,32.39000000,0,None,U,U,-1.00000000,U,-1.00000000,NULL,NULL,NULL,NULL,NULL,NULL,NULL
95,634 Sep,634.00000000,MA,6.00000000,Pr,Bet-She'an,35.48000000,32.50000000,0,None,U,U,-1.00000000,U,-1.00000000,NULL,NULL,NULL,NULL,NULL,NULL,Archaeoseismic Remain
95,634 Sep,634.00000000,MA,6.00000000,Pr,Jeresh,35.85000000,32.28000000,0,None,U,U,-1.00000000,U,-1.00000000,NULL,NULL,NULL,NULL,NULL,NULL,Archaeoseismic Remain
95,634 Sep,634.00000000,MA,6.00000000,Pr,Caesarea,34.89000000,32.50000000,0,None,U,U,-1.00000000,U,-1.00000000,NULL,NULL,NULL,NULL,NULL,NULL,Archaeoseismic Remain
96,> 638,638.00000000,S,NULL,Pr,Aleppo,37.15000000,36.21000000,4,Heavy,U,U,-1.00000000,U,-1.00000000,NULL,NULL,NULL,NULL,NULL,NULL,NULL
97,643-644,643.00000000,S,NULL,Pr,Damascus,36.29000000,33.51000000,1,Felt,U,U,-1.00000000,U,-1.00000000,NULL,NULL,NULL,NULL,NULL,NULL,NULL
98,659 Jun 7 (659 Sep-660 Aug),659.00000000,MA,6.60000000,Vr,Palestine (A),35.20000000,32.39000000,3,Moderate,U,U,-1.00000000,U,-1.00000000,NULL,NULL,NULL,NULL,NULL,NULL,NULL
98,659 Jun 7 (659 Sep-660 Aug),659.00000000,MA,6.60000000,Vr,Laura of Euthymius,35.83000000,31.78000000,3,Moderate,Many casualties,U,-1.00000000,U,-1.00000000,NULL,NULL,NULL,NULL,NULL,NULL,NULL
98,659 Jun 7 (659 Sep-660 Aug),659.00000000,MA,6.60000000,Vr,Jericho,35.46264709,31.86013890,4,Heavy,U,U,-1.00000000,U,-1.00000000,NULL,NULL,NULL,NULL,NULL,NULL,NULL
98,659 Jun 7 (659 Sep-660 Aug),659.00000000,MA,6.60000000,Pr,Syria (A),37.03000000,34.93000000,3,Moderate,U,U,-1.00000000,U,-1.00000000,NULL,NULL,NULL,NULL,NULL,NULL,NULL
98,659 Jun 7 (659 Sep-660 Aug),659.00000000,MA,6.60000000,Pr,Deir Mar-Elias [IL],35.20000000,31.71000000,3,Moderate,U,U,-1.00000000,U,-1.00000000,NULL,NULL,NULL,NULL,NULL,NULL,NULL
98,659 Jun 7 (659 Sep-660 Aug),659.00000000,MA,6.60000000,Hr,St. John,35.51000000,31.08000000,3,Moderate,U,U,-1.00000000,U,-1.00000000,NULL,NULL,NULL,NULL,NULL,NULL,NULL
98,659 Jun 7 (659 Sep-660 Aug),659.00000000,MA,6.60000000,Mr,Tel Yavneh,34.74834311,31.86515249,4,Heavy,U,9,9.00000000,U,-1.00000000,NULL,NULL,NULL,NULL,NULL,NULL,"LYT proposed that the kiln
went out of use due to the early June 659 CE earthquake. They also propose that the recovery of the Yavneh
workshops was no longer economically worthwhile, maybe in part due to changes in economic and political conditions in the region following the Muslim conquest"
99,659 Jun 9,659.20000000,A,6.10000000,Hr,Palestine (A),35.20000000,32.39000000,0,None,U,U,-1.00000000,U,-1.00000000,NULL,NULL,NULL,NULL,NULL,NULL,NULL
101,710,710.00000000,U,4.50000000,U,Jordan River (A),35.53000000,31.82000000,0,None,U,U,-1.00000000,U,-1.00000000,NULL,NULL,NULL,NULL,NULL,NULL,Probably False event
105,713 Feb 28,713.00000000,MA,NULL,Hr,Aleppo,37.15000000,36.21000000,4,Heavy,U,U,-1.00000000,U,-1.00000000,NULL,NULL,NULL,NULL,NULL,NULL,NULL
105,713 Feb 28,713.00000000,MA,NULL,Hr,Antakya,36.16000000,36.20000000,4,Heavy,Many casualties,U,-1.00000000,U,-1.00000000,NULL,NULL,NULL,NULL,NULL,NULL,NULL
105,713 Feb 28,713.00000000,MA,NULL,Hr,Qinnarsin,36.99000000,35.98000000,4,Heavy,U,U,-1.00000000,U,-1.00000000,NULL,NULL,NULL,NULL,NULL,NULL,NULL
106,717 Dec 24,717.00000000,MA,NULL,Hr,Syria (A),37.03000000,34.93000000,0,None,U,U,-1.00000000,U,-1.00000000,NULL,NULL,NULL,NULL,NULL,NULL,NULL
106,717 Dec 24,717.00000000,MA,NULL,Hr,Mesopotamia (A),41.36000000,34.60000000,0,None,U,U,-1.00000000,U,-1.00000000,NULL,NULL,NULL,NULL,NULL,NULL,NULL
110,c.746 Jan,746.00000000,MA,7.20000000,Pr,Istanbul,28.96000000,41.02000000,4,Heavy,"Few casualties

",U,-1.00000000,U,-1.00000000,NULL,NULL,NULL,NULL,NULL,NULL,NULL
110,c.746 Jan,746.00000000,MA,7.20000000,Pr,Nicea,29.71000000,40.41000000,4,Heavy,"Few casualties

",U,-1.00000000,U,-1.00000000,NULL,NULL,NULL,NULL,NULL,NULL,NULL
110,c.746 Jan,746.00000000,MA,7.20000000,Dr,Busra,36.48000000,32.51000000,4,Heavy,U,8,8.00000000,U,-1.00000000,NULL,NULL,NULL,NULL,NULL,NULL,"Bosra was ruined, but details
are lacking (AM)"
110,c.746 Jan,746.00000000,MA,7.20000000,Dr,Nawa,36.03000000,32.89000000,4,Heavy,U,8-9,8.50000000,U,-1.00000000,NULL,NULL,NULL,NULL,NULL,NULL,"It is said that, further south, Nawa and Deraat were destroyed (AM)"
110,c.746 Jan,746.00000000,MA,7.20000000,Vr,Syria (A),37.03000000,34.93000000,4,Heavy,Many casualties,U,-1.00000000,U,-1.00000000,NULL,NULL,NULL,NULL,NULL,NULL,NULL
110,c.746 Jan,746.00000000,MA,7.20000000,Hr,Damascus,36.29000000,33.51000000,3,Moderate,No casualties,7-8,7.50000000,U,-1.00000000,NULL,NULL,NULL,NULL,NULL,NULL,"In Damascus, although the earthquake was strong, creating panic and causing some of the
inhabitants to flee the city, the only evidence for damage in the city itself is the collapse of the Dajaj Suq (poultry market), which fell from the ‘Great Rocks’ (AM)"
110,c.746 Jan,746.00000000,MA,7.20000000,Hr,Mabbug,37.95000000,36.53000000,3,Moderate,U,U,-1.00000000,U,-1.00000000,NULL,NULL,NULL,NULL,NULL,NULL,NULL
110,c.746 Jan,746.00000000,MA,7.20000000,Pr,S. Lebanease Coast (A),35.30000000,33.32000000,0,None,U,U,-1.00000000,U,-1.00000000,NULL,NULL,NULL,NULL,NULL,NULL,NULL
110,c.746 Jan,746.00000000,MA,7.20000000,Mr,Khabura,38.98376647,36.62979959,0,None,U,U,-1.00000000,U,-1.00000000,NULL,NULL,NULL,NULL,NULL,NULL,NULL
110,c.746 Jan,746.00000000,MA,7.20000000,Mr,Mesopotamia (A),41.36000000,34.60000000,0,None,U,U,-1.00000000,U,-1.00000000,NULL,NULL,NULL,NULL,NULL,NULL,NULL
110,c.746 Jan,746.00000000,MA,7.20000000,Mr,Baalbeq,36.20000000,34.00000000,4,Heavy,U,8,8.00000000,U,-1.00000000,NULL,NULL,NULL,NULL,NULL,NULL,"Some parts of Baalbek collapsed, and the spring there temporarily turned red (AM)"
110,c.746 Jan,746.00000000,MA,7.20000000,Mr,Ghutah,36.42000000,33.49000000,5,Severe,Many casualties,9,9.00000000,U,-1.00000000,NULL,NULL,NULL,NULL,NULL,NULL,"In the surrounding, well-watered and fertile plain of Ghautah damage and loss of life was considerable, particularly at Daraiya (AM)"
110,c.746 Jan,746.00000000,MA,7.20000000,Mr,Darayya,36.25000000,33.45000000,4,Heavy,Many casualties,9,9.00000000,U,-1.00000000,NULL,NULL,NULL,NULL,NULL,NULL,"In the surrounding, well-watered and fertile plain of Ghautah damage and loss of life was considerable, particularly at Daraiya (AM)"
110,c.746 Jan,746.00000000,MA,7.20000000,Dr,Dara'a,35.97000000,32.59000000,4,Heavy,U,9,9.00000000,U,-1.00000000,NULL,NULL,NULL,NULL,NULL,NULL,"It is said that, further south, Nawa and Deraat were destroyed (AM)"
110,c.746 Jan,746.00000000,MA,7.20000000,Dr,Unknown,33.65082151,33.05128774,4,Heavy,Many casualties,9,9.00000000,U,-1.00000000,NULL,NULL,NULL,NULL,>80,NULL,"[TODO - locate this site] A fortress at Beit Qoubaya was completely destroyed and more than 80 people were killed, in addition to those who perished in the town. The location of Beit Qoubaya is uncertain. There is a site in northern Lebanon called al-Qubayyat (35.57? N, 36.29? E) southwest of Homs. However, damage to Homs, an important
urban centre, is not mentioned (AM)."
110,c.746 Jan,746.00000000,MA,7.20000000,Dr,Test,NULL,NULL,4,Heavy,Many casualties,9,9.00000000,U,-1.00000000,NULL,NULL,NULL,NULL,>80,NULL,"[TODO - locate this site] A fortress at Beit Qoubaya was completely destroyed and more than 80 people were killed, in addition to those who perished in the town. The location of Beit Qoubaya is uncertain. There is a site in northern Lebanon called al-Qubayyat (35.57? N, 36.29? E) southwest of Homs. However, damage to Homs, an important
urban centre, is not mentioned (AM)."
110,c.746 Jan,746.00000000,MA,7.20000000,Mr,Tiberias,35.54223594,32.78604531,4,Heavy,U,9-10,9.50000000,U,-1.00000000,NULL,NULL,NULL,NULL,> 10000 [?],NULL,"West of Daraat, Tiberias was almost totally destroyed, including 30 Jewish synagogues, the baths of
Solomon and the edifice of a purgative spring; all these
buildings disappeared. (This was first suggested by Margaliot
(1941).) It is said that at Tiberias,more than 100 000
(sic.) men died (Agap. 521/261), which is obviously a grossly exaggerated estimate (AM"
110,c.746 Jan,746.00000000,MA,7.20000000,Mr,Khirbet Kerak,35.57000000,32.71000000,-1,U,U,U,-1.00000000,U,-1.00000000,NULL,NULL,NULL,NULL,NULL,NULL,Coeval damage (AM)
110,c.746 Jan,746.00000000,MA,7.20000000,Mr,Bet-She'an,35.48000000,32.50000000,-1,U,U,U,-1.00000000,U,-1.00000000,NULL,NULL,NULL,NULL,NULL,NULL,Coeval damage (AM)
110,c.746 Jan,746.00000000,MA,7.20000000,Mr,Galei Kinneret,35.54389945,32.78387224,-1,U,U,U,-1.00000000,U,-1.00000000,NULL,NULL,NULL,NULL,NULL,NULL,Coeval damage (AM after Marco 2003)
110,c.746 Jan,746.00000000,MA,7.20000000,Mr,Mt. Tabor,35.39000000,32.68000000,3,Moderate,No casualties,U,-1.00000000,U,-1.00000000,NULL,NULL,NULL,NULL,NULL,NULL,Landslides in Mt. Tabor
110,c.746 Jan,746.00000000,MA,7.20000000,Mr,Jezree'l Valley (A),35.35000000,32.53000000,-1,U,U,U,-1.00000000,U,-1.00000000,NULL,NULL,NULL,NULL,NULL,NULL,"We are told that the people of the Sharon Valley were ‘plunged’.
It is not clear whether this means that the valley was flooded as a result of the earthquake or due to some other cause. Also, it is not known whether this was the Plain of
Sharon, near the Mediterranean coast, or the inland valley of Jezreel, southwest of Tiberias. A plausible explanation would be that this description refers to the effects
of widespread liquefaction of a low-lying plain, probably around Tiberias and to the south of it along the Jordan Valley (AM after Margaliot 1941)"
110,c.746 Jan,746.00000000,MA,7.20000000,Dr,Tiberias - Southern Gate,29.75160000,33.67970000,3,Moderate,U,U,-1.00000000,U,-1.00000000,NULL,NULL,NULL,NULL,NULL,NULL,"Although it is possible that Jerusalem sustained some damage, the sources do not refer to it. They do describe at some length the repairable and irreparable damage caused to the Aksa mosque around its mihrab, but details about damage to other buildings and houses in Jerusalem are lacking (AM aftter Theoph. 422; al-Dhah. Tar. Islam v. 39–40)."
110,c.746 Jan,746.00000000,MA,7.20000000,Dr,Jerusalem,35.23371042,31.77430227,3,Moderate,U,U,-1.00000000,U,-1.00000000,NULL,NULL,NULL,NULL,NULL,NULL,"Although it is possible that Jerusalem sustained some damage, the sources do not refer to it. They do describe at some length the repairable and irreparable damage caused to the Aksa mosque around its mihrab, but details about damage to other buildings and houses in Jerusalem are lacking (AM aftter Theoph. 422; al-Dhah. Tar. Islam v. 39–40)."
110,c.746 Jan,746.00000000,MA,7.20000000,Mr,Gaza,34.46000000,31.50000000,1,Felt,U,5,5.00000000,U,-1.00000000,NULL,NULL,NULL,NULL,NULL,NULL,After AM
110,c.746 Jan,746.00000000,MA,7.20000000,Mr,Egypt (A),31.49000000,28.61000000,1,Felt,U,5,5.00000000,U,-1.00000000,NULL,NULL,NULL,NULL,NULL,NULL,After AM
110,c.746 Jan,746.00000000,MA,7.20000000,Mr,Damietta,31.81000000,31.42000000,1,Felt,U,5,5.00000000,U,-1.00000000,NULL,NULL,NULL,NULL,NULL,NULL,After AM
110,c.746 Jan,746.00000000,MA,7.20000000,Mr,Cairo,31.20000000,30.04000000,1,Felt,U,5,5.00000000,U,-1.00000000,NULL,NULL,NULL,NULL,NULL,NULL,After AM
111,749/Early 750,749.00000000,FM,7.20000000,Mr,Roman Theater/Tiberias,35.54381513,32.77441350,4,Heavy,U,9,9.00000000,U,-1.00000000,NULL,NULL,NULL,NULL,NULL,NULL,FKH dates the destruction to the Roman Theater to mid-8th century CE. It can be this event but perhaps the one before or the one after
111,749/Early 750,749.00000000,FM,7.20000000,Mr,Umm-El-Qanatir,35.72985906,32.84343589,4,Heavy,U,9-10,9.50000000,U,-1.00000000,NULL,NULL,NULL,NULL,NULL,NULL,"The destruction, which forced the abandonment of Umm-El-Qanatir together with nearby settlements, was associated with the earthquake of January 18, 749 CE (WE)"
111,749/Early 750,749.00000000,FM,7.20000000,Pr,Egypt (A),31.49000000,28.61000000,0,None,U,U,-1.00000000,U,-1.00000000,NULL,NULL,NULL,NULL,NULL,NULL,NULL
111,749/Early 750,749.00000000,FM,7.20000000,Mr,Damascus,36.29000000,33.51000000,4,Heavy,U,U,-1.00000000,U,-1.00000000,NULL,NULL,NULL,NULL,NULL,NULL,NULL
111,749/Early 750,749.00000000,FM,7.20000000,Mr,Beit-Qubayeh (U),33.65082151,33.05128774,4,Heavy,U,U,-1.00000000,U,-1.00000000,NULL,NULL,NULL,NULL,NULL,NULL,NULL
111,749/Early 750,749.00000000,FM,7.20000000,Mr,Ghutah,36.42000000,33.49000000,4,Heavy,U,U,-1.00000000,U,-1.00000000,NULL,NULL,NULL,NULL,NULL,NULL,NULL
111,749/Early 750,749.00000000,FM,7.20000000,Mr,Darayya,36.25000000,33.45000000,4,Heavy,U,U,-1.00000000,U,-1.00000000,NULL,NULL,NULL,NULL,NULL,NULL,NULL
111,749/Early 750,749.00000000,FM,7.20000000,Mr,Busra,36.48000000,32.51000000,4,Heavy,U,U,-1.00000000,U,-1.00000000,NULL,NULL,NULL,NULL,NULL,NULL,NULL
111,749/Early 750,749.00000000,FM,7.20000000,Mr,Nawa,36.03000000,32.89000000,4,Heavy,U,U,-1.00000000,U,-1.00000000,NULL,NULL,NULL,NULL,NULL,NULL,NULL
111,749/Early 750,749.00000000,FM,7.20000000,Mr,Dara'a,35.97000000,32.59000000,4,Heavy,U,U,-1.00000000,U,-1.00000000,NULL,NULL,NULL,NULL,NULL,NULL,NULL
111,749/Early 750,749.00000000,FM,7.20000000,Mr,Baalbeq,36.20000000,34.00000000,4,Heavy,U,U,-1.00000000,U,-1.00000000,NULL,NULL,NULL,NULL,NULL,NULL,NULL
111,749/Early 750,749.00000000,FM,7.20000000,Mr,Balqa,36.80000000,35.66000000,4,Heavy,U,U,-1.00000000,U,-1.00000000,NULL,NULL,NULL,NULL,NULL,NULL,NULL
111,749/Early 750,749.00000000,FM,7.20000000,Hr,Mt. Tabor,35.39000000,32.68000000,4,Heavy,U,U,-1.00000000,U,-1.00000000,NULL,NULL,NULL,NULL,NULL,NULL,NULL
111,749/Early 750,749.00000000,FM,7.20000000,Hr,Syria (A),37.03000000,34.93000000,0,None,U,U,-1.00000000,U,-1.00000000,NULL,NULL,NULL,NULL,NULL,NULL,NULL
111,749/Early 750,749.00000000,FM,7.20000000,Mr,Jordan River (A),35.53000000,31.82000000,0,None,U,U,-1.00000000,U,-1.00000000,NULL,NULL,NULL,NULL,NULL,NULL,NULL
111,749/Early 750,749.00000000,FM,7.20000000,Mr,Desert Holy City (U),33.65082151,33.05128774,0,None,U,U,-1.00000000,U,-1.00000000,NULL,NULL,NULL,NULL,NULL,NULL,NULL
111,749/Early 750,749.00000000,FM,7.20000000,Pr,Areopolis,35.73000000,31.26000000,3,Moderate,U,U,-1.00000000,U,-1.00000000,NULL,NULL,NULL,NULL,NULL,NULL,in Balqa (within Moab)
111,749/Early 750,749.00000000,FM,7.20000000,Vr,Tiberias,35.54223594,32.78604531,5,Severe,Many casualties,U,-1.00000000,U,-1.00000000,NULL,NULL,NULL,NULL,NULL,NULL,NULL
111,749/Early 750,749.00000000,FM,7.20000000,Vr,Palestine (A),35.20000000,32.39000000,4,Heavy,Many casualties,U,-1.00000000,U,-1.00000000,NULL,NULL,NULL,NULL,NULL,NULL,NULL
111,749/Early 750,749.00000000,FM,7.20000000,Pr,Jericho,35.46264709,31.86013890,3,Moderate,U,U,-1.00000000,U,-1.00000000,NULL,NULL,NULL,NULL,NULL,NULL,NULL
111,749/Early 750,749.00000000,FM,7.20000000,Pr,Gaza,34.46000000,31.50000000,0,None,U,U,-1.00000000,U,-1.00000000,NULL,NULL,NULL,NULL,NULL,NULL,NULL
111,749/Early 750,749.00000000,FM,7.20000000,Pr,Damietta,31.81000000,31.42000000,3,Moderate,U,U,-1.00000000,U,-1.00000000,NULL,NULL,NULL,NULL,NULL,NULL,NULL
111,749/Early 750,749.00000000,FM,7.20000000,Pr,Cairo,31.20000000,30.04000000,1,Felt,No casualties,U,-1.00000000,U,-1.00000000,NULL,NULL,NULL,NULL,NULL,NULL,NULL
111,749/Early 750,749.00000000,FM,7.20000000,Vr,Bet-She'an,35.48000000,32.50000000,4,Heavy,Many casualties,U,-1.00000000,U,-1.00000000,NULL,NULL,NULL,NULL,NULL,NULL,Archaeoseismic Remain (Tzafris and Forester 1992)
111,749/Early 750,749.00000000,FM,7.20000000,Pr,Cairo,31.20000000,30.04000000,0,None,U,U,-1.00000000,U,-1.00000000,NULL,NULL,NULL,NULL,NULL,NULL,NULL
111,749/Early 750,749.00000000,FM,7.20000000,Vr,Khirbet Kerak,35.57000000,32.71000000,0,None,U,U,-1.00000000,U,-1.00000000,NULL,NULL,NULL,NULL,NULL,NULL,Paeloseismic Evidence (Marco et al. 2003)
111,749/Early 750,749.00000000,FM,7.20000000,Pr,Desert of Sava (U),33.65082151,33.05128774,0,None,U,U,-1.00000000,U,-1.00000000,NULL,NULL,NULL,NULL,NULL,NULL,NULL
111,749/Early 750,749.00000000,FM,7.20000000,Pr,Jezree'l Valley (A),35.35000000,32.53000000,0,None,U,U,-1.00000000,U,-1.00000000,NULL,NULL,NULL,NULL,NULL,NULL,NULL
112,756 (757) Mar 9,756.00000000,U,6.00000000,Vr,Holy Mt./Temple,35.23555404,31.77788817,3,Moderate,U,U,-1.00000000,U,-1.00000000,NULL,NULL,NULL,NULL,NULL,NULL," al Aqsa Mousqe"
112,756 (757) Mar 9,756.00000000,U,6.00000000,Vr,Tiberias - Southern Gate,29.75160000,33.67970000,3,Moderate,U,U,-1.00000000,U,-1.00000000,NULL,NULL,NULL,NULL,NULL,NULL,NULL
112,756 (757) Mar 9,756.00000000,U,6.00000000,Vr,Jerusalem,35.23371042,31.77430227,3,Moderate,U,U,-1.00000000,U,-1.00000000,NULL,NULL,NULL,NULL,NULL,NULL,NULL
112,756 (757) Mar 9,756.00000000,U,6.00000000,Pr,Mesopotamia (A),41.36000000,34.60000000,0,None,U,U,-1.00000000,U,-1.00000000,NULL,NULL,NULL,NULL,NULL,NULL,NULL
112,756 (757) Mar 9,756.00000000,U,6.00000000,Mr,Palestine (A),35.20000000,32.39000000,3,Moderate,U,U,-1.00000000,U,-1.00000000,NULL,NULL,NULL,NULL,NULL,NULL,NULL
112,756 (757) Mar 9,756.00000000,U,6.00000000,Mr,Syria (A),37.03000000,34.93000000,0,None,U,U,-1.00000000,U,-1.00000000,NULL,NULL,NULL,NULL,NULL,NULL,NULL
112,756 (757) Mar 9,756.00000000,U,6.00000000,Mr,Mabbug,37.95000000,36.53000000,0,None,U,U,-1.00000000,U,-1.00000000,NULL,NULL,NULL,NULL,NULL,NULL,NULL
112,756 (757) Mar 9,756.00000000,U,6.00000000,Pr,Khabura,38.98376647,36.62979959,0,None,U,U,-1.00000000,U,-1.00000000,NULL,NULL,NULL,NULL,NULL,NULL,NULL
113,765,765.00000000,U,NULL,U,Unspecified,35.92000000,33.29000000,0,None,U,U,-1.00000000,U,-1.00000000,NULL,NULL,NULL,NULL,NULL,NULL,Probably False event
115,808,808.00000000,U,4.50000000,U,Unspecified,35.92000000,33.29000000,0,None,U,U,-1.00000000,U,-1.00000000,NULL,NULL,NULL,NULL,NULL,NULL,Probably False event
117,835,835.00000000,C,4.50000000,U,Unspecified,35.92000000,33.29000000,0,None,U,U,-1.00000000,U,-1.00000000,NULL,NULL,NULL,NULL,NULL,NULL,Probably False event
118,845,845.00000000,U,NULL,U,Unspecified,35.92000000,33.29000000,0,None,U,U,-1.00000000,U,-1.00000000,NULL,NULL,NULL,NULL,NULL,NULL,Probably False event
119,847 Nov 24,847.00000000,U,NULL,Pr,Damascus,36.29000000,33.51000000,3,Moderate,"Few casualties

",U,-1.00000000,U,-1.00000000,NULL,NULL,NULL,NULL,NULL,NULL,NULL
119,847 Nov 24,847.00000000,U,NULL,Pr,Homs,36.71000000,34.73000000,3,Moderate,U,U,-1.00000000,U,-1.00000000,NULL,NULL,NULL,NULL,NULL,NULL,NULL
119,847 Nov 24,847.00000000,U,NULL,Pr,Ghutah,36.42000000,33.49000000,4,Heavy,Many casualties,U,-1.00000000,U,-1.00000000,NULL,NULL,NULL,NULL,NULL,NULL,NULL
119,847 Nov 24,847.00000000,U,NULL,Pr,Darayya,36.25000000,33.45000000,4,Heavy,U,U,-1.00000000,U,-1.00000000,NULL,NULL,NULL,NULL,NULL,NULL,NULL
120,850,850.00000000,S,NULL,Pr,Antakya,36.16000000,36.20000000,0,None,U,U,-1.00000000,U,-1.00000000,NULL,NULL,NULL,NULL,NULL,NULL,NULL
121,853 Jun 12 - 854 Jun1,853.00000000,S,NULL,Pr,Tiberias,35.54223594,32.78604531,4,Heavy,"Few casualties

",U,-1.00000000,U,-1.00000000,NULL,NULL,NULL,NULL,NULL,NULL,NULL
122,854,854.00000000,U,4.50000000,U,Unspecified,35.92000000,33.29000000,0,None,U,U,-1.00000000,U,-1.00000000,NULL,NULL,NULL,NULL,NULL,NULL,Probably False event
123,857,857.00000000,U,4.50000000,U,Unspecified,35.92000000,33.29000000,0,None,U,U,-1.00000000,U,-1.00000000,NULL,NULL,NULL,NULL,NULL,NULL,Probably False event
126,885 Nov,885.00000000,U,NULL,U,Unspecified,35.92000000,33.29000000,0,None,U,U,-1.00000000,U,-1.00000000,NULL,NULL,NULL,NULL,NULL,NULL,Probably False event
127,950 Jul 26,950.00000000,U,NULL,Dr,Unspecified,35.92000000,33.29000000,0,None,U,U,-1.00000000,U,-1.00000000,NULL,NULL,NULL,NULL,NULL,NULL,NULL
129,956 Jan 1,956.10000000,U,NULL,U,Unspecified,35.92000000,33.29000000,0,None,U,U,-1.00000000,U,-1.00000000,NULL,NULL,NULL,NULL,NULL,NULL,Probably False event
130,956,956.20000000,U,4.50000000,U,Unspecified,35.92000000,33.29000000,0,None,U,U,-1.00000000,U,-1.00000000,NULL,NULL,NULL,NULL,NULL,NULL,Probably False event
131,973,973.00000000,S,NULL,Mr,Antakya,36.16000000,36.20000000,3,Moderate,U,U,-1.00000000,U,-1.00000000,NULL,NULL,NULL,NULL,NULL,NULL,NULL
131,973,973.00000000,S,NULL,Mr,Al-Wasim (A),36.51000000,36.98000000,0,None,U,U,-1.00000000,U,-1.00000000,NULL,NULL,NULL,NULL,NULL,NULL,NULL
131,973,973.00000000,S,NULL,Mr,Azaz,37.05000000,36.58000000,3,Moderate,U,U,-1.00000000,U,-1.00000000,NULL,NULL,NULL,NULL,NULL,NULL,NULL
131,973,973.00000000,S,NULL,Mr,Qinnarsin,36.99000000,35.98000000,3,Moderate,U,U,-1.00000000,U,-1.00000000,NULL,NULL,NULL,NULL,NULL,NULL,NULL
132,974,974.00000000,S,NULL,U,Unspecified,35.92000000,33.29000000,0,None,U,U,-1.00000000,U,-1.00000000,NULL,NULL,NULL,NULL,NULL,NULL,Probably False event
133,991 Apr 5 (night),991.00000000,MA,NULL,Vr,Damascus,36.29000000,33.51000000,4,Heavy,Many casualties,U,-1.00000000,U,-1.00000000,NULL,NULL,NULL,NULL,NULL,NULL,NULL
133,991 Apr 5 (night),991.00000000,MA,NULL,Vr,Baalbeq,36.20000000,34.00000000,0,None,U,U,-1.00000000,U,-1.00000000,NULL,NULL,NULL,NULL,NULL,NULL,NULL
133,991 Apr 5 (night),991.00000000,MA,NULL,Vr,Al-Dumayr,36.69000000,33.64000000,4,Heavy,Many casualties,U,-1.00000000,U,-1.00000000,NULL,NULL,NULL,NULL,NULL,NULL,NULL
135,1002 Nov 10-1003 Oct 29 or 2003 Mar 21-2004 Mar 19,1003.00000000,S,NULL,Mr,Al-Wasim (A),36.51000000,36.98000000,4,Heavy,Many casualties,U,-1.00000000,U,-1.00000000,NULL,NULL,NULL,NULL,NULL,NULL,NULL
135,1002 Nov 10-1003 Oct 29 or 2003 Mar 21-2004 Mar 19,1003.00000000,S,NULL,Mr,Al-Thughur (A),36.30000000,37.34000000,4,Heavy,Many casualties,U,-1.00000000,U,-1.00000000,NULL,NULL,NULL,NULL,NULL,NULL,NULL
135,1002 Nov 10-1003 Oct 29 or 2003 Mar 21-2004 Mar 19,1003.00000000,S,NULL,Mr,A-Sham (A),36.55000000,35.03000000,4,Heavy,Many casualties,U,-1.00000000,U,-1.00000000,NULL,NULL,NULL,NULL,NULL,NULL,NULL
136,1016 Aug 27,1016.00000000,S,NULL,Pr,Tiberias - Southern Gate,29.75160000,33.67970000,3,Moderate,No casualties,U,-1.00000000,U,-1.00000000,NULL,NULL,NULL,NULL,NULL,NULL,Jerusalem / al Aqsa Mousqe: The Dome of the Rock in Jerusalem was allegedly damaged but no source (and there are only secondary sources) mentions an earthquake
136,1016 Aug 27,1016.00000000,S,NULL,Pr,Jerusalem,35.23371042,31.77430227,3,Moderate,No casualties,U,-1.00000000,U,-1.00000000,NULL,NULL,NULL,NULL,NULL,NULL,Jerusalem / al Aqsa Mousqe: The Dome of the Rock in Jerusalem was allegedly damaged but no source (and there are only secondary sources) mentions an earthquake
138,1033 Dec 5 (night),1033.00000000,MA,6.80000000,Vr,Palestine (A),35.20000000,32.39000000,4,Heavy,Many casualties,U,-1.00000000,U,-1.00000000,NULL,NULL,NULL,NULL,NULL,NULL,NULL
138,1033 Dec 5 (night),1033.00000000,MA,6.80000000,Vr,Ramla,34.87000000,31.92000000,4,Heavy,Many casualties,U,-1.00000000,U,-1.00000000,IX (MCS),NULL,NULL,NULL,NULL,NULL,"damage: Friday Mousqe, City Walls"
138,1033 Dec 5 (night),1033.00000000,MA,6.80000000,Hr,Nablus,35.25000000,32.21000000,4,Heavy,Many casualties,U,-1.00000000,U,-1.00000000,IX (MCS),NULL,NULL,NULL,NULL,NULL,NULL
138,1033 Dec 5 (night),1033.00000000,MA,6.80000000,Hr,Al-Badan,35.31000000,32.25000000,0,None,U,U,-1.00000000,U,-1.00000000,NULL,NULL,NULL,NULL,NULL,NULL,A village near Nablus
138,1033 Dec 5 (night),1033.00000000,MA,6.80000000,Hr,Baniyas [IL],35.61000000,33.24000000,4,Heavy,U,U,-1.00000000,U,-1.00000000,VII-VIII? (MCS),NULL,NULL,NULL,NULL,NULL,NULL
138,1033 Dec 5 (night),1033.00000000,MA,6.80000000,Hr,Balash,35.25000000,32.20000000,4,Heavy,U,U,-1.00000000,U,-1.00000000,IX? (MCS),NULL,NULL,NULL,NULL,NULL,Location is uncertain
138,1033 Dec 5 (night),1033.00000000,MA,6.80000000,Hr,Syria (A),37.03000000,34.93000000,4,Heavy,Many casualties,U,-1.00000000,U,-1.00000000,NULL,NULL,NULL,NULL,NULL,NULL,NULL
138,1033 Dec 5 (night),1033.00000000,MA,6.80000000,Hr,Jericho,35.46264709,31.86013890,4,Heavy,Many casualties,U,-1.00000000,U,-1.00000000,IX-X (MCS),NULL,NULL,NULL,NULL,NULL,NULL
138,1033 Dec 5 (night),1033.00000000,MA,6.80000000,Hr,Tiberias - Southern Gate,29.75160000,33.67970000,4,Heavy,Many casualties,U,-1.00000000,U,-1.00000000,VIII-IX (MCS),NULL,NULL,NULL,NULL,NULL,"damage: al Aqsa Mousqe, Dome of the rock, Mihrab of Dawud, David Citadel"
138,1033 Dec 5 (night),1033.00000000,MA,6.80000000,Hr,Jerusalem,35.23371042,31.77430227,4,Heavy,Many casualties,U,-1.00000000,U,-1.00000000,VIII-IX (MCS),NULL,NULL,NULL,NULL,NULL,"damage: al Aqsa Mousqe, Dome of the rock, Mihrab of Dawud, David Citadel"
138,1033 Dec 5 (night),1033.00000000,MA,6.80000000,Hr,Hebron,35.09000000,31.51000000,2,Light,U,U,-1.00000000,U,-1.00000000,VIII (MCS),NULL,NULL,NULL,NULL,NULL,damage: Mousqe of Abraham
138,1033 Dec 5 (night),1033.00000000,MA,6.80000000,Hr,Akko,35.07000000,32.92000000,2,Light,U,U,-1.00000000,U,-1.00000000,VIII-IX (MCS),NULL,NULL,NULL,NULL,NULL,NULL
138,1033 Dec 5 (night),1033.00000000,MA,6.80000000,Hr,Ashkelon,34.54000000,31.66000000,2,Light,U,U,-1.00000000,U,-1.00000000,VII-VIII (MCS),NULL,NULL,NULL,NULL,NULL,damage: Friday Moosque
138,1033 Dec 5 (night),1033.00000000,MA,6.80000000,Hr,Gaza,34.46000000,31.50000000,2,Light,U,U,-1.00000000,U,-1.00000000,VI-VII (MCS),NULL,NULL,NULL,NULL,NULL,damage: Friday Mosque
138,1033 Dec 5 (night),1033.00000000,MA,6.80000000,Hr,Sea of Gali,35.58000000,32.80000000,1,Felt,No casualties,U,-1.00000000,U,-1.00000000,VII -VIII ? (MCS),NULL,NULL,NULL,NULL,NULL,NULL
138,1033 Dec 5 (night),1033.00000000,MA,6.80000000,Hr,Galilee (A),35.45000000,32.91000000,1,Felt,No casualties,U,-1.00000000,U,-1.00000000,NULL,NULL,NULL,NULL,NULL,NULL,NULL
138,1033 Dec 5 (night),1033.00000000,MA,6.80000000,Pr,Negev (A),34.63000000,30.67000000,0,None,U,U,-1.00000000,U,-1.00000000,NULL,NULL,NULL,NULL,NULL,NULL,NULL
138,1033 Dec 5 (night),1033.00000000,MA,6.80000000,Pr,Egypt (A),31.49000000,28.61000000,0,None,U,U,-1.00000000,U,-1.00000000,NULL,NULL,NULL,NULL,NULL,NULL,NULL
138,1033 Dec 5 (night),1033.00000000,MA,6.80000000,Mr,Qiryat Shemona-EEA (A),35.55000000,33.19000000,-1,U,U,U,-1.00000000,U,-1.00000000,NULL,NULL,NULL,NULL,NULL,NULL,"Reference: Kanari, M., Katz, O., Weinberger, R., Porat, N., & Marco, S. (2019). Evaluating earthquake-induced rockfall hazard near the Dead Sea Transform. Nat. Hazards Earth Syst. Sci., 19(4), 889-906. doi:10.5194/nhess-19-889-2019"
138,1033 Dec 5 (night),1033.00000000,MA,6.80000000,Pr,Israel coast (A),34.83000000,32.28000000,0,None,U,U,-1.00000000,U,-1.00000000,NULL,NULL,NULL,NULL,NULL,NULL,NULL
138,1033 Dec 5 (night),1033.00000000,MA,6.80000000,Mr,Khirbat al-Mafjar,35.46008175,31.88377680,4,Heavy,U,9,9.00000000,9-10,9.50000000,NULL,NULL,NULL,NULL,NULL,NULL,"Following ACV analysing the damage to the Hisham palace. The evidence is supported by the damage evidence to the nearby Jericho (AM, GC)"
139,1034 Feb 17,1034.00000000,A,NULL,Pr,Palestine (A),35.20000000,32.39000000,0,None,U,U,-1.00000000,U,-1.00000000,NULL,NULL,NULL,NULL,NULL,NULL,This is probably a belated aftershock of the earthquake happened in Syria in December of the previous year (AM). Only one secondary (Cedrenus) source with confused chronology that reports of damage in ‘Cities in Syria’ – can be also northern Palestine
140,1036-1037,1036.00000000,S,NULL,Pr,Unspecified,35.92000000,33.29000000,0,None,U,U,-1.00000000,U,-1.00000000,NULL,NULL,NULL,NULL,NULL,NULL,"Matthew of Edessa, in a.Arm. 485 (12 March 1036 to 11 March 1037), there was an earthquake that shook rocks and ‘the waves of the sea boiled up and were tossed around’. He gives no location."
140,1036-1037,1036.00000000,S,NULL,Pr,Unspecified,35.92000000,33.29000000,0,None,U,U,-1.00000000,U,-1.00000000,NULL,NULL,NULL,NULL,NULL,NULL,"Matthew of Edessa, in a.Arm. 485 (12 March 1036 to 11 March 1037), there was an earthquake that shook rocks and ‘the waves of the sea boiled up and were tossed around’. He gives no location."
141,1042 (Aug 21?) - 1043,1042.00000000,S,NULL,Pr,Tadmur,38.27000000,34.54000000,3,Moderate,Many casualties,U,-1.00000000,U,-1.00000000,NULL,NULL,NULL,NULL,NULL,NULL,NULL
141,1042 (Aug 21?) - 1043,1042.00000000,S,NULL,Pr,Baalbeq,36.20000000,34.00000000,1,Felt,U,U,-1.00000000,U,-1.00000000,NULL,NULL,NULL,NULL,NULL,NULL,The source is al-Suyuti
142,1047 Jan 28 - 1048 Jan 14,1047.00000000,S,NULL,Pr,Ramla,34.87000000,31.92000000,0,None,U,U,-1.00000000,U,-1.00000000,NULL,NULL,NULL,NULL,NULL,NULL,AM: the only reporting source is the secondary al-Fariqi: A strong shock in Ramla caused its inhabitants to evacuate the town.
143,1060,1060.00000000,U,NULL,U,Unspecified,35.92000000,33.29000000,0,None,U,U,-1.00000000,U,-1.00000000,NULL,NULL,NULL,NULL,NULL,NULL,Probably False event
144,1063 Aug,1063.00000000,MA,6.70000000,Pr,Roum (A),36.13000000,37.13000000,0,None,U,U,-1.00000000,U,-1.00000000,NULL,NULL,NULL,NULL,NULL,NULL,NULL
144,1063 Aug,1063.00000000,MA,6.70000000,Mr,Tripoli,35.83000000,34.43000000,3,Moderate,"Few casualties

",U,-1.00000000,U,-1.00000000,NULL,NULL,NULL,NULL,NULL,NULL,"damage: girdle-wall. There is no doubt that some of the houses in the town collapsed, perhaps with casualties, but it is difficult to believe those sources who say that Tripoli collapsed,
or was razed to the ground, and that a large number of people perished (AM)"
144,1063 Aug,1063.00000000,MA,6.70000000,Hr,Latakia,35.77000000,35.51000000,3,Moderate,U,U,-1.00000000,U,-1.00000000,NULL,NULL,NULL,NULL,NULL,NULL,NULL
144,1063 Aug,1063.00000000,MA,6.70000000,Hr,Tyre,35.21000000,33.26000000,3,Moderate,U,U,-1.00000000,U,-1.00000000,NULL,NULL,NULL,NULL,NULL,NULL,NULL
144,1063 Aug,1063.00000000,MA,6.70000000,Hr,Akko,35.07000000,32.92000000,3,Moderate,U,U,-1.00000000,U,-1.00000000,NULL,NULL,NULL,NULL,NULL,NULL,NULL
144,1063 Aug,1063.00000000,MA,6.70000000,Mr,Antakya,36.16000000,36.20000000,2,Light,U,U,-1.00000000,U,-1.00000000,NULL,NULL,NULL,NULL,NULL,NULL,"in Christian territory, and contrary to grossly exaggerated statements in some of the sources, does not seem to have suffered any noteworthy damage (AM)"
148,1068 Mar 18,1068.00000000,MA,7.30000000,Hr,Elat,34.95000000,29.55000000,5,Severe,Many casualties,U,-1.00000000,U,-1.00000000,NULL,NULL,NULL,NULL,NULL,NULL,NULL
148,1068 Mar 18,1068.00000000,MA,7.30000000,Hr,Tabuk,36.58000000,28.38000000,0,None,U,U,-1.00000000,U,-1.00000000,NULL,NULL,NULL,NULL,NULL,NULL,effects: water springs at al-Qur
148,1068 Mar 18,1068.00000000,MA,7.30000000,Hr,Tayma,36.75000000,32.84000000,0,None,U,U,-1.00000000,U,-1.00000000,NULL,NULL,NULL,NULL,NULL,NULL,effects: water springs
148,1068 Mar 18,1068.00000000,MA,7.30000000,Hr,Tayma,36.75000000,32.84000000,0,None,U,U,-1.00000000,U,-1.00000000,NULL,NULL,NULL,NULL,NULL,NULL,effects: water springs
148,1068 Mar 18,1068.00000000,MA,7.30000000,Vr,Wadi al-Qura (A),39.45000000,25.21000000,1,Felt,U,U,-1.00000000,U,-1.00000000,NULL,NULL,NULL,NULL,NULL,NULL,NULL
148,1068 Mar 18,1068.00000000,MA,7.30000000,Hr,Khaybar,39.29000000,25.69000000,1,Felt,U,U,-1.00000000,U,-1.00000000,NULL,NULL,NULL,NULL,NULL,NULL,NULL
148,1068 Mar 18,1068.00000000,MA,7.30000000,Hr,Al-Marwa,39.72000000,23.42000000,1,Felt,U,U,-1.00000000,U,-1.00000000,NULL,NULL,NULL,NULL,NULL,NULL,NULL
148,1068 Mar 18,1068.00000000,MA,7.30000000,Hr,Medina,39.59000000,24.46000000,3,Moderate,U,U,-1.00000000,U,-1.00000000,NULL,NULL,NULL,NULL,NULL,NULL,NULL
148,1068 Mar 18,1068.00000000,MA,7.30000000,Hr,Wadi al-Safra (A),39.10000000,24.01000000,1,Felt,U,U,-1.00000000,U,-1.00000000,NULL,NULL,NULL,NULL,NULL,NULL,NULL
148,1068 Mar 18,1068.00000000,MA,7.30000000,Hr,Badr,38.82000000,23.73000000,1,Felt,U,U,-1.00000000,U,-1.00000000,NULL,NULL,NULL,NULL,NULL,NULL,NULL
148,1068 Mar 18,1068.00000000,MA,7.30000000,Hr,Yanbu,38.00000000,24.09000000,1,Felt,U,U,-1.00000000,U,-1.00000000,NULL,NULL,NULL,NULL,NULL,NULL,NULL
148,1068 Mar 18,1068.00000000,MA,7.30000000,Hr,St. Catherine,33.97000000,28.55000000,1,Felt,U,U,-1.00000000,U,-1.00000000,NULL,NULL,NULL,NULL,NULL,NULL,NULL
148,1068 Mar 18,1068.00000000,MA,7.30000000,Hr,Tennis,32.30000000,31.17000000,2,Light,U,U,-1.00000000,U,-1.00000000,NULL,NULL,NULL,NULL,NULL,NULL,effects: water springs
148,1068 Mar 18,1068.00000000,MA,7.30000000,Hr,Cairo,31.20000000,30.04000000,2,Light,U,U,-1.00000000,U,-1.00000000,NULL,NULL,NULL,NULL,NULL,NULL,NULL
148,1068 Mar 18,1068.00000000,MA,7.30000000,Hr,Egypt (A),31.49000000,28.61000000,0,None,U,U,-1.00000000,U,-1.00000000,NULL,NULL,NULL,NULL,NULL,NULL,effects: water springs
148,1068 Mar 18,1068.00000000,MA,7.30000000,Hr,Palestine (A),35.20000000,32.39000000,0,None,Many casualties,U,-1.00000000,U,-1.00000000,NULL,NULL,NULL,NULL,NULL,NULL,effects: water springs
148,1068 Mar 18,1068.00000000,MA,7.30000000,Hr,Palestine (A),35.20000000,32.39000000,0,None,Many casualties,U,-1.00000000,U,-1.00000000,NULL,NULL,NULL,NULL,NULL,NULL,effects: sea waves
148,1068 Mar 18,1068.00000000,MA,7.30000000,Hr,Al-Rahba,35.72000000,31.35000000,1,Felt,U,U,-1.00000000,U,-1.00000000,NULL,NULL,NULL,NULL,NULL,NULL,effects: water springs
148,1068 Mar 18,1068.00000000,MA,7.30000000,Hr,Deir Kifa,35.40000000,33.27000000,1,Felt,U,U,-1.00000000,U,-1.00000000,NULL,NULL,NULL,NULL,NULL,NULL,NULL
148,1068 Mar 18,1068.00000000,MA,7.30000000,Pr,Amman,35.91000000,31.96000000,2,Light,U,U,-1.00000000,U,-1.00000000,NULL,NULL,NULL,NULL,NULL,NULL,damage: Citadel of Amman (Archaeoseimic Remain)
148,1068 Mar 18,1068.00000000,MA,7.30000000,Mr,Bagdad,44.42000000,33.32000000,1,Felt,U,U,-1.00000000,U,-1.00000000,NULL,NULL,NULL,NULL,NULL,NULL,NULL
149,1068 May 29,1068.20000000,S,6.00000000,Mr,Ramla,34.87000000,31.92000000,4,Heavy,Many casualties,U,-1.00000000,U,-1.00000000,X (MCS) (GC),NULL,NULL,NULL,NULL,NULL,15000 (?) casualties (AM) - seems to be exagareted
149,1068 May 29,1068.20000000,S,6.00000000,Pr,Tiberias - Southern Gate,29.75160000,33.67970000,2,Light,U,U,-1.00000000,U,-1.00000000,VII (MCS) (GC),NULL,NULL,NULL,NULL,NULL,damage: Dome of the rock
149,1068 May 29,1068.20000000,S,6.00000000,Pr,Jerusalem,35.23371042,31.77430227,2,Light,U,U,-1.00000000,U,-1.00000000,VII (MCS) (GC),NULL,NULL,NULL,NULL,NULL,damage: Dome of the rock
149,1068 May 29,1068.20000000,S,6.00000000,Pr,Baniyas [IL],35.61000000,33.24000000,3,Moderate,Many casualties,U,-1.00000000,U,-1.00000000,IX (MCS) (GC),NULL,NULL,NULL,NULL,NULL,100 casualties (AM)
150,1070 Feb 25,1070.00000000,U,NULL,U,Unspecified,35.92000000,33.29000000,0,None,U,U,-1.00000000,U,-1.00000000,NULL,NULL,NULL,NULL,NULL,NULL,Probably False event
151,1086 Apr 18 – 1087 Apr 07,1086.00000000,U,NULL,Dr,Egypt (A),31.49000000,28.61000000,0,None,U,U,-1.00000000,U,-1.00000000,NULL,NULL,NULL,NULL,NULL,NULL,NULL
151,1086 Apr 18 – 1087 Apr 07,1086.00000000,U,NULL,Mr,Antakya,36.16000000,36.20000000,3,Moderate,U,U,-1.00000000,U,-1.00000000,NULL,NULL,NULL,NULL,NULL,NULL,The report of near contemporary Michael the Syrian
151,1086 Apr 18 – 1087 Apr 07,1086.00000000,U,NULL,Pr,Aleppo,37.15000000,36.21000000,0,None,U,U,-1.00000000,U,-1.00000000,NULL,NULL,NULL,NULL,NULL,NULL,NULL
151,1086 Apr 18 – 1087 Apr 07,1086.00000000,U,NULL,Pr,Syria (A),37.03000000,34.93000000,3,Moderate,U,U,-1.00000000,U,-1.00000000,NULL,NULL,NULL,NULL,NULL,NULL,NULL
152,1091 Feb 12,1091.00000000,C,NULL,Pr,St. Catherine,33.97000000,28.55000000,1,Felt,U,U,-1.00000000,U,-1.00000000,NULL,NULL,NULL,NULL,NULL,NULL,NULL
153,1091 Sep 26,1091.20000000,MA,NULL,Hr,Antakya,36.16000000,36.20000000,3,Moderate,"Few casualties

",U,-1.00000000,U,-1.00000000,NULL,NULL,NULL,NULL,NULL,NULL,"Many houses and the Church of Our Lady collapsed, but there is no evidence that the shock caused great loss of life. A part of the rampart and 70 or 90 of its outer towers were ruined. The worst damage was to the northwest section of the city walls in the plain between the Gate of the Sea (Bab al-Bahr) and the Gate of Persia (Bab-Faris), which lost 32 towers.
As a result of the earthquake the River Orontes (al-Asi) changed its course, and flowed into the centre of the city, which added to the damage. This was probably due to landslides triggered by the shock upstream of Antioch."
154,1094 Apr 20 - Jun 17,1094.00000000,MA,NULL,Mr,Syria (A),37.03000000,34.93000000,1,Felt,No casualties,U,-1.00000000,U,-1.00000000,NULL,NULL,NULL,NULL,NULL,NULL,NULL
155,1097 Oct 13,1097.00000000,S,4.50000000,Mr,Antakya,36.16000000,36.20000000,0,None,U,U,-1.00000000,U,-1.00000000,NULL,NULL,NULL,NULL,NULL,NULL,"No location is given, but the evidence of chronicle entries before and after suggests that the chronicler was based in Antioch."
156,1097 Dec 30,1097.20000000,S,NULL,Mr,Antakya,36.16000000,36.20000000,2,Light,U,U,-1.00000000,U,-1.00000000,NULL,NULL,NULL,NULL,NULL,NULL,NULL
156,1097 Dec 30,1097.20000000,S,NULL,Hr,Antakya,36.16000000,36.20000000,0,None,U,U,-1.00000000,U,-1.00000000,NULL,NULL,NULL,NULL,NULL,NULL,NULL
157,1098 Oct 5,1098.00000000,S,NULL,Mr,Antakya,36.16000000,36.20000000,0,None,U,U,-1.00000000,U,-1.00000000,NULL,NULL,NULL,NULL,NULL,NULL,NULL
159,1105 Dec 24 (evening),1105.00000000,S,NULL,Vr,Tiberias - Southern Gate,29.75160000,33.67970000,1,Felt,No casualties,U,-1.00000000,U,-1.00000000,VI-VII (MCS) (GC),NULL,NULL,NULL,NULL,NULL,NULL
159,1105 Dec 24 (evening),1105.00000000,S,NULL,Vr,Jerusalem,35.23371042,31.77430227,1,Felt,No casualties,U,-1.00000000,U,-1.00000000,VI-VII (MCS) (GC),NULL,NULL,NULL,NULL,NULL,NULL
160,1108 Sep,1108.00000000,S,NULL,Mr,Syria (A),37.03000000,34.93000000,3,Moderate,U,U,-1.00000000,U,-1.00000000,NULL,NULL,NULL,NULL,NULL,NULL,"A violent earthquake caused ‘many important places’ to collapse. The location is not known, but it may well have been Syria. The source is the near contemporary Michael the Syrian"
161,1113 Jul 18,1113.00000000,MA,NULL,Hr,Tiberias - Southern Gate,29.75160000,33.67970000,1,Felt,U,U,-1.00000000,U,-1.00000000,NULL,NULL,NULL,NULL,NULL,NULL,NULL
161,1113 Jul 18,1113.00000000,MA,NULL,Hr,Jerusalem,35.23371042,31.77430227,1,Felt,U,U,-1.00000000,U,-1.00000000,NULL,NULL,NULL,NULL,NULL,NULL,NULL
162,1114 Apr-May,1114.00000000,C,NULL,Pr,Tiberias - Southern Gate,29.75160000,33.67970000,1,Felt,U,U,-1.00000000,U,-1.00000000,NULL,NULL,NULL,NULL,NULL,NULL,NULL
162,1114 Apr-May,1114.00000000,C,NULL,Pr,Jerusalem,35.23371042,31.77430227,1,Felt,U,U,-1.00000000,U,-1.00000000,NULL,NULL,NULL,NULL,NULL,NULL,NULL
162,1114 Apr-May,1114.00000000,C,NULL,Pr,Galilee (A),35.45000000,32.91000000,1,Felt,U,U,-1.00000000,U,-1.00000000,NULL,NULL,NULL,NULL,NULL,NULL,NULL
163,1114 Aug 10,1114.20000000,F,4.50000000,Mr,Alexandreta,36.17000000,36.58000000,3,Moderate,U,U,-1.00000000,U,-1.00000000,NULL,NULL,NULL,NULL,NULL,NULL,NULL
163,1114 Aug 10,1114.20000000,F,4.50000000,Mr,Antakya,36.16000000,36.20000000,2,Light,U,U,-1.00000000,U,-1.00000000,NULL,NULL,NULL,NULL,NULL,NULL,NULL
164,1114 Nov 13,1114.30000000,F,4.50000000,Mr,Antakya,36.16000000,36.20000000,3,Moderate,U,U,-1.00000000,U,-1.00000000,NULL,NULL,NULL,NULL,NULL,NULL,NULL
165,1114 Nov 29,1114.40000000,FM,NULL,Hr,Antakya,36.16000000,36.20000000,3,Moderate,U,U,-1.00000000,U,-1.00000000,NULL,NULL,NULL,NULL,NULL,NULL,NULL
165,1114 Nov 29,1114.40000000,FM,NULL,Hr,Aleppo,37.15000000,36.21000000,2,Light,U,U,-1.00000000,U,-1.00000000,NULL,NULL,NULL,NULL,NULL,NULL,NULL
166,1115 Dec 25,1115.00000000,U,NULL,Dr,Unspecified,35.92000000,33.29000000,0,None,U,U,-1.00000000,U,-1.00000000,NULL,NULL,NULL,NULL,NULL,NULL,NULL
167,1117 Jun 26,1117.00000000,S,5.50000000,Hr,Tiberias - Southern Gate,29.75160000,33.67970000,3,Moderate,U,U,-1.00000000,U,-1.00000000,NULL,NULL,NULL,NULL,NULL,NULL,NULL
167,1117 Jun 26,1117.00000000,S,5.50000000,Hr,Jerusalem,35.23371042,31.77430227,3,Moderate,U,U,-1.00000000,U,-1.00000000,NULL,NULL,NULL,NULL,NULL,NULL,NULL
168,1119,1119.00000000,S,NULL,Pr,Hebron,35.09000000,31.51000000,2,Light,U,U,-1.00000000,U,-1.00000000,NULL,NULL,NULL,NULL,NULL,NULL,NULL
173,1138 Oct 11,1138.00000000,MA,NULL,Hr,Jenin,35.29000000,32.45000000,4,Heavy,U,U,-1.00000000,U,-1.00000000,NULL,NULL,NULL,NULL,NULL,NULL,NULL
173,1138 Oct 11,1138.00000000,MA,NULL,Hr,Harim,36.51000000,36.20000000,4,Heavy,U,U,-1.00000000,U,-1.00000000,NULL,NULL,NULL,NULL,NULL,NULL,NULL
173,1138 Oct 11,1138.00000000,MA,NULL,Hr,Zaradna,36.75000000,36.05000000,4,Heavy,U,U,-1.00000000,U,-1.00000000,NULL,NULL,NULL,NULL,NULL,NULL,NULL
173,1138 Oct 11,1138.00000000,MA,NULL,Pr,Shih (U),33.65082151,33.05128774,4,Heavy,U,U,-1.00000000,U,-1.00000000,NULL,NULL,NULL,NULL,NULL,NULL,NULL
173,1138 Oct 11,1138.00000000,MA,NULL,Hr,Aleppo,37.15000000,36.21000000,3,Moderate,U,U,-1.00000000,U,-1.00000000,NULL,NULL,NULL,NULL,NULL,NULL,NULL
173,1138 Oct 11,1138.00000000,MA,NULL,Mr,Azrab,36.81000000,36.71000000,4,Heavy,U,U,-1.00000000,U,-1.00000000,NULL,NULL,NULL,NULL,NULL,NULL,NULL
173,1138 Oct 11,1138.00000000,MA,NULL,Mr,Bizza'ah,37.57000000,36.37000000,3,Moderate,U,U,-1.00000000,U,-1.00000000,NULL,NULL,NULL,NULL,NULL,NULL,NULL
173,1138 Oct 11,1138.00000000,MA,NULL,Mr,Tel Khalid,37.63000000,36.77000000,2,Light,U,U,-1.00000000,U,-1.00000000,NULL,NULL,NULL,NULL,NULL,NULL,NULL
173,1138 Oct 11,1138.00000000,MA,NULL,Hr,Damascus,36.29000000,33.51000000,1,Felt,No casualties,U,-1.00000000,U,-1.00000000,NULL,NULL,NULL,NULL,NULL,NULL,NULL
173,1138 Oct 11,1138.00000000,MA,NULL,Pr,Al-Raqqa,39.01000000,35.95000000,0,None,U,U,-1.00000000,U,-1.00000000,NULL,NULL,NULL,NULL,NULL,NULL,NULL
174,1139 Jun 21,1139.00000000,MA,NULL,Mr,Damascus,36.29000000,33.51000000,2,Light,U,U,-1.00000000,U,-1.00000000,NULL,NULL,NULL,NULL,NULL,NULL,"The report of Ibn al-Qalanisi does not mention damage. However he reports of 'dreadful earthquake' that is, al least minor damage might have occurred"
175,c.1150,1150.00000000,S,NULL,Pr,Deir Mar-Elias [IL],35.20000000,31.71000000,3,Moderate,U,U,-1.00000000,U,-1.00000000,NULL,NULL,NULL,NULL,NULL,NULL,NULL
175,c.1150,1150.00000000,S,NULL,Pr,St. John,35.51000000,31.08000000,3,Moderate,U,U,-1.00000000,U,-1.00000000,NULL,NULL,NULL,NULL,NULL,NULL,NULL
175,c.1150,1150.00000000,S,NULL,Mr,Tel Deir Alla,35.60000000,32.10000000,3,Moderate,U,8,8.00000000,U,-1.00000000,NULL,NULL,NULL,NULL,NULL,NULL,FR relates this damage to c. 1150. The reliability is Moderate since they consider earthquake-induced damage in archaeological sites only if it is attested by a minimum of two sufficiently distant sites and sites with evidence for surface rupture.
175,c.1150,1150.00000000,S,NULL,Mr,Tel Al’ Umayri,35.88860943,31.86851419,3,Moderate,U,8,8.00000000,U,-1.00000000,NULL,NULL,NULL,NULL,NULL,NULL,FR relates this damage to c. 1150. The reliability is Moderate since they consider earthquake-induced damage in archaeological sites only if it is attested by a minimum of two sufficiently distant sites and sites with evidence for surface rupture.
175,c.1150,1150.00000000,S,NULL,Mr,Tel el-Saiidiyeh,35.57000000,32.31000000,3,Moderate,U,8,8.00000000,U,-1.00000000,NULL,NULL,NULL,NULL,NULL,NULL,FR relates this damage to c. 1150. The reliability is Moderate since they consider earthquake-induced damage in archaeological sites only if it is attested by a minimum of two sufficiently distant sites and sites with evidence for surface rupture.
176,1151 Sep 27,1151.00000000,C,NULL,Hr,Hauran,36.49000000,32.75000000,2,Light,U,U,-1.00000000,U,-1.00000000,NULL,NULL,NULL,NULL,NULL,NULL,NULL
176,1151 Sep 27,1151.00000000,C,NULL,Hr,Busra,36.48000000,32.51000000,3,Moderate,U,U,-1.00000000,U,-1.00000000,NULL,NULL,NULL,NULL,NULL,NULL,NULL
176,1151 Sep 27,1151.00000000,C,NULL,Pr,Damascus,36.29000000,33.51000000,1,Felt,U,U,-1.00000000,U,-1.00000000,NULL,NULL,NULL,NULL,NULL,NULL,NULL
177,1152 Feb 3 (before dawn),1152.00000000,C,NULL,Hr,Damascus,36.29000000,33.51000000,1,Felt,U,U,-1.00000000,U,-1.00000000,NULL,NULL,NULL,NULL,NULL,NULL,NULL
179,1156 Sep 27,1156.00000000,F,NULL,Hr,Damascus,36.29000000,33.51000000,2,Light,U,U,-1.00000000,U,-1.00000000,NULL,NULL,NULL,NULL,NULL,NULL,NULL
180,1156 Oct 10  (night),1156.20000000,F,NULL,Hr,Damascus,36.29000000,33.51000000,2,Light,U,U,-1.00000000,U,-1.00000000,NULL,NULL,NULL,NULL,NULL,NULL,NULL
181,1156 Oct 13 (morning),1156.30000000,FMA,NULL,Hr,Aleppo,37.15000000,36.21000000,3,Moderate,U,U,-1.00000000,U,-1.00000000,NULL,NULL,NULL,NULL,NULL,NULL,NULL
181,1156 Oct 13 (morning),1156.30000000,FMA,NULL,Hr,Hamma,36.75000000,35.13000000,3,Moderate,U,U,-1.00000000,U,-1.00000000,NULL,NULL,NULL,NULL,NULL,NULL,NULL
181,1156 Oct 13 (morning),1156.30000000,FMA,NULL,Hr,Apamea,36.39000000,35.41000000,3,Moderate,U,U,-1.00000000,U,-1.00000000,NULL,NULL,NULL,NULL,NULL,NULL,NULL
181,1156 Oct 13 (morning),1156.30000000,FMA,NULL,Hr,Damascus,36.29000000,33.51000000,1,Felt,U,U,-1.00000000,U,-1.00000000,NULL,NULL,NULL,NULL,NULL,NULL,NULL
182,1156 Oct 17,1156.40000000,A,NULL,Hr,Damascus,36.29000000,33.51000000,1,Felt,U,U,-1.00000000,U,-1.00000000,NULL,NULL,NULL,NULL,NULL,NULL,NULL
183,1156 Oct 18,1156.50000000,A,NULL,Hr,Damascus,36.29000000,33.51000000,1,Felt,U,U,-1.00000000,U,-1.00000000,NULL,NULL,NULL,NULL,NULL,NULL,NULL
184,1156 Oct 20,1156.60000000,A,NULL,Hr,Damascus,36.29000000,33.51000000,1,Felt,U,U,-1.00000000,U,-1.00000000,NULL,NULL,NULL,NULL,NULL,NULL,NULL
185,1156 Oct 31 (night),1156.70000000,A,NULL,Hr,Damascus,36.29000000,33.51000000,1,Felt,U,U,-1.00000000,U,-1.00000000,NULL,NULL,NULL,NULL,NULL,NULL,NULL
186,1156 Nov 1 (early hours),1156.80000000,A,4.50000000,Hr,Damascus,36.29000000,33.51000000,1,Felt,U,U,-1.00000000,U,-1.00000000,NULL,NULL,NULL,NULL,NULL,NULL,NULL
187,1156 Nov 2,1156.90000000,A,4.50000000,Hr,Damascus,36.29000000,33.51000000,1,Felt,U,U,-1.00000000,U,-1.00000000,NULL,NULL,NULL,NULL,NULL,NULL,NULL
188,1156 Nov 7 (night),1156.92000000,A,NULL,Hr,Damascus,36.29000000,33.51000000,2,Light,U,U,-1.00000000,U,-1.00000000,NULL,NULL,NULL,NULL,NULL,NULL,NULL
189,1156 Nov 18,1156.93000000,A,NULL,Hr,Damascus,36.29000000,33.51000000,2,Light,U,U,-1.00000000,U,-1.00000000,NULL,NULL,NULL,NULL,NULL,NULL,NULL
190,1156 Nov 23 (midday),1156.94000000,A,4.50000000,Hr,Damascus,36.29000000,33.51000000,1,Felt,U,U,-1.00000000,U,-1.00000000,NULL,NULL,NULL,NULL,NULL,NULL,NULL
191,1156 Dec 8,1156.95000000,C,NULL,Hr,Aleppo,37.15000000,36.21000000,4,Heavy,Many casualties,U,-1.00000000,U,-1.00000000,NULL,NULL,NULL,NULL,NULL,NULL,NULL
191,1156 Dec 8,1156.95000000,C,NULL,Mr,Hamma,36.75000000,35.13000000,1,Felt,U,U,-1.00000000,U,-1.00000000,NULL,NULL,NULL,NULL,NULL,NULL,NULL
191,1156 Dec 8,1156.95000000,C,NULL,Mr,Kafr Tab,36.58000000,35.51000000,1,Felt,U,U,-1.00000000,U,-1.00000000,NULL,NULL,NULL,NULL,NULL,NULL,NULL
191,1156 Dec 8,1156.95000000,C,NULL,Pr,Damascus,36.29000000,33.51000000,1,Felt,U,U,-1.00000000,U,-1.00000000,NULL,NULL,NULL,NULL,NULL,NULL,NULL
192,1157 Apr 2 (after sunrize),1157.00000000,MA,NULL,Pr,Hamma,36.75000000,35.13000000,2,Light,U,U,-1.00000000,U,-1.00000000,NULL,NULL,NULL,NULL,NULL,NULL,NULL
192,1157 Apr 2 (after sunrize),1157.00000000,MA,NULL,Mr,Damascus,36.29000000,33.51000000,2,Light,U,U,-1.00000000,U,-1.00000000,NULL,NULL,NULL,NULL,NULL,NULL,NULL
192,1157 Apr 2 (after sunrize),1157.00000000,MA,NULL,Mr,Aleppo,37.15000000,36.21000000,0,None,U,U,-1.00000000,U,-1.00000000,NULL,NULL,NULL,NULL,NULL,NULL,NULL
192,1157 Apr 2 (after sunrize),1157.00000000,MA,NULL,Mr,Shaizar,36.56000000,35.25000000,0,None,U,U,-1.00000000,U,-1.00000000,NULL,NULL,NULL,NULL,NULL,NULL,NULL
192,1157 Apr 2 (after sunrize),1157.00000000,MA,NULL,Mr,Kafr Tab,36.58000000,35.51000000,0,None,U,U,-1.00000000,U,-1.00000000,NULL,NULL,NULL,NULL,NULL,NULL,NULL
192,1157 Apr 2 (after sunrize),1157.00000000,MA,NULL,Mr,Apamea,36.39000000,35.41000000,3,Moderate,U,U,-1.00000000,U,-1.00000000,NULL,NULL,NULL,NULL,NULL,NULL,NULL
193,1157 Apr 3,1157.20000000,A,4.50000000,Hr,Damascus,36.29000000,33.51000000,1,Felt,U,U,-1.00000000,U,-1.00000000,NULL,NULL,NULL,NULL,NULL,NULL,NULL
194,1157 Apr 4,1157.30000000,A,4.50000000,Hr,Damascus,36.29000000,33.51000000,1,Felt,U,U,-1.00000000,U,-1.00000000,NULL,NULL,NULL,NULL,NULL,NULL,NULL
195,1157 Jul 1,1157.40000000,F,NULL,Hr,Damascus,36.29000000,33.51000000,1,Felt,U,U,-1.00000000,U,-1.00000000,NULL,NULL,NULL,NULL,NULL,NULL,NULL
196,1157 Jul 5,1157.50000000,FM,NULL,Hr,Damascus,36.29000000,33.51000000,2,Light,U,U,-1.00000000,U,-1.00000000,NULL,NULL,NULL,NULL,NULL,NULL,NULL
196,1157 Jul 5,1157.50000000,FM,NULL,Pr,Homs,36.71000000,34.73000000,0,None,U,U,-1.00000000,U,-1.00000000,NULL,NULL,NULL,NULL,NULL,NULL,NULL
196,1157 Jul 5,1157.50000000,FM,NULL,Pr,Apamea,36.39000000,35.41000000,0,None,U,U,-1.00000000,U,-1.00000000,NULL,NULL,NULL,NULL,NULL,NULL,NULL
196,1157 Jul 5,1157.50000000,FM,NULL,Pr,Hamma,36.75000000,35.13000000,0,None,U,U,-1.00000000,U,-1.00000000,NULL,NULL,NULL,NULL,NULL,NULL,NULL
196,1157 Jul 5,1157.50000000,FM,NULL,Pr,Aleppo,37.15000000,36.21000000,0,None,U,U,-1.00000000,U,-1.00000000,NULL,NULL,NULL,NULL,NULL,NULL,NULL
197,1157 Jul 13,1157.60000000,MA,NULL,Hr,Homs,36.71000000,34.73000000,4,Heavy,U,U,-1.00000000,U,-1.00000000,NULL,NULL,NULL,NULL,NULL,NULL,NULL
197,1157 Jul 13,1157.60000000,MA,NULL,Hr,Hamma,36.75000000,35.13000000,4,Heavy,U,U,-1.00000000,U,-1.00000000,NULL,NULL,NULL,NULL,NULL,NULL,NULL
197,1157 Jul 13,1157.60000000,MA,NULL,Hr,Shaizar,36.56000000,35.25000000,4,Heavy,U,U,-1.00000000,U,-1.00000000,NULL,NULL,NULL,NULL,NULL,NULL,NULL
197,1157 Jul 13,1157.60000000,MA,NULL,Hr,Kafr Tab,36.58000000,35.51000000,4,Heavy,U,U,-1.00000000,U,-1.00000000,NULL,NULL,NULL,NULL,NULL,NULL,NULL
197,1157 Jul 13,1157.60000000,MA,NULL,Hr,Apamea,36.39000000,35.41000000,3,Moderate,U,U,-1.00000000,U,-1.00000000,NULL,NULL,NULL,NULL,NULL,NULL,NULL
197,1157 Jul 13,1157.60000000,MA,NULL,Hr,Aleppo,37.15000000,36.21000000,2,Light,U,U,-1.00000000,U,-1.00000000,NULL,NULL,NULL,NULL,NULL,NULL,NULL
197,1157 Jul 13,1157.60000000,MA,NULL,Hr,Damascus,36.29000000,33.51000000,1,Felt,U,U,-1.00000000,U,-1.00000000,NULL,NULL,NULL,NULL,NULL,NULL,NULL
197,1157 Jul 13,1157.60000000,MA,NULL,Pr,Tayma,36.75000000,32.84000000,1,Felt,U,U,-1.00000000,U,-1.00000000,NULL,NULL,NULL,NULL,NULL,NULL,NULL
198,1157 Aug 12 (night),1157.70000000,FMA,7.20000000,Vr,Shaizar,36.56000000,35.25000000,4,Heavy,Many casualties,U,-1.00000000,U,-1.00000000,NULL,NULL,NULL,NULL,NULL,NULL,"damage: Castle, Citadel, Shalimar"
198,1157 Aug 12 (night),1157.70000000,FMA,7.20000000,Vr,Kafr Tab,36.58000000,35.51000000,4,Heavy,Many casualties,U,-1.00000000,U,-1.00000000,NULL,NULL,NULL,NULL,NULL,NULL,NULL
198,1157 Aug 12 (night),1157.70000000,FMA,7.20000000,Vr,Apamea,36.39000000,35.41000000,4,Heavy,Many casualties,U,-1.00000000,U,-1.00000000,NULL,NULL,NULL,NULL,NULL,NULL,"damage: Citadel, Castle"
198,1157 Aug 12 (night),1157.70000000,FMA,7.20000000,Vr,Hamma,36.75000000,35.13000000,5,Severe,Many casualties,U,-1.00000000,U,-1.00000000,NULL,NULL,NULL,NULL,NULL,NULL,"damage: citadel, Hasanain mosque"
198,1157 Aug 12 (night),1157.70000000,FMA,7.20000000,Pr,Massyaf,36.33000000,35.06000000,4,Heavy,U,U,-1.00000000,U,-1.00000000,NULL,NULL,NULL,NULL,NULL,NULL,NULL
198,1157 Aug 12 (night),1157.70000000,FMA,7.20000000,Hr,Barin,36.41000000,34.93000000,4,Heavy,U,U,-1.00000000,U,-1.00000000,NULL,NULL,NULL,NULL,NULL,NULL,damage: Castle
198,1157 Aug 12 (night),1157.70000000,FMA,7.20000000,Hr,Shumaimis (U),33.65082151,33.05128774,4,Heavy,"Few casualties

",U,-1.00000000,U,-1.00000000,NULL,NULL,NULL,NULL,NULL,NULL,damge: Citadel
198,1157 Aug 12 (night),1157.70000000,FMA,7.20000000,Hr,Hish Al-Akrad,36.28000000,34.75000000,4,Heavy,"Few casualties

",U,-1.00000000,U,-1.00000000,NULL,NULL,NULL,NULL,NULL,NULL,damage: Castle
198,1157 Aug 12 (night),1157.70000000,FMA,7.20000000,Mr,Arqa,36.03000000,34.51000000,4,Heavy,Many casualties,U,-1.00000000,U,-1.00000000,NULL,NULL,NULL,NULL,NULL,NULL,NULL
198,1157 Aug 12 (night),1157.70000000,FMA,7.20000000,Mr,Tripoli,35.83000000,34.43000000,4,Heavy,Many casualties,U,-1.00000000,U,-1.00000000,NULL,NULL,NULL,NULL,NULL,NULL,NULL
198,1157 Aug 12 (night),1157.70000000,FMA,7.20000000,Hr,Homs,36.71000000,34.73000000,4,Heavy,"Few casualties

",U,-1.00000000,U,-1.00000000,NULL,NULL,NULL,NULL,NULL,NULL,damage: Citadel
198,1157 Aug 12 (night),1157.70000000,FMA,7.20000000,Pr,Adad al-Arab (U),35.71000000,33.78000000,0,None,U,U,-1.00000000,U,-1.00000000,NULL,NULL,NULL,NULL,NULL,NULL,NULL
198,1157 Aug 12 (night),1157.70000000,FMA,7.20000000,Hr,Salamiyah,37.06000000,34.99000000,4,Heavy,Many casualties,U,-1.00000000,U,-1.00000000,NULL,NULL,NULL,NULL,NULL,NULL,NULL
198,1157 Aug 12 (night),1157.70000000,FMA,7.20000000,Hr,Aleppo,37.15000000,36.21000000,4,Heavy,Many casualties,U,-1.00000000,U,-1.00000000,NULL,NULL,NULL,NULL,NULL,NULL,"damage: Towers, Wall"
198,1157 Aug 12 (night),1157.70000000,FMA,7.20000000,Hr,Tiberias - Southern Gate,29.75160000,33.67970000,3,Moderate,U,U,-1.00000000,U,-1.00000000,NULL,NULL,NULL,NULL,NULL,NULL,NULL
198,1157 Aug 12 (night),1157.70000000,FMA,7.20000000,Hr,Jerusalem,35.23371042,31.77430227,3,Moderate,U,U,-1.00000000,U,-1.00000000,NULL,NULL,NULL,NULL,NULL,NULL,NULL
198,1157 Aug 12 (night),1157.70000000,FMA,7.20000000,Hr,Byblus,35.64000000,34.11000000,3,Moderate,U,U,-1.00000000,U,-1.00000000,NULL,NULL,NULL,NULL,NULL,NULL,NULL
198,1157 Aug 12 (night),1157.70000000,FMA,7.20000000,Hr,Nisfin (U),33.65082151,33.05128774,3,Moderate,U,U,-1.00000000,U,-1.00000000,NULL,NULL,NULL,NULL,NULL,NULL,NULL
198,1157 Aug 12 (night),1157.70000000,FMA,7.20000000,Hr,Azaz,37.05000000,36.58000000,3,Moderate,Many casualties,U,-1.00000000,U,-1.00000000,NULL,NULL,NULL,NULL,NULL,NULL,NULL
198,1157 Aug 12 (night),1157.70000000,FMA,7.20000000,Hr,Antakya,36.16000000,36.20000000,3,Moderate,"Few casualties

",U,-1.00000000,U,-1.00000000,NULL,NULL,NULL,NULL,NULL,NULL,NULL
198,1157 Aug 12 (night),1157.70000000,FMA,7.20000000,Hr,Latakia,35.77000000,35.51000000,4,Heavy,U,U,-1.00000000,U,-1.00000000,NULL,NULL,NULL,NULL,NULL,NULL,NULL
198,1157 Aug 12 (night),1157.70000000,FMA,7.20000000,Hr,Beirut,35.48000000,33.89000000,1,Felt,U,U,-1.00000000,U,-1.00000000,NULL,NULL,NULL,NULL,NULL,NULL,NULL
198,1157 Aug 12 (night),1157.70000000,FMA,7.20000000,Hr,Sidon,35.37000000,33.56000000,1,Felt,U,U,-1.00000000,U,-1.00000000,NULL,NULL,NULL,NULL,NULL,NULL,NULL
198,1157 Aug 12 (night),1157.70000000,FMA,7.20000000,Hr,Tyre,35.21000000,33.26000000,1,Felt,U,U,-1.00000000,U,-1.00000000,NULL,NULL,NULL,NULL,NULL,NULL,NULL
198,1157 Aug 12 (night),1157.70000000,FMA,7.20000000,Hr,Akko,35.07000000,32.92000000,1,Felt,U,U,-1.00000000,U,-1.00000000,NULL,NULL,NULL,NULL,NULL,NULL,NULL
198,1157 Aug 12 (night),1157.70000000,FMA,7.20000000,Hr,Damascus,36.29000000,33.51000000,3,Moderate,U,U,-1.00000000,U,-1.00000000,NULL,NULL,NULL,NULL,NULL,NULL,damage: damascus mosque
198,1157 Aug 12 (night),1157.70000000,FMA,7.20000000,Hr,Baalbeq,36.20000000,34.00000000,3,Moderate,U,U,-1.00000000,U,-1.00000000,NULL,NULL,NULL,NULL,NULL,NULL,damage: BaalBek mosque
198,1157 Aug 12 (night),1157.70000000,FMA,7.20000000,Pr,Harran,39.03000000,36.87000000,3,Moderate,U,U,-1.00000000,U,-1.00000000,NULL,NULL,NULL,NULL,NULL,NULL,NULL
198,1157 Aug 12 (night),1157.70000000,FMA,7.20000000,Pr,Al-Rahba,35.72000000,31.35000000,3,Moderate,U,U,-1.00000000,U,-1.00000000,NULL,NULL,NULL,NULL,NULL,NULL,NULL
198,1157 Aug 12 (night),1157.70000000,FMA,7.20000000,Pr,Ararat,44.28000000,39.70000000,1,Felt,U,U,-1.00000000,U,-1.00000000,NULL,NULL,NULL,NULL,NULL,NULL,NULL
198,1157 Aug 12 (night),1157.70000000,FMA,7.20000000,Pr,Cyprus (A),33.10000000,34.98000000,1,Felt,U,U,-1.00000000,U,-1.00000000,NULL,NULL,NULL,NULL,NULL,NULL,NULL
199,1157 Aug (night) 13,1157.80000000,A,NULL,Hr,Shaizar,36.56000000,35.25000000,4,Heavy,U,U,-1.00000000,U,-1.00000000,NULL,NULL,NULL,NULL,NULL,NULL,NULL
200,1157 August 16 (night) - 19,1157.90000000,A,NULL,Mr,Apamea,36.39000000,35.41000000,0,None,U,U,-1.00000000,U,-1.00000000,NULL,NULL,NULL,NULL,NULL,NULL,NULL
200,1157 August 16 (night) - 19,1157.90000000,A,NULL,Mr,Hamma,36.75000000,35.13000000,0,None,U,U,-1.00000000,U,-1.00000000,NULL,NULL,NULL,NULL,NULL,NULL,NULL
200,1157 August 16 (night) - 19,1157.90000000,A,NULL,Mr,Massyaf,36.33000000,35.06000000,0,None,U,U,-1.00000000,U,-1.00000000,NULL,NULL,NULL,NULL,NULL,NULL,NULL
200,1157 August 16 (night) - 19,1157.90000000,A,NULL,Hr,Damascus,36.29000000,33.51000000,1,Felt,No casualties,U,-1.00000000,U,-1.00000000,NULL,NULL,NULL,NULL,NULL,NULL,NULL
201,1157 Sep 6,1157.92000000,S,NULL,Mr,Tayma,36.75000000,32.84000000,3,Moderate,U,U,-1.00000000,U,-1.00000000,NULL,NULL,NULL,NULL,NULL,NULL,NULL
201,1157 Sep 6,1157.92000000,S,NULL,Hr,Damascus,36.29000000,33.51000000,1,Felt,No casualties,U,-1.00000000,U,-1.00000000,NULL,NULL,NULL,NULL,NULL,NULL,NULL
202,1157 Oct 30,1157.93000000,MA,NULL,Hr,Hamma,36.75000000,35.13000000,3,Moderate,U,U,-1.00000000,U,-1.00000000,NULL,NULL,NULL,NULL,NULL,NULL,NULL
202,1157 Oct 30,1157.93000000,MA,NULL,Hr,Aleppo,37.15000000,36.21000000,3,Moderate,U,U,-1.00000000,U,-1.00000000,NULL,NULL,NULL,NULL,NULL,NULL,NULL
203,1157 Nov 14,1157.94000000,A,NULL,Mr,Damascus,36.29000000,33.51000000,2,Light,U,U,-1.00000000,U,-1.00000000,NULL,NULL,NULL,NULL,NULL,NULL,NULL
204,1157 Dec 13,1157.95000000,A,NULL,Hr,Damascus,36.29000000,33.51000000,1,Felt,U,U,-1.00000000,U,-1.00000000,NULL,NULL,NULL,NULL,NULL,NULL,NULL
205,1157 Dec 26,1157.96000000,A,NULL,Mr,Damascus,36.29000000,33.51000000,2,Light,U,U,-1.00000000,U,-1.00000000,NULL,NULL,NULL,NULL,NULL,NULL,NULL
206,1157 Dec 28,1157.97000000,A,4.50000000,Hr,Damascus,36.29000000,33.51000000,1,Felt,U,U,-1.00000000,U,-1.00000000,NULL,NULL,NULL,NULL,NULL,NULL,NULL
207,1158 Jan (eve/night) 2,1158.00000000,C,NULL,Hr,Damascus,36.29000000,33.51000000,2,Light,U,U,-1.00000000,U,-1.00000000,NULL,NULL,NULL,NULL,NULL,NULL,NULL
208,1158 Apr 4,1158.20000000,S,NULL,Pr,Aleppo,37.15000000,36.21000000,3,Moderate,U,U,-1.00000000,U,-1.00000000,NULL,NULL,NULL,NULL,NULL,NULL,"damage: Buidings, walls and Citadel"
209,1158 Apr 24,1158.30000000,A,4.50000000,Mr,Damascus,36.29000000,33.51000000,1,Felt,U,U,-1.00000000,U,-1.00000000,NULL,NULL,NULL,NULL,NULL,NULL,NULL
210,1158  < Jul 1,1158.40000000,S,NULL,Pr,Aleppo,37.15000000,36.21000000,1,Felt,U,U,-1.00000000,U,-1.00000000,NULL,NULL,NULL,NULL,NULL,NULL,NULL
210,1158  < Jul 1,1158.40000000,S,NULL,Pr,Hamma,36.75000000,35.13000000,1,Felt,U,U,-1.00000000,U,-1.00000000,NULL,NULL,NULL,NULL,NULL,NULL,NULL
211,1158 Aug 20 (dawn/midday),1158.50000000,S,4.50000000,Mr,Damascus,36.29000000,33.51000000,1,Felt,U,U,-1.00000000,U,-1.00000000,NULL,NULL,NULL,NULL,NULL,NULL,NULL
213,1158 Oct-1159 Sep,1158.70000000,MA,NULL,Pr,Jabalah,35.92000000,35.35000000,4,Heavy,Many casualties,U,-1.00000000,U,-1.00000000,NULL,NULL,NULL,NULL,NULL,NULL,NULL
214,1159 Jan 23 (dawn),1159.00000000,MA,NULL,Mr,Damascus,36.29000000,33.51000000,1,Felt,U,U,-1.00000000,U,-1.00000000,NULL,NULL,NULL,NULL,NULL,NULL,NULL
215,1159 Apr 12-13,1159.20000000,C,NULL,Mr,Damascus,36.29000000,33.51000000,2,Light,U,U,-1.00000000,U,-1.00000000,NULL,NULL,NULL,NULL,NULL,NULL,NULL
216,1159 May 8,1159.30000000,C,NULL,Mr,Damascus,36.29000000,33.51000000,1,Felt,U,U,-1.00000000,U,-1.00000000,NULL,NULL,NULL,NULL,NULL,NULL,NULL
217,1160,1160.00000000,U,NULL,U,Unspecified,35.92000000,33.29000000,0,None,U,U,-1.00000000,U,-1.00000000,NULL,NULL,NULL,NULL,NULL,NULL,Probably False event
218,1162 Aug,1162.00000000,S,NULL,Mr,Antakya,36.16000000,36.20000000,3,Moderate,U,U,-1.00000000,U,-1.00000000,NULL,NULL,NULL,NULL,NULL,NULL,NULL
218,1162 Aug,1162.00000000,S,NULL,Mr,Balis,36.40000000,35.79000000,3,Moderate,U,U,-1.00000000,U,-1.00000000,NULL,NULL,NULL,NULL,NULL,NULL,NULL
218,1162 Aug,1162.00000000,S,NULL,Mr,Edessa,38.80000000,37.15000000,3,Moderate,U,U,-1.00000000,U,-1.00000000,NULL,NULL,NULL,NULL,NULL,NULL,NULL
218,1162 Aug,1162.00000000,S,NULL,Pr,Nisibin,37.06000000,36.38000000,3,Moderate,U,U,-1.00000000,U,-1.00000000,NULL,NULL,NULL,NULL,NULL,NULL,NULL
219,1170 Jun 29 (0345),1170.00000000,FM,7.30000000,Vr,Hamma,36.75000000,35.13000000,5,Severe,Many casualties,U,-1.00000000,U,-1.00000000,NULL,NULL,NULL,NULL,NULL,NULL,"damage: Walls, Citadel"
219,1170 Jun 29 (0345),1170.00000000,FM,7.30000000,Vr,Barin,36.41000000,34.93000000,4,Heavy,U,U,-1.00000000,U,-1.00000000,NULL,NULL,NULL,NULL,NULL,NULL,damage: Citadel
219,1170 Jun 29 (0345),1170.00000000,FM,7.30000000,Vr,Safitta Castle,36.11000000,34.81000000,5,Severe,U,U,-1.00000000,U,-1.00000000,NULL,NULL,NULL,NULL,NULL,NULL,NULL
219,1170 Jun 29 (0345),1170.00000000,FM,7.30000000,Vr,Hish Al-Akrad,36.28000000,34.75000000,4,Heavy,U,U,-1.00000000,U,-1.00000000,NULL,NULL,NULL,NULL,NULL,NULL,"damage: Citadel, Walls"
219,1170 Jun 29 (0345),1170.00000000,FM,7.30000000,Vr,Homs,36.71000000,34.73000000,4,Heavy,Many casualties,U,-1.00000000,U,-1.00000000,NULL,NULL,NULL,NULL,NULL,NULL,"damage: Walls, Citadel"
219,1170 Jun 29 (0345),1170.00000000,FM,7.30000000,Mr,Arqa,36.03000000,34.51000000,3,Moderate,U,U,-1.00000000,U,-1.00000000,NULL,NULL,NULL,NULL,NULL,NULL,damage: Castle
219,1170 Jun 29 (0345),1170.00000000,FM,7.30000000,Hr,Baalbeq,36.20000000,34.00000000,4,Heavy,"Few casualties

",U,-1.00000000,U,-1.00000000,NULL,NULL,NULL,NULL,NULL,NULL,"walls, Citadel"
219,1170 Jun 29 (0345),1170.00000000,FM,7.30000000,Hr,Jabalah,35.92000000,35.35000000,3,Moderate,U,U,-1.00000000,U,-1.00000000,NULL,NULL,NULL,NULL,NULL,NULL,NULL
219,1170 Jun 29 (0345),1170.00000000,FM,7.30000000,Hr,Baniyas [IL],35.61000000,33.24000000,3,Moderate,U,U,-1.00000000,U,-1.00000000,NULL,NULL,NULL,NULL,NULL,NULL,NULL
219,1170 Jun 29 (0345),1170.00000000,FM,7.30000000,Pr,Al-Marqab Citadel,35.93000000,35.14000000,4,Heavy,U,U,-1.00000000,U,-1.00000000,NULL,NULL,NULL,NULL,NULL,NULL,NULL
219,1170 Jun 29 (0345),1170.00000000,FM,7.30000000,Hr,Tripoli,35.83000000,34.43000000,4,Heavy,U,U,-1.00000000,U,-1.00000000,NULL,NULL,NULL,NULL,NULL,NULL,"damage: Castle, the Great church"
219,1170 Jun 29 (0345),1170.00000000,FM,7.30000000,Mr,Byblus,35.64000000,34.11000000,4,Heavy,U,U,-1.00000000,U,-1.00000000,NULL,NULL,NULL,NULL,NULL,NULL,NULL
219,1170 Jun 29 (0345),1170.00000000,FM,7.30000000,Hr,Damascus,36.29000000,33.51000000,3,Moderate,"Few casualties

",U,-1.00000000,U,-1.00000000,NULL,NULL,NULL,NULL,NULL,NULL,damage: the Great mosque
219,1170 Jun 29 (0345),1170.00000000,FM,7.30000000,Hr,Aleppo,37.15000000,36.21000000,4,Heavy,Many casualties,U,-1.00000000,U,-1.00000000,NULL,NULL,NULL,NULL,NULL,NULL,damage: Citadel
219,1170 Jun 29 (0345),1170.00000000,FM,7.30000000,Pr,Harim,36.51000000,36.20000000,0,None,U,U,-1.00000000,U,-1.00000000,NULL,NULL,NULL,NULL,NULL,NULL,NULL
219,1170 Jun 29 (0345),1170.00000000,FM,7.30000000,Hr,Antakya,36.16000000,36.20000000,4,Heavy,"Few casualties

",U,-1.00000000,U,-1.00000000,NULL,NULL,NULL,NULL,NULL,NULL,"damage: Cathedral Church of St. Peter, St. Comma Church"
219,1170 Jun 29 (0345),1170.00000000,FM,7.30000000,Pr,Latakia,35.77000000,35.51000000,3,Moderate,U,U,-1.00000000,U,-1.00000000,NULL,NULL,NULL,NULL,NULL,NULL,NULL
219,1170 Jun 29 (0345),1170.00000000,FM,7.30000000,Pr,Hunin Castle,35.56000000,33.23000000,3,Moderate,U,U,-1.00000000,U,-1.00000000,NULL,NULL,NULL,NULL,NULL,NULL,NULL
219,1170 Jun 29 (0345),1170.00000000,FM,7.30000000,Pr,Tyre,35.21000000,33.26000000,3,Moderate,U,U,-1.00000000,U,-1.00000000,NULL,NULL,NULL,NULL,NULL,NULL,NULL
219,1170 Jun 29 (0345),1170.00000000,FM,7.30000000,Pr,Akko,35.07000000,32.92000000,3,Moderate,U,U,-1.00000000,U,-1.00000000,NULL,NULL,NULL,NULL,NULL,NULL,damage: Castle
219,1170 Jun 29 (0345),1170.00000000,FM,7.30000000,Hr,Nazareth,35.29000000,32.70000000,1,Felt,U,U,-1.00000000,U,-1.00000000,NULL,NULL,NULL,NULL,NULL,NULL,NULL
219,1170 Jun 29 (0345),1170.00000000,FM,7.30000000,Hr,Tiberias - Southern Gate,29.75160000,33.67970000,1,Felt,U,U,-1.00000000,U,-1.00000000,NULL,NULL,NULL,NULL,NULL,NULL,NULL
219,1170 Jun 29 (0345),1170.00000000,FM,7.30000000,Hr,Jerusalem,35.23371042,31.77430227,1,Felt,U,U,-1.00000000,U,-1.00000000,NULL,NULL,NULL,NULL,NULL,NULL,NULL
219,1170 Jun 29 (0345),1170.00000000,FM,7.30000000,Hr,Edessa,38.80000000,37.15000000,1,Felt,U,U,-1.00000000,U,-1.00000000,NULL,NULL,NULL,NULL,NULL,NULL,NULL
219,1170 Jun 29 (0345),1170.00000000,FM,7.30000000,Mr,Nisibin,37.06000000,36.38000000,1,Felt,U,U,-1.00000000,U,-1.00000000,NULL,NULL,NULL,NULL,NULL,NULL,NULL
219,1170 Jun 29 (0345),1170.00000000,FM,7.30000000,Pr,Qusayr [TR],36.18000000,36.05000000,3,Moderate,U,U,-1.00000000,U,-1.00000000,NULL,NULL,NULL,NULL,NULL,NULL,damage: Castle
219,1170 Jun 29 (0345),1170.00000000,FM,7.30000000,Pr,Baghras,36.21000000,36.38000000,0,None,U,U,-1.00000000,U,-1.00000000,NULL,NULL,NULL,NULL,NULL,NULL,NULL
219,1170 Jun 29 (0345),1170.00000000,FM,7.30000000,Mr,Samosata,38.46000000,37.57000000,3,Moderate,U,U,-1.00000000,U,-1.00000000,NULL,NULL,NULL,NULL,NULL,NULL,NULL
219,1170 Jun 29 (0345),1170.00000000,FM,7.30000000,Mr,Mardin,40.73000000,37.31000000,1,Felt,U,U,-1.00000000,U,-1.00000000,NULL,NULL,NULL,NULL,NULL,NULL,NULL
219,1170 Jun 29 (0345),1170.00000000,FM,7.30000000,Mr,Singar,41.86000000,36.31000000,1,Felt,U,U,-1.00000000,U,-1.00000000,NULL,NULL,NULL,NULL,NULL,NULL,NULL
219,1170 Jun 29 (0345),1170.00000000,FM,7.30000000,Mr,Mosul,43.13000000,36.34000000,1,Felt,U,U,-1.00000000,U,-1.00000000,NULL,NULL,NULL,NULL,NULL,NULL,NULL
219,1170 Jun 29 (0345),1170.00000000,FM,7.30000000,Mr,Al-Harin,36.33000000,35.11000000,5,Severe,U,U,-1.00000000,U,-1.00000000,NULL,NULL,NULL,NULL,NULL,NULL,Meghraoui et al. 2003;
220,1181 Feb 25,1181.00000000,S,NULL,Pr,Aleppo,37.15000000,36.21000000,3,Moderate,U,U,-1.00000000,U,-1.00000000,NULL,NULL,NULL,NULL,NULL,NULL,damage to Halleb and Surrounding villages
221,1201 Jun 2,1201.00000000,U,NULL,U,Unspecified,35.92000000,33.29000000,0,None,U,U,-1.00000000,U,-1.00000000,NULL,NULL,NULL,NULL,NULL,NULL,Probably False event
222,1202 May 20 (0240),1202.00000000,MA,7.50000000,Pr,Batun (U),33.65082151,33.05128774,2,Light,U,U,-1.00000000,U,-1.00000000,NULL,NULL,NULL,NULL,NULL,NULL,NULL
222,1202 May 20 (0240),1202.00000000,MA,7.50000000,Mr,Safitta Castle,36.11000000,34.81000000,3,Moderate,U,8-9,8.50000000,U,-1.00000000,NULL,NULL,NULL,NULL,NULL,NULL,Damage to the Castle (KM2)
222,1202 May 20 (0240),1202.00000000,MA,7.50000000,Vr,Tyre,35.21000000,33.26000000,5,Severe,U,U,-1.00000000,U,-1.00000000,NULL,NULL,NULL,NULL,NULL,NULL,NULL
222,1202 May 20 (0240),1202.00000000,MA,7.50000000,Vr,Akko,35.07000000,32.92000000,4,Heavy,U,U,-1.00000000,U,-1.00000000,NULL,NULL,NULL,NULL,NULL,NULL,"damage: Royal Palace, the walls"
222,1202 May 20 (0240),1202.00000000,MA,7.50000000,Vr,Samaria,35.29000000,32.42000000,3,Moderate,U,U,-1.00000000,U,-1.00000000,NULL,NULL,NULL,NULL,NULL,NULL,NULL
222,1202 May 20 (0240),1202.00000000,MA,7.50000000,Vr,Hauran,36.49000000,32.75000000,4,Heavy,U,U,-1.00000000,U,-1.00000000,NULL,NULL,NULL,NULL,NULL,NULL,most of the towns were so badly damaged
222,1202 May 20 (0240),1202.00000000,MA,7.50000000,Vr,Safa,35.52000000,32.43000000,4,Heavy,Many casualties,U,-1.00000000,U,-1.00000000,NULL,NULL,NULL,NULL,NULL,NULL,NULL
222,1202 May 20 (0240),1202.00000000,MA,7.50000000,Vr,Hunin Castle,35.56000000,33.23000000,3,Moderate,U,U,-1.00000000,U,-1.00000000,NULL,NULL,NULL,NULL,NULL,NULL,NULL
222,1202 May 20 (0240),1202.00000000,MA,7.50000000,Vr,Baniyas [IL],35.61000000,33.24000000,3,Moderate,U,U,-1.00000000,U,-1.00000000,NULL,NULL,NULL,NULL,NULL,NULL,NULL
222,1202 May 20 (0240),1202.00000000,MA,7.50000000,Vr,Tebnine,35.40000000,33.19000000,3,Moderate,U,U,-1.00000000,U,-1.00000000,NULL,NULL,NULL,NULL,NULL,NULL,NULL
222,1202 May 20 (0240),1202.00000000,MA,7.50000000,Vr,Busra,36.48000000,32.51000000,0,None,U,U,-1.00000000,U,-1.00000000,NULL,NULL,NULL,NULL,NULL,NULL,village near Busra
222,1202 May 20 (0240),1202.00000000,MA,7.50000000,Vr,Nablus,35.25000000,32.21000000,3,Moderate,U,U,-1.00000000,U,-1.00000000,NULL,NULL,NULL,NULL,NULL,NULL,NULL
222,1202 May 20 (0240),1202.00000000,MA,7.50000000,Vr,Tiberias - Southern Gate,29.75160000,33.67970000,2,Light,U,U,-1.00000000,U,-1.00000000,NULL,NULL,NULL,NULL,NULL,NULL,NULL
222,1202 May 20 (0240),1202.00000000,MA,7.50000000,Vr,Jerusalem,35.23371042,31.77430227,2,Light,U,U,-1.00000000,U,-1.00000000,NULL,NULL,NULL,NULL,NULL,NULL,NULL
222,1202 May 20 (0240),1202.00000000,MA,7.50000000,Vr,Damascus,36.29000000,33.51000000,4,Heavy,"Few casualties

",U,-1.00000000,U,-1.00000000,NULL,NULL,NULL,NULL,NULL,NULL,"near the citadel, the Umayed mosque, the Jirun (eastern) gate, Kallasa mosque, Nur ed Din Hospital"
222,1202 May 20 (0240),1202.00000000,MA,7.50000000,Vr,Byblus,35.64000000,34.11000000,3,Moderate,U,U,-1.00000000,U,-1.00000000,NULL,NULL,NULL,NULL,NULL,NULL,NULL
222,1202 May 20 (0240),1202.00000000,MA,7.50000000,Hr,Beirut,35.48000000,33.89000000,2,Light,U,U,-1.00000000,U,-1.00000000,NULL,NULL,NULL,NULL,NULL,NULL,NULL
222,1202 May 20 (0240),1202.00000000,MA,7.50000000,Vr,Mt. Lebanon (A),35.71000000,33.50000000,0,None,Many casualties,U,-1.00000000,U,-1.00000000,NULL,NULL,NULL,NULL,NULL,NULL,NULL
222,1202 May 20 (0240),1202.00000000,MA,7.50000000,Vr,Baalbeq,36.20000000,34.00000000,4,Heavy,U,U,-1.00000000,U,-1.00000000,NULL,NULL,NULL,NULL,NULL,NULL,NULL
222,1202 May 20 (0240),1202.00000000,MA,7.50000000,Vr,Tripoli,35.83000000,34.43000000,3,Moderate,Many casualties,U,-1.00000000,U,-1.00000000,NULL,NULL,NULL,NULL,NULL,NULL,NULL
222,1202 May 20 (0240),1202.00000000,MA,7.50000000,Vr,Arqa,36.03000000,34.51000000,3,Moderate,U,U,-1.00000000,U,-1.00000000,NULL,NULL,NULL,NULL,NULL,NULL,NULL
222,1202 May 20 (0240),1202.00000000,MA,7.50000000,Vr,Unknown,33.65082151,33.05128774,3,Moderate,U,U,-1.00000000,U,-1.00000000,NULL,NULL,NULL,NULL,NULL,NULL,NULL
222,1202 May 20 (0240),1202.00000000,MA,7.50000000,Vr,Test,NULL,NULL,3,Moderate,U,U,-1.00000000,U,-1.00000000,NULL,NULL,NULL,NULL,NULL,NULL,NULL
222,1202 May 20 (0240),1202.00000000,MA,7.50000000,Vr,Al-Marqab Citadel,35.93000000,35.14000000,4,Heavy,U,8-9,8.50000000,8,8.00000000,NULL,NULL,NULL,NULL,NULL,NULL,"The azimuth of displacement is NE-SW for the older damages of the Crusader period (A.D. 1170–1285), possibly related to the A.D. 1202 earthquake. The earthquake produced at least VIII intensity on the MSK scale at AlMarqab, which is higher than previously considered (KM)"
222,1202 May 20 (0240),1202.00000000,MA,7.50000000,Vr,Hish Al-Akrad,36.28000000,34.75000000,2,Light,U,U,-1.00000000,U,-1.00000000,NULL,NULL,NULL,NULL,NULL,NULL,NULL
222,1202 May 20 (0240),1202.00000000,MA,7.50000000,Vr,Barin,36.41000000,34.93000000,2,Light,U,U,-1.00000000,U,-1.00000000,NULL,NULL,NULL,NULL,NULL,NULL,NULL
222,1202 May 20 (0240),1202.00000000,MA,7.50000000,Vr,Tartus,35.88000000,34.88000000,1,Felt,U,U,-1.00000000,U,-1.00000000,NULL,NULL,NULL,NULL,NULL,NULL,NULL
222,1202 May 20 (0240),1202.00000000,MA,7.50000000,Vr,Homs,36.71000000,34.73000000,3,Moderate,U,U,-1.00000000,U,-1.00000000,NULL,NULL,NULL,NULL,NULL,NULL,damage: castle watchtower
222,1202 May 20 (0240),1202.00000000,MA,7.50000000,Vr,Hamma,36.75000000,35.13000000,4,Heavy,U,U,-1.00000000,U,-1.00000000,NULL,NULL,NULL,NULL,NULL,NULL,damage: the castle
222,1202 May 20 (0240),1202.00000000,MA,7.50000000,Vr,Aleppo,37.15000000,36.21000000,1,Felt,U,U,-1.00000000,U,-1.00000000,NULL,NULL,NULL,NULL,NULL,NULL,NULL
222,1202 May 20 (0240),1202.00000000,MA,7.50000000,Vr,Antakya,36.16000000,36.20000000,1,Felt,U,U,-1.00000000,U,-1.00000000,NULL,NULL,NULL,NULL,NULL,NULL,NULL
222,1202 May 20 (0240),1202.00000000,MA,7.50000000,Vr,Mesopotamia (A),41.36000000,34.60000000,1,Felt,U,U,-1.00000000,U,-1.00000000,NULL,NULL,NULL,NULL,NULL,NULL,NULL
222,1202 May 20 (0240),1202.00000000,MA,7.50000000,Vr,Akhlat,34.97000000,37.52000000,1,Felt,U,U,-1.00000000,U,-1.00000000,NULL,NULL,NULL,NULL,NULL,NULL,NULL
222,1202 May 20 (0240),1202.00000000,MA,7.50000000,Vr,Qus,32.76000000,25.93000000,1,Felt,U,U,-1.00000000,U,-1.00000000,NULL,NULL,NULL,NULL,NULL,NULL,NULL
222,1202 May 20 (0240),1202.00000000,MA,7.50000000,Vr,Cairo,31.20000000,30.04000000,1,Felt,U,U,-1.00000000,U,-1.00000000,NULL,NULL,NULL,NULL,NULL,NULL,NULL
222,1202 May 20 (0240),1202.00000000,MA,7.50000000,Vr,Nile Delta (A),31.42000000,30.89000000,1,Felt,U,U,-1.00000000,U,-1.00000000,NULL,NULL,NULL,NULL,NULL,NULL,NULL
222,1202 May 20 (0240),1202.00000000,MA,7.50000000,Vr,Alexandria,29.89000000,31.20000000,1,Felt,U,U,-1.00000000,U,-1.00000000,NULL,NULL,NULL,NULL,NULL,NULL,NULL
222,1202 May 20 (0240),1202.00000000,MA,7.50000000,Vr,Cyprus (A),33.10000000,34.98000000,1,Felt,U,U,-1.00000000,U,-1.00000000,NULL,NULL,NULL,NULL,NULL,NULL,NULL
222,1202 May 20 (0240),1202.00000000,MA,7.50000000,Vr,Syria (A),37.03000000,34.93000000,0,None,U,U,-1.00000000,U,-1.00000000,NULL,NULL,NULL,NULL,NULL,NULL,NULL
222,1202 May 20 (0240),1202.00000000,MA,7.50000000,Mr,Miʿilyā,35.25706604,33.02771860,4,Heavy,U,8-9,8.50000000,U,-1.00000000,NULL,NULL,NULL,NULL,NULL,NULL,"Archaeological remains show that it was severe–violent with high intensity, probably VIII+ (KH)"
222,1202 May 20 (0240),1202.00000000,MA,7.50000000,Mr,Tel Ateret,35.62773538,33.00463080,4,Heavy,U,10-11,10.50000000,U,-1.00000000,NULL,NULL,NULL,NULL,NULL,NULL,Following excavations in Tell Ateret of EMK
222,1202 May 20 (0240),1202.00000000,MA,7.50000000,Mr,Kh. el-Manhata,35.23000000,33.04000000,3,Moderate,U,U,-1.00000000,U,-1.00000000,NULL,NULL,NULL,NULL,NULL,NULL,"Reference: Khamisy, R. (2017). Archaeological remains of the 1202 earthquake in the Frankish village of Tarphile/Khirbat al-Man?ata. Levant, 49(3), 333-341."
223,1212 May 01,1212.00000000,FMA,6.70000000,Hr,Al-Shaubak,35.56000000,30.53000000,3,Moderate,"Few casualties

",U,-1.00000000,U,-1.00000000,VIII (MCS),NULL,NULL,NULL,NULL,NULL,NULL
223,1212 May 01,1212.00000000,FMA,6.70000000,Hr,Karak,35.70000000,31.17000000,3,Moderate,"Few casualties

",U,-1.00000000,U,-1.00000000,VIII (MCS),NULL,NULL,NULL,NULL,NULL,NULL
223,1212 May 01,1212.00000000,FMA,6.70000000,Hr,Elat,34.95000000,29.55000000,3,Moderate,U,U,-1.00000000,U,-1.00000000,IX-X (MCS),NULL,NULL,NULL,NULL,NULL,NULL
223,1212 May 01,1212.00000000,FMA,6.70000000,Hr,St. Catherine,33.97000000,28.55000000,3,Moderate,U,U,-1.00000000,U,-1.00000000,NULL,NULL,NULL,NULL,NULL,NULL,NULL
223,1212 May 01,1212.00000000,FMA,6.70000000,Pr,Qal'at Al-Jundi (U),33.65082151,33.05128774,2,Light,U,U,-1.00000000,U,-1.00000000,NULL,NULL,NULL,NULL,NULL,NULL,source is inconclusive.
223,1212 May 01,1212.00000000,FMA,6.70000000,Hr,Cairo,31.20000000,30.04000000,3,Moderate,U,U,-1.00000000,U,-1.00000000,VIII (MCS),NULL,NULL,NULL,NULL,NULL,NULL
224,1222 May 11 (~ past noon),1222.00000000,MA,NULL,Hr,Mamshit,35.06000000,31.02000000,4,Heavy,U,U,-1.00000000,U,-1.00000000,NULL,NULL,NULL,NULL,NULL,NULL,"Either in Paphos or in Limassol a church fell, burying the priest who was saying mass and all his congregation."
224,1222 May 11 (~ past noon),1222.00000000,MA,NULL,Hr,Paphos,32.41000000,34.76000000,4,Heavy,U,U,-1.00000000,U,-1.00000000,NULL,NULL,NULL,NULL,NULL,NULL,"Paphos suffered most; the city and castle were totally destroyed and most of its inhabitants were killed. Either in Paphos or in Limassol a church fell, burying the priest who was saying mass and all his congregation. Another church, that of the Franciscans in Paphos, was so badly damaged that it was abandoned after the earthquake. The Byzantine castle at the site known as Saranda Kolones was also destroyed. Near Paphos, ‘two mountains with a lake in between them collapsed and formed a single mountain’ an allusion that the earthquake triggered large-scale landslides"
224,1222 May 11 (~ past noon),1222.00000000,MA,NULL,Mr,Nicosia,33.35000000,35.15000000,3,Moderate,Many casualties,U,-1.00000000,U,-1.00000000,NULL,NULL,NULL,NULL,NULL,NULL,"Damage extended throughout the island, including Nicosia, where many people lost their lives."
224,1222 May 11 (~ past noon),1222.00000000,MA,NULL,Pr,Egypt (A),31.49000000,28.61000000,0,None,U,U,-1.00000000,U,-1.00000000,NULL,NULL,NULL,NULL,NULL,NULL,NULL
225,1259 Mar 22,1259.00000000,MA,NULL,Pr,Damascus,36.29000000,33.51000000,3,Moderate,U,U,-1.00000000,U,-1.00000000,NULL,NULL,NULL,NULL,NULL,NULL,Possible amalgamation of this event with the 1261 egypt event
226,1261 Oct 1 - 1262 Sep 30,1261.00000000,S,NULL,Pr,Syria (A),37.03000000,34.93000000,0,None,U,U,-1.00000000,U,-1.00000000,NULL,NULL,NULL,NULL,NULL,NULL,NULL
227,1261,1261.20000000,S,NULL,Pr,Akko,35.07000000,32.92000000,0,None,U,U,-1.00000000,U,-1.00000000,NULL,NULL,NULL,NULL,NULL,NULL,NULL
228,1267 Dec 8,1267.00000000,S,NULL,Pr,Damieh,35.56000000,32.20000000,0,None,U,U,-1.00000000,U,-1.00000000,NULL,NULL,NULL,NULL,NULL,NULL,Ther is no indication that the damming of the jordan in 1267 was caused by an earthquake.
229,1284,1284.00000000,S,NULL,Mr,Damascus,36.29000000,33.51000000,2,Light,U,U,-1.00000000,U,-1.00000000,NULL,NULL,NULL,NULL,NULL,NULL,"damage: the wall around bab al-Faradis, school of Muqaddamyya, River Barada"
230,1287 Feb 16,1287.00000000,F,4.50000000,Mr,Safitta Castle,36.11000000,34.81000000,2,Light,U,U,-1.00000000,U,-1.00000000,NULL,NULL,NULL,NULL,NULL,NULL,NULL
231,1287 Mar 08,1287.20000000,F,4.50000000,Mr,Homs,36.71000000,34.73000000,2,Light,U,U,-1.00000000,U,-1.00000000,VII ? (MCS),NULL,NULL,NULL,NULL,NULL,NULL
232,1287 Mar 21,1287.30000000,S,NULL,Hr,Latakia,35.77000000,35.51000000,3,Moderate,U,U,-1.00000000,U,-1.00000000,VII ? (MCS),NULL,NULL,NULL,NULL,NULL,NULL
233,1293 Jan 11–Feb 08,1293.00000000,S,6.20000000,Mr,Tafilah,35.60000000,30.84000000,3,Moderate,U,U,-1.00000000,U,-1.00000000,NULL,NULL,NULL,NULL,NULL,NULL,NULL
233,1293 Jan 11–Feb 08,1293.00000000,S,6.20000000,Hr,Karak,35.70000000,31.17000000,4,Heavy,U,U,-1.00000000,U,-1.00000000,NULL,NULL,NULL,NULL,NULL,NULL,"damage: the citadel, many houses"
233,1293 Jan 11–Feb 08,1293.00000000,S,6.20000000,Hr,Ramla,34.87000000,31.92000000,3,Moderate,U,U,-1.00000000,U,-1.00000000,NULL,NULL,NULL,NULL,NULL,NULL,damage: minaret of the main mosque
233,1293 Jan 11–Feb 08,1293.00000000,S,6.20000000,Hr,Gaza,34.46000000,31.50000000,3,Moderate,U,U,-1.00000000,U,-1.00000000,NULL,NULL,NULL,NULL,NULL,NULL,damage: minaret collapse
233,1293 Jan 11–Feb 08,1293.00000000,S,6.20000000,Hr,Lod,34.90000000,31.95000000,3,Moderate,U,U,-1.00000000,U,-1.00000000,NULL,NULL,NULL,NULL,NULL,NULL,NULL
233,1293 Jan 11–Feb 08,1293.00000000,S,6.20000000,Hr,Qaqun,34.98000000,32.35000000,3,Moderate,U,U,-1.00000000,U,-1.00000000,NULL,NULL,NULL,NULL,NULL,NULL,NULL
235,1306-1307,1306.00000000,S,NULL,Pr,Barin,36.41000000,34.93000000,0,None,U,U,-1.00000000,U,-1.00000000,NULL,NULL,NULL,NULL,NULL,NULL,No reference of earthquake but landslide
236,1312 May 1,1312.00000000,S,NULL,Dr,Unspecified,35.92000000,33.29000000,0,None,U,U,-1.00000000,U,-1.00000000,NULL,NULL,NULL,NULL,NULL,NULL,NULL
237,1319,1319.00000000,S,NULL,Pr,Antakya,36.16000000,36.20000000,0,None,U,U,-1.00000000,U,-1.00000000,NULL,NULL,NULL,NULL,NULL,NULL,Report of vauge damage with no reference of earthquake
238,1322 Feb (night),1322.00000000,S,4.50000000,Pr,Damascus,36.29000000,33.51000000,1,Felt,U,U,-1.00000000,U,-1.00000000,NULL,NULL,NULL,NULL,NULL,NULL,NULL
239,1323,1323.00000000,S,NULL,Pr,Syria (A),37.03000000,34.93000000,0,None,U,U,-1.00000000,U,-1.00000000,NULL,NULL,NULL,NULL,NULL,NULL,NULL
240,1339 Jan,1339.00000000,S,NULL,Mr,Tripoli,35.83000000,34.43000000,4,Heavy,Many casualties,U,-1.00000000,U,-1.00000000,NULL,NULL,NULL,NULL,NULL,NULL,NULL
242,1354 Oct 28,1354.00000000,S,NULL,Pr,Homs,36.71000000,34.73000000,3,Moderate,"Few casualties

",U,-1.00000000,U,-1.00000000,NULL,NULL,NULL,NULL,NULL,NULL,NULL
242,1354 Oct 28,1354.00000000,S,NULL,Pr,Hamma,36.75000000,35.13000000,3,Moderate,"Few casualties

",U,-1.00000000,U,-1.00000000,NULL,NULL,NULL,NULL,NULL,NULL,NULL
242,1354 Oct 28,1354.00000000,S,NULL,Pr,Baalbeq,36.20000000,34.00000000,3,Moderate,"Few casualties

",U,-1.00000000,U,-1.00000000,NULL,NULL,NULL,NULL,NULL,NULL,NULL
243,1366 Oct,1366.00000000,S,NULL,Pr,Safed,35.48000000,32.96000000,1,Felt,U,U,-1.00000000,U,-1.00000000,NULL,NULL,NULL,NULL,NULL,NULL,NULL
244,1375,1375.00000000,S,NULL,Pr,Aleppo,37.15000000,36.21000000,2,Light,U,U,-1.00000000,U,-1.00000000,NULL,NULL,NULL,NULL,NULL,NULL,NULL
245,1399 Sep 18-19 (night),1399.00000000,S,4.50000000,Mr,Damascus,36.29000000,33.51000000,1,Felt,U,U,-1.00000000,U,-1.00000000,NULL,NULL,NULL,NULL,NULL,NULL,NULL
246,1403 Dec 18,1403.00000000,F,NULL,Mr,Aleppo,37.15000000,36.21000000,2,Light,U,U,-1.00000000,U,-1.00000000,NULL,NULL,NULL,NULL,NULL,NULL,NULL
247,1404 Feb 20,1404.00000000,FMA,NULL,Hr,Aleppo,37.15000000,36.21000000,4,Heavy,U,U,-1.00000000,U,-1.00000000,NULL,NULL,NULL,NULL,NULL,NULL,NULL
247,1404 Feb 20,1404.00000000,FMA,NULL,Hr,Tripoli,35.83000000,34.43000000,4,Heavy,U,U,-1.00000000,U,-1.00000000,NULL,NULL,NULL,NULL,NULL,NULL,NULL
247,1404 Feb 20,1404.00000000,FMA,NULL,Hr,Al-Marqab Citadel,35.93000000,35.14000000,4,Heavy,U,8-9,8.50000000,U,-1.00000000,NULL,NULL,NULL,NULL,NULL,NULL,Vibration in NE-SW plane. It damaged the southern tower + NW corner of the donjon. It occurred after 1285. Candidates are the 1404 and 1759 (KM)
248,1404 Nov 7,1404.20000000,MA,NULL,Hr,Aleppo,37.15000000,36.21000000,1,Felt,U,U,-1.00000000,U,-1.00000000,NULL,NULL,NULL,NULL,NULL,NULL,NULL
249,1407 Apr  29,1407.00000000,C,NULL,Hr,Antakya,36.16000000,36.20000000,3,Moderate,"Few casualties

",U,-1.00000000,U,-1.00000000,NULL,NULL,NULL,NULL,NULL,NULL,NULL
250,1408 Dec 29,1408.00000000,C,7.50000000,Hr,Antakya,36.16000000,36.20000000,4,Heavy,U,U,-1.00000000,U,-1.00000000,NULL,NULL,NULL,NULL,NULL,NULL,NULL
250,1408 Dec 29,1408.00000000,C,7.50000000,Hr,Latakia,35.77000000,35.51000000,3,Moderate,U,U,-1.00000000,U,-1.00000000,NULL,NULL,NULL,NULL,NULL,NULL,NULL
250,1408 Dec 29,1408.00000000,C,7.50000000,Hr,Jabalah,35.92000000,35.35000000,3,Moderate,"Few casualties

",U,-1.00000000,U,-1.00000000,NULL,NULL,NULL,NULL,NULL,NULL,NULL
250,1408 Dec 29,1408.00000000,C,7.50000000,Hr,Balatunus Castle,36.07000000,35.50000000,3,Moderate,"Few casualties

",U,-1.00000000,U,-1.00000000,NULL,NULL,NULL,NULL,NULL,NULL,NULL
250,1408 Dec 29,1408.00000000,C,7.50000000,Hr,Qusayr [TR],36.18000000,36.05000000,0,None,U,U,-1.00000000,U,-1.00000000,NULL,NULL,NULL,NULL,NULL,NULL,NULL
250,1408 Dec 29,1408.00000000,C,7.50000000,Mr,Saltuham (U),33.65082151,33.05128774,0,None,U,U,-1.00000000,U,-1.00000000,NULL,NULL,NULL,NULL,NULL,NULL,NULL
250,1408 Dec 29,1408.00000000,C,7.50000000,Mr,N. Lebanease Coast (A),35.71000000,34.01000000,0,None,U,U,-1.00000000,U,-1.00000000,NULL,NULL,NULL,NULL,NULL,NULL,NULL
250,1408 Dec 29,1408.00000000,C,7.50000000,Mr,Jisr Al-Shughur,36.31000000,35.80000000,3,Moderate,U,U,-1.00000000,U,-1.00000000,NULL,NULL,NULL,NULL,NULL,NULL,NULL
253,1458 Nov 16,1458.00000000,S,6.50000000,Mr,Qasr Tilah,35.33000000,30.74000000,5,Severe,U,U,-1.00000000,U,-1.00000000,NULL,NULL,NULL,NULL,NULL,NULL,"Kilnger et al, 2000;"
253,1458 Nov 16,1458.00000000,S,6.50000000,Hr,Ramla,34.87000000,31.92000000,3,Moderate,U,U,-1.00000000,U,-1.00000000,VII-VIII (MCS),NULL,NULL,NULL,NULL,NULL,NULL
253,1458 Nov 16,1458.00000000,S,6.50000000,Hr,Lod,34.90000000,31.95000000,3,Moderate,U,U,-1.00000000,U,-1.00000000,NULL,NULL,NULL,NULL,NULL,NULL,NULL
253,1458 Nov 16,1458.00000000,S,6.50000000,Hr,Hebron,35.09000000,31.51000000,3,Moderate,U,U,-1.00000000,U,-1.00000000,VII-VIII (MCS),NULL,NULL,NULL,NULL,NULL,"Jerusalem (VII), Cairo (III-IV)."
253,1458 Nov 16,1458.00000000,S,6.50000000,Hr,Karak,35.70000000,31.17000000,4,Heavy,Many casualties,U,-1.00000000,U,-1.00000000,IX (MCS),NULL,NULL,NULL,NULL,NULL,"damage: Citadel, parts of the Walls, Govener palace"
253,1458 Nov 16,1458.00000000,S,6.50000000,Hr,Tiberias - Southern Gate,29.75160000,33.67970000,3,Moderate,U,U,-1.00000000,U,-1.00000000,VII (MCS),NULL,NULL,NULL,NULL,NULL,"damage: part of the minaret over the Zawiya al-Darkah, dome near the Church of the Holy Sepulchre"
253,1458 Nov 16,1458.00000000,S,6.50000000,Hr,Jerusalem,35.23371042,31.77430227,3,Moderate,U,U,-1.00000000,U,-1.00000000,VII (MCS),NULL,NULL,NULL,NULL,NULL,"damage: part of the minaret over the Zawiya al-Darkah, dome near the Church of the Holy Sepulchre"
253,1458 Nov 16,1458.00000000,S,6.50000000,Hr,Cairo,31.20000000,30.04000000,1,Felt,U,U,-1.00000000,U,-1.00000000,III-IV (MCS),NULL,NULL,NULL,NULL,NULL,The shock was felt weakly in Cairo.
254,1459,1459.00000000,U,NULL,U,Unspecified,35.92000000,33.29000000,0,None,U,U,-1.00000000,U,-1.00000000,NULL,NULL,NULL,NULL,NULL,NULL,Probably False event
255,1476 Oct 29,1476.00000000,S,4.50000000,U,Unspecified,35.92000000,33.29000000,0,None,U,U,-1.00000000,U,-1.00000000,NULL,NULL,NULL,NULL,NULL,NULL,No report of damage
257,1484 Apr,1484.00000000,C,NULL,Hr,Aleppo,37.15000000,36.21000000,2,Light,U,U,-1.00000000,U,-1.00000000,NULL,NULL,NULL,NULL,NULL,NULL,NULL
258,1491 Apr 25,1491.00000000,U,NULL,U,Unspecified,35.92000000,33.29000000,0,None,U,U,-1.00000000,U,-1.00000000,NULL,NULL,NULL,NULL,NULL,NULL,Probably False event
259,1504,1504.00000000,C,4.50000000,Pr,Tiberias - Southern Gate,29.75160000,33.67970000,1,Felt,U,U,-1.00000000,U,-1.00000000,NULL,NULL,NULL,NULL,NULL,NULL,Three shocks were felt in Jerusalem
259,1504,1504.00000000,C,4.50000000,Pr,Jerusalem,35.23371042,31.77430227,1,Felt,U,U,-1.00000000,U,-1.00000000,NULL,NULL,NULL,NULL,NULL,NULL,Three shocks were felt in Jerusalem
269,1532,1532.00000000,S,4.50000000,Pr,Bet-Lehem,35.19000000,31.69000000,1,Felt,U,U,-1.00000000,U,-1.00000000,NULL,NULL,NULL,NULL,NULL,NULL,NULL
271,1537,1537.00000000,S,NULL,Pr,Antakya,36.16000000,36.20000000,3,Moderate,U,U,-1.00000000,U,-1.00000000,NULL,NULL,NULL,NULL,NULL,NULL,NULL
272,1541,1541.00000000,U,4.50000000,U,Unspecified,35.92000000,33.29000000,0,None,U,U,-1.00000000,U,-1.00000000,NULL,NULL,NULL,NULL,NULL,NULL,Probably False event
276,1546 Jan 14 (Afternoon),1546.00000000,MA,6.50000000,Pr,Safed,35.48000000,32.96000000,3,Moderate,U,U,-1.00000000,U,-1.00000000,NULL,NULL,NULL,NULL,NULL,NULL,NULL
276,1546 Jan 14 (Afternoon),1546.00000000,MA,6.50000000,Hr,Damascus,36.29000000,33.51000000,1,Felt,U,U,-1.00000000,U,-1.00000000,NULL,NULL,NULL,NULL,NULL,NULL,NULL
276,1546 Jan 14 (Afternoon),1546.00000000,MA,6.50000000,Pr,Jaffa,34.75000000,32.05000000,3,Moderate,"Few casualties

",U,-1.00000000,U,-1.00000000,NULL,NULL,NULL,NULL,NULL,NULL,NULL
276,1546 Jan 14 (Afternoon),1546.00000000,MA,6.50000000,Mr,Nablus,35.25000000,32.21000000,4,Heavy,Many casualties,U,-1.00000000,U,-1.00000000,NULL,NULL,NULL,NULL,NULL,NULL,NULL
276,1546 Jan 14 (Afternoon),1546.00000000,MA,6.50000000,Hr,Maa'yan Elisha,35.43000000,31.87000000,0,None,U,U,-1.00000000,U,-1.00000000,NULL,NULL,NULL,NULL,NULL,NULL,NULL
276,1546 Jan 14 (Afternoon),1546.00000000,MA,6.50000000,Mr,Jordan River (A),35.53000000,31.82000000,0,None,U,U,-1.00000000,U,-1.00000000,NULL,NULL,NULL,NULL,NULL,NULL,NULL
276,1546 Jan 14 (Afternoon),1546.00000000,MA,6.50000000,Hr,Hebron,35.09000000,31.51000000,3,Moderate,"Few casualties

",U,-1.00000000,U,-1.00000000,NULL,NULL,NULL,NULL,NULL,NULL,NULL
276,1546 Jan 14 (Afternoon),1546.00000000,MA,6.50000000,Pr,Gaza,34.46000000,31.50000000,2,Light,U,U,-1.00000000,U,-1.00000000,NULL,NULL,NULL,NULL,NULL,NULL,damage: madrassa of Qayitbay
276,1546 Jan 14 (Afternoon),1546.00000000,MA,6.50000000,Pr,Ramla,34.87000000,31.92000000,3,Moderate,U,U,-1.00000000,U,-1.00000000,NULL,NULL,NULL,NULL,NULL,NULL,NULL
276,1546 Jan 14 (Afternoon),1546.00000000,MA,6.50000000,Pr,Karak,35.70000000,31.17000000,1,Felt,U,U,-1.00000000,U,-1.00000000,NULL,NULL,NULL,NULL,NULL,NULL,NULL
276,1546 Jan 14 (Afternoon),1546.00000000,MA,6.50000000,Pr,A-Salt,35.72000000,32.03000000,1,Felt,U,U,-1.00000000,U,-1.00000000,NULL,NULL,NULL,NULL,NULL,NULL,NULL
276,1546 Jan 14 (Afternoon),1546.00000000,MA,6.50000000,Hr,Bet-Lehem,35.19000000,31.69000000,3,Moderate,U,U,-1.00000000,U,-1.00000000,NULL,NULL,NULL,NULL,NULL,NULL,"damage: the Baslica, St. Jeronimous Church"
276,1546 Jan 14 (Afternoon),1546.00000000,MA,6.50000000,Hr,Bet-Jala,35.17000000,31.71000000,3,Moderate,U,U,-1.00000000,U,-1.00000000,NULL,NULL,NULL,NULL,NULL,NULL,NULL
276,1546 Jan 14 (Afternoon),1546.00000000,MA,6.50000000,Hr,Batir,35.13000000,31.72000000,3,Moderate,U,U,-1.00000000,U,-1.00000000,NULL,NULL,NULL,NULL,NULL,NULL,NULL
276,1546 Jan 14 (Afternoon),1546.00000000,MA,6.50000000,Hr,Jericho,35.46264709,31.86013890,3,Moderate,U,U,-1.00000000,U,-1.00000000,NULL,NULL,NULL,NULL,NULL,NULL,damage: St. Helen Church
276,1546 Jan 14 (Afternoon),1546.00000000,MA,6.50000000,Pr,Nazareth,35.29000000,32.70000000,2,Light,U,U,-1.00000000,U,-1.00000000,NULL,NULL,NULL,NULL,NULL,NULL,NULL
276,1546 Jan 14 (Afternoon),1546.00000000,MA,6.50000000,Pr,Nabi-Musa,35.43000000,31.78000000,3,Moderate,U,U,-1.00000000,U,-1.00000000,NULL,NULL,NULL,NULL,NULL,NULL,NULL
276,1546 Jan 14 (Afternoon),1546.00000000,MA,6.50000000,Pr,Tiberias,35.54223594,32.78604531,3,Moderate,U,U,-1.00000000,U,-1.00000000,NULL,NULL,NULL,NULL,NULL,NULL,NULL
276,1546 Jan 14 (Afternoon),1546.00000000,MA,6.50000000,Pr,Gibeon,35.17000000,31.84000000,4,Heavy,U,U,-1.00000000,U,-1.00000000,NULL,NULL,NULL,NULL,NULL,NULL,NULL
276,1546 Jan 14 (Afternoon),1546.00000000,MA,6.50000000,Hr,Bethany,35.26000000,31.77000000,3,Moderate,U,U,-1.00000000,U,-1.00000000,NULL,NULL,NULL,NULL,NULL,NULL,NULL
276,1546 Jan 14 (Afternoon),1546.00000000,MA,6.50000000,Hr,St. John,35.51000000,31.08000000,3,Moderate,U,U,-1.00000000,U,-1.00000000,NULL,NULL,NULL,NULL,NULL,NULL,NULL
276,1546 Jan 14 (Afternoon),1546.00000000,MA,6.50000000,Vr,Tiberias - Southern Gate,29.75160000,33.67970000,3,Moderate,"Few casualties

",U,-1.00000000,U,-1.00000000,NULL,NULL,NULL,NULL,NULL,NULL,"damage: Holy tomb, Walls, Tower of the Temple, gate of Mercy, Yishmael mosque, al-Aqsa, Church of the Holy Sepulchre, the Ashrafiyya, the Aminiyya, Fakhriyya, Olive Mountain"
276,1546 Jan 14 (Afternoon),1546.00000000,MA,6.50000000,Vr,Jerusalem,35.23371042,31.77430227,3,Moderate,"Few casualties

",U,-1.00000000,U,-1.00000000,NULL,NULL,NULL,NULL,NULL,NULL,"damage: Holy tomb, Walls, Tower of the Temple, gate of Mercy, Yishmael mosque, al-Aqsa, Church of the Holy Sepulchre, the Ashrafiyya, the Aminiyya, Fakhriyya, Olive Mountain"
277,1557 Feb,1557.00000000,S,NULL,Pr,Tiberias - Southern Gate,29.75160000,33.67970000,3,Moderate,U,U,-1.00000000,U,-1.00000000,NULL,NULL,NULL,NULL,NULL,NULL,NULL
277,1557 Feb,1557.00000000,S,NULL,Pr,Jerusalem,35.23371042,31.77430227,3,Moderate,U,U,-1.00000000,U,-1.00000000,NULL,NULL,NULL,NULL,NULL,NULL,NULL
278,1563 Sep 13 (dawn),1563.00000000,S,NULL,Hr,Damascus,36.29000000,33.51000000,3,Moderate,U,U,-1.00000000,U,-1.00000000,NULL,NULL,NULL,NULL,NULL,NULL,NULL
279,1565 Jul 27,1565.00000000,S,4.50000000,Hr,Damascus,36.29000000,33.51000000,1,Felt,U,U,-1.00000000,U,-1.00000000,NULL,NULL,NULL,NULL,NULL,NULL,NULL
281,1588 Jan 04 (13:00),1588.00000000,S,6.70000000,Mr,Cairo,31.20000000,30.04000000,2,Light,U,U,-1.00000000,U,-1.00000000,NULL,NULL,NULL,NULL,NULL,NULL,NULL
281,1588 Jan 04 (13:00),1588.00000000,S,6.70000000,Mr,Elat,34.95000000,29.55000000,3,Moderate,U,U,-1.00000000,U,-1.00000000,NULL,NULL,NULL,NULL,NULL,NULL,NULL
281,1588 Jan 04 (13:00),1588.00000000,S,6.70000000,Mr,Medina,39.59000000,24.46000000,1,Felt,U,U,-1.00000000,U,-1.00000000,NULL,NULL,NULL,NULL,NULL,NULL,NULL
281,1588 Jan 04 (13:00),1588.00000000,S,6.70000000,Mr,St. Catherine,33.97000000,28.55000000,3,Moderate,U,U,-1.00000000,U,-1.00000000,NULL,NULL,NULL,NULL,NULL,NULL,"The monastery of… collappsed and, togther with other structures, was later rebuilt."
281,1588 Jan 04 (13:00),1588.00000000,S,6.70000000,Mr,Tabuk,36.58000000,28.38000000,3,Moderate,U,U,-1.00000000,U,-1.00000000,NULL,NULL,NULL,NULL,NULL,NULL,NULL
282,1604 Mar 12,1604.00000000,S,NULL,Hr,Damascus,36.29000000,33.51000000,2,Light,U,U,-1.00000000,U,-1.00000000,NULL,NULL,NULL,NULL,NULL,NULL,NULL
282,1604 Mar 12,1604.00000000,S,NULL,Mr,Bekaa (A),36.14000000,34.00000000,1,Felt,U,U,-1.00000000,U,-1.00000000,NULL,NULL,NULL,NULL,NULL,NULL,The earthquake felt in the Beqaa region of lebanon.
283,1605 Jan 08,1605.00000000,C,NULL,Dr,Deir Mar-Saba,35.33000000,31.70000000,2,Light,U,U,-1.00000000,U,-1.00000000,NULL,NULL,NULL,NULL,NULL,NULL,NULL
284,1606 Oct 20,1606.00000000,C,NULL,Hr,Baalbeq,36.20000000,34.00000000,1,Felt,U,U,-1.00000000,U,-1.00000000,NULL,NULL,NULL,NULL,NULL,NULL,NULL
285,1610 Mar 7,1610.00000000,S,NULL,Mr,Aleppo,37.15000000,36.21000000,1,Felt,U,U,-1.00000000,U,-1.00000000,NULL,NULL,NULL,NULL,NULL,NULL,NULL
286,1616 Jul 22,1616.00000000,S,4.50000000,Pr,Aleppo,37.15000000,36.21000000,1,Felt,U,U,-1.00000000,U,-1.00000000,NULL,NULL,NULL,NULL,NULL,NULL,NULL
287,1618 Jul 8,1618.00000000,C,NULL,Hr,Damascus,36.29000000,33.51000000,1,Felt,U,U,-1.00000000,U,-1.00000000,NULL,NULL,NULL,NULL,NULL,NULL,NULL
288,1618 Aug,1618.20000000,S,4.50000000,Vr,Damascus,36.29000000,33.51000000,0,None,U,U,-1.00000000,U,-1.00000000,NULL,NULL,NULL,NULL,NULL,NULL,NULL
289,1626 Jan 21,1626.00000000,S,NULL,Hr,Hamma,36.75000000,35.13000000,3,Moderate,U,U,-1.00000000,U,-1.00000000,NULL,NULL,NULL,NULL,NULL,NULL,damage: Dahshah suq
289,1626 Jan 21,1626.00000000,S,NULL,Hr,Aleppo,37.15000000,36.21000000,3,Moderate,U,U,-1.00000000,U,-1.00000000,NULL,NULL,NULL,NULL,NULL,NULL,NULL
289,1626 Jan 21,1626.00000000,S,NULL,Hr,Gaziantep/Aintab,37.11000000,37.33000000,3,Moderate,U,U,-1.00000000,U,-1.00000000,NULL,NULL,NULL,NULL,NULL,NULL,NULL
289,1626 Jan 21,1626.00000000,S,NULL,Hr,Damascus,36.29000000,33.51000000,2,Light,U,U,-1.00000000,U,-1.00000000,NULL,NULL,NULL,NULL,NULL,NULL,NULL
290,1627 Nov 24,1627.00000000,C,NULL,Hr,Damascus,36.29000000,33.51000000,1,Felt,U,U,-1.00000000,U,-1.00000000,NULL,NULL,NULL,NULL,NULL,NULL,NULL
291,1630,1630.00000000,S,NULL,Pr,Syria (A),37.03000000,34.93000000,2,Light,U,U,-1.00000000,U,-1.00000000,NULL,NULL,NULL,NULL,NULL,NULL,damage: the Mohammad mosque
292,1643 Mar 23,1643.00000000,S,5.50000000,Mr,Tiberias - Southern Gate,29.75160000,33.67970000,2,Light,No casualties,U,-1.00000000,U,-1.00000000,NULL,NULL,NULL,NULL,NULL,NULL,NULL
292,1643 Mar 23,1643.00000000,S,5.50000000,Mr,Jerusalem,35.23371042,31.77430227,2,Light,No casualties,U,-1.00000000,U,-1.00000000,NULL,NULL,NULL,NULL,NULL,NULL,NULL
293,1644,1644.00000000,S,NULL,U,Tiberias - Southern Gate,29.75160000,33.67970000,0,None,U,U,-1.00000000,U,-1.00000000,NULL,NULL,NULL,NULL,NULL,NULL,TODO
293,1644,1644.00000000,S,NULL,U,Jerusalem,35.23371042,31.77430227,0,None,U,U,-1.00000000,U,-1.00000000,NULL,NULL,NULL,NULL,NULL,NULL,TODO
294,1647,1647.00000000,S,4.50000000,Pr,Damascus,36.29000000,33.51000000,1,Felt,U,U,-1.00000000,U,-1.00000000,NULL,NULL,NULL,NULL,NULL,NULL,NULL
295,1657,1657.00000000,C,4.50000000,Pr,Aleppo,37.15000000,36.21000000,1,Felt,U,U,-1.00000000,U,-1.00000000,NULL,NULL,NULL,NULL,NULL,NULL,NULL
296,1661,1661.00000000,S,NULL,Pr,Shaizar,36.56000000,35.25000000,3,Moderate,Many casualties,U,-1.00000000,U,-1.00000000,NULL,NULL,NULL,NULL,NULL,NULL,NULL
297,1672 Apr 29,1672.00000000,S,4.50000000,Mr,Damascus,36.29000000,33.51000000,1,Felt,U,U,-1.00000000,U,-1.00000000,NULL,NULL,NULL,NULL,NULL,NULL,NULL
298,1680 Mar 22,1680.00000000,S,4.50000000,Pr,Aleppo,37.15000000,36.21000000,1,Felt,U,U,-1.00000000,U,-1.00000000,NULL,NULL,NULL,NULL,NULL,NULL,NULL
299,1701,1701.00000000,S,4.50000000,Pr,Aleppo,37.15000000,36.21000000,1,Felt,U,U,-1.00000000,U,-1.00000000,NULL,NULL,NULL,NULL,NULL,NULL,NULL
301,1705 Nov 23 (night),1705.00000000,MA,NULL,Hr,Yabrud,36.66000000,33.96000000,3,Moderate,U,U,-1.00000000,U,-1.00000000,NULL,NULL,NULL,NULL,NULL,NULL,NULL
301,1705 Nov 23 (night),1705.00000000,MA,NULL,Mr,Qastal fortress (U),33.65082151,33.05128774,3,Moderate,U,U,-1.00000000,U,-1.00000000,NULL,NULL,NULL,NULL,NULL,NULL,NULL
301,1705 Nov 23 (night),1705.00000000,MA,NULL,Hr,Damascus,36.29000000,33.51000000,3,Moderate,"Few casualties

",U,-1.00000000,U,-1.00000000,NULL,NULL,NULL,NULL,NULL,NULL,"damage: Umayyad mosque, Salihiyah, Afrem mosque, Mt Qasyun"
301,1705 Nov 23 (night),1705.00000000,MA,NULL,Pr,Baalbeq,36.20000000,34.00000000,2,Light,U,U,-1.00000000,U,-1.00000000,NULL,NULL,NULL,NULL,NULL,NULL,NULL
302,< 1706 Dec,1706.00000000,S,NULL,Hr,Tripoli,35.83000000,34.43000000,3,Moderate,U,U,-1.00000000,U,-1.00000000,NULL,NULL,NULL,NULL,NULL,NULL,damage: towers in the port of Tripoli
303,1712 Dec 28,1712.00000000,S,4.50000000,Mr,Damascus,36.29000000,33.51000000,3,Moderate,U,U,-1.00000000,U,-1.00000000,NULL,NULL,NULL,NULL,NULL,NULL,damage: 3 mosques and more than 200 houses
304,1715,1715.00000000,S,NULL,Hr,Baalbeq,36.20000000,34.00000000,3,Moderate,U,U,-1.00000000,U,-1.00000000,NULL,NULL,NULL,NULL,NULL,NULL,Displaced a granite column.
305,1719 Mar,1719.00000000,S,NULL,U,Unspecified,35.92000000,33.29000000,0,None,U,U,-1.00000000,U,-1.00000000,NULL,NULL,NULL,NULL,NULL,NULL,No report of damage
306,1722-1723,1722.00000000,S,NULL,Mr,Aleppo,37.15000000,36.21000000,4,Heavy,Many casualties,U,-1.00000000,U,-1.00000000,NULL,NULL,NULL,NULL,NULL,NULL,NULL
311,1726 Apr 15,1726.00000000,S,NULL,Mr,Jum (U),33.65082151,33.05128774,3,Moderate,U,U,-1.00000000,U,-1.00000000,NULL,NULL,NULL,NULL,NULL,NULL,NULL
311,1726 Apr 15,1726.00000000,S,NULL,Mr,Aleppo,37.15000000,36.21000000,3,Moderate,U,U,-1.00000000,U,-1.00000000,NULL,NULL,NULL,NULL,NULL,NULL,NULL
311,1726 Apr 15,1726.00000000,S,NULL,Mr,Alexandreta,36.17000000,36.58000000,1,Felt,U,U,-1.00000000,U,-1.00000000,NULL,NULL,NULL,NULL,NULL,NULL,NULL
312,1735 Nov 27 (dawn),1735.00000000,S,4.50000000,Pr,Damascus,36.29000000,33.51000000,1,Felt,U,U,-1.00000000,U,-1.00000000,NULL,NULL,NULL,NULL,NULL,NULL,NULL
314,1746 Jul 05,1746.00000000,C,4.50000000,Pr,Damascus,36.29000000,33.51000000,2,Light,U,U,-1.00000000,U,-1.00000000,NULL,NULL,NULL,NULL,NULL,NULL,NULL
315,1752 Jul 21,1752.00000000,S,NULL,U,Unspecified,35.92000000,33.29000000,0,None,U,U,-1.00000000,U,-1.00000000,NULL,NULL,NULL,NULL,NULL,NULL,No report of damage
316,1753 Dec 16,1753.00000000,S,4.50000000,Mr,Tiberias - Southern Gate,29.75160000,33.67970000,1,Felt,U,U,-1.00000000,U,-1.00000000,NULL,NULL,NULL,NULL,NULL,NULL,NULL
316,1753 Dec 16,1753.00000000,S,4.50000000,Mr,Jerusalem,35.23371042,31.77430227,1,Felt,U,U,-1.00000000,U,-1.00000000,NULL,NULL,NULL,NULL,NULL,NULL,NULL
316,1753 Dec 16,1753.00000000,S,4.50000000,Mr,Damascus,36.29000000,33.51000000,2,Light,"Few casualties

",U,-1.00000000,U,-1.00000000,NULL,NULL,NULL,NULL,NULL,NULL,NULL
317,1759 Jun 10,1759.00000000,S,4.50000000,Hr,Aleppo,37.15000000,36.21000000,1,Felt,U,U,-1.00000000,U,-1.00000000,NULL,NULL,NULL,NULL,NULL,NULL,NULL
318,1759 Oct 30 ( 03:45),1759.20000000,F/S,6.50000000,Hr,Metawali (A),35.47000000,33.10000000,0,None,Many casualties,U,-1.00000000,U,-1.00000000,NULL,NULL,NULL,NULL,NULL,NULL,NULL
318,1759 Oct 30 ( 03:45),1759.20000000,F/S,6.50000000,Hr,Khirbet Qasiun (U),33.65082151,33.05128774,4,Heavy,U,U,-1.00000000,U,-1.00000000,NULL,NULL,NULL,NULL,NULL,NULL,NULL
318,1759 Oct 30 ( 03:45),1759.20000000,F/S,6.50000000,Hr,Bnot-Ya'akov Bridge,35.62826799,33.01043039,4,Heavy,U,U,-1.00000000,U,-1.00000000,NULL,NULL,NULL,NULL,NULL,NULL,NULL
318,1759 Oct 30 ( 03:45),1759.20000000,F/S,6.50000000,Hr,Nuaran (U),33.65082151,33.05128774,4,Heavy,U,U,-1.00000000,U,-1.00000000,NULL,NULL,NULL,NULL,NULL,NULL,NULL
318,1759 Oct 30 ( 03:45),1759.20000000,F/S,6.50000000,Hr,Kesrawan (A),35.64000000,33.93000000,1,Felt,U,U,-1.00000000,U,-1.00000000,NULL,NULL,NULL,NULL,NULL,NULL,NULL
318,1759 Oct 30 ( 03:45),1759.20000000,F/S,6.50000000,Hr,Hish Al-Akrad,36.28000000,34.75000000,1,Felt,U,U,-1.00000000,U,-1.00000000,NULL,NULL,NULL,NULL,NULL,NULL,NULL
318,1759 Oct 30 ( 03:45),1759.20000000,F/S,6.50000000,Hr,Homs,36.71000000,34.73000000,1,Felt,U,U,-1.00000000,U,-1.00000000,NULL,NULL,NULL,NULL,NULL,NULL,NULL
318,1759 Oct 30 ( 03:45),1759.20000000,F/S,6.50000000,Hr,Caesarea,34.89000000,32.50000000,1,Felt,U,U,-1.00000000,U,-1.00000000,NULL,NULL,NULL,NULL,NULL,NULL,NULL
318,1759 Oct 30 ( 03:45),1759.20000000,F/S,6.50000000,Vr,Safed,35.48000000,32.96000000,5,Severe,Many casualties,U,-1.00000000,U,-1.00000000,NULL,NULL,NULL,NULL,NULL,NULL,NULL
318,1759 Oct 30 ( 03:45),1759.20000000,F/S,6.50000000,Vr,Qunetra,35.82000000,33.12000000,4,Heavy,Many casualties,U,-1.00000000,U,-1.00000000,NULL,NULL,NULL,NULL,NULL,NULL,NULL
318,1759 Oct 30 ( 03:45),1759.20000000,F/S,6.50000000,Vr,Sidon,35.37000000,33.56000000,3,Moderate,No casualties,U,-1.00000000,U,-1.00000000,NULL,NULL,NULL,NULL,NULL,NULL,NULL
318,1759 Oct 30 ( 03:45),1759.20000000,F/S,6.50000000,Hr,Akko,35.07000000,32.92000000,2,Light,No casualties,U,-1.00000000,U,-1.00000000,NULL,NULL,NULL,NULL,NULL,NULL,NULL
318,1759 Oct 30 ( 03:45),1759.20000000,F/S,6.50000000,Vr,Sassa,35.38000000,33.01000000,2,Light,No casualties,U,-1.00000000,U,-1.00000000,NULL,NULL,NULL,NULL,NULL,NULL,NULL
318,1759 Oct 30 ( 03:45),1759.20000000,F/S,6.50000000,Vr,Nazareth,35.29000000,32.70000000,3,Moderate,U,U,-1.00000000,U,-1.00000000,NULL,NULL,NULL,NULL,NULL,NULL,Nazeret.
318,1759 Oct 30 ( 03:45),1759.20000000,F/S,6.50000000,Vr,Nablus,35.25000000,32.21000000,3,Moderate,U,U,-1.00000000,U,-1.00000000,NULL,NULL,NULL,NULL,NULL,NULL,Ground failures?
318,1759 Oct 30 ( 03:45),1759.20000000,F/S,6.50000000,Vr,Hamma,36.75000000,35.13000000,3,Moderate,U,U,-1.00000000,U,-1.00000000,NULL,NULL,NULL,NULL,NULL,NULL,Ground failures?
318,1759 Oct 30 ( 03:45),1759.20000000,F/S,6.50000000,Vr,Tiberias,35.54223594,32.78604531,4,Heavy,U,U,-1.00000000,U,-1.00000000,NULL,NULL,NULL,NULL,NULL,NULL,NULL
318,1759 Oct 30 ( 03:45),1759.20000000,F/S,6.50000000,Vr,Damascus,36.29000000,33.51000000,3,Moderate,U,U,-1.00000000,U,-1.00000000,NULL,NULL,NULL,NULL,NULL,NULL,damage: Qanawat water Channel
318,1759 Oct 30 ( 03:45),1759.20000000,F/S,6.50000000,Vr,Ghutah,36.42000000,33.49000000,3,Moderate,U,U,-1.00000000,U,-1.00000000,NULL,NULL,NULL,NULL,NULL,NULL,NULL
318,1759 Oct 30 ( 03:45),1759.20000000,F/S,6.50000000,Hr,Tripoli,35.83000000,34.43000000,1,Felt,U,U,-1.00000000,U,-1.00000000,NULL,NULL,NULL,NULL,NULL,NULL,damege: Water slosh out of basins and ponds.
318,1759 Oct 30 ( 03:45),1759.20000000,F/S,6.50000000,Vr,Beirut,35.48000000,33.89000000,1,Felt,U,U,-1.00000000,U,-1.00000000,NULL,NULL,NULL,NULL,NULL,NULL,"in the distric of Hisn al Akrad, homs and Caesarsea Water slosh out of basins and ponds."
318,1759 Oct 30 ( 03:45),1759.20000000,F/S,6.50000000,Hr,Tiberias - Southern Gate,29.75160000,33.67970000,1,Felt,U,U,-1.00000000,U,-1.00000000,NULL,NULL,NULL,NULL,NULL,NULL,NULL
318,1759 Oct 30 ( 03:45),1759.20000000,F/S,6.50000000,Hr,Jerusalem,35.23371042,31.77430227,1,Felt,U,U,-1.00000000,U,-1.00000000,NULL,NULL,NULL,NULL,NULL,NULL,NULL
318,1759 Oct 30 ( 03:45),1759.20000000,F/S,6.50000000,Hr,Antakya,36.16000000,36.20000000,1,Felt,U,U,-1.00000000,U,-1.00000000,NULL,NULL,NULL,NULL,NULL,NULL,NULL
318,1759 Oct 30 ( 03:45),1759.20000000,F/S,6.50000000,Vr,Latakia,35.77000000,35.51000000,1,Felt,U,U,-1.00000000,U,-1.00000000,NULL,NULL,NULL,NULL,NULL,NULL,NULL
318,1759 Oct 30 ( 03:45),1759.20000000,F/S,6.50000000,Hr,Aleppo,37.15000000,36.21000000,1,Felt,U,U,-1.00000000,U,-1.00000000,NULL,NULL,NULL,NULL,NULL,NULL,NULL
318,1759 Oct 30 ( 03:45),1759.20000000,F/S,6.50000000,Hr,Gaza,34.46000000,31.50000000,1,Felt,U,U,-1.00000000,U,-1.00000000,NULL,NULL,NULL,NULL,NULL,NULL,NULL
319,1759 Nov 25 ( 19:23),1759.30000000,FMA,7.30000000,Vr,Shakif Arnun Citadel (U),33.65082151,33.05128774,4,Heavy,U,U,-1.00000000,U,-1.00000000,NULL,NULL,NULL,NULL,NULL,NULL,Area of Metwali.
319,1759 Nov 25 ( 19:23),1759.30000000,FMA,7.30000000,Vr,Marjayoun,35.59000000,33.36000000,5,Severe,U,U,-1.00000000,U,-1.00000000,NULL,NULL,NULL,NULL,NULL,NULL,Villages of Marjuyun.
319,1759 Nov 25 ( 19:23),1759.30000000,FMA,7.30000000,Vr,Kaukaba (U),33.65082151,33.05128774,4,Heavy,U,U,-1.00000000,U,-1.00000000,NULL,NULL,NULL,NULL,NULL,NULL,Villages of Kaukaba
319,1759 Nov 25 ( 19:23),1759.30000000,FMA,7.30000000,Vr,Zebdine,35.76000000,34.05000000,4,Heavy,U,U,-1.00000000,U,-1.00000000,NULL,NULL,NULL,NULL,NULL,NULL,Villages of Zebdin
319,1759 Nov 25 ( 19:23),1759.30000000,FMA,7.30000000,Vr,Nabatieh,35.48000000,33.35000000,4,Heavy,U,U,-1.00000000,U,-1.00000000,NULL,NULL,NULL,NULL,NULL,NULL,NULL
319,1759 Nov 25 ( 19:23),1759.30000000,FMA,7.30000000,Vr,Qeitule (U),33.65082151,33.05128774,4,Heavy,"Few casualties

",U,-1.00000000,U,-1.00000000,NULL,NULL,NULL,NULL,NULL,NULL,NULL
319,1759 Nov 25 ( 19:23),1759.30000000,FMA,7.30000000,Vr,Joun,35.47000000,33.58000000,4,Heavy,U,U,-1.00000000,U,-1.00000000,NULL,NULL,NULL,NULL,NULL,NULL,damage: Sisters of Mary's Monestary
319,1759 Nov 25 ( 19:23),1759.30000000,FMA,7.30000000,Vr,Mukhtara (U),33.65082151,33.05128774,4,Heavy,"Few casualties

",U,-1.00000000,U,-1.00000000,NULL,NULL,NULL,NULL,NULL,NULL,NULL
319,1759 Nov 25 ( 19:23),1759.30000000,FMA,7.30000000,Vr,Tannourine,35.90000000,34.18000000,4,Heavy,U,U,-1.00000000,U,-1.00000000,NULL,NULL,NULL,NULL,NULL,NULL,NULL
319,1759 Nov 25 ( 19:23),1759.30000000,FMA,7.30000000,Vr,Akura,35.74000000,33.94000000,4,Heavy,U,U,-1.00000000,U,-1.00000000,NULL,NULL,NULL,NULL,NULL,NULL,NULL
319,1759 Nov 25 ( 19:23),1759.30000000,FMA,7.30000000,Vr,Afka,35.88000000,34.06000000,4,Heavy,U,U,-1.00000000,U,-1.00000000,NULL,NULL,NULL,NULL,NULL,NULL,NULL
319,1759 Nov 25 ( 19:23),1759.30000000,FMA,7.30000000,Vr,Shaad-staging post (U),33.65082151,33.05128774,2,Light,U,U,-1.00000000,U,-1.00000000,NULL,NULL,NULL,NULL,NULL,NULL,NULL
319,1759 Nov 25 ( 19:23),1759.30000000,FMA,7.30000000,Vr,Labweh-post (U),33.65082151,33.05128774,2,Light,U,U,-1.00000000,U,-1.00000000,NULL,NULL,NULL,NULL,NULL,NULL,NULL
319,1759 Nov 25 ( 19:23),1759.30000000,FMA,7.30000000,Vr,Baalbeq,36.20000000,34.00000000,5,Severe,Many casualties,U,-1.00000000,U,-1.00000000,NULL,NULL,NULL,NULL,NULL,NULL,"damage: the Castle, the Great Temple"
319,1759 Nov 25 ( 19:23),1759.30000000,FMA,7.30000000,Vr,Sergaya (U),33.65082151,33.05128774,4,Heavy,Many casualties,U,-1.00000000,U,-1.00000000,NULL,NULL,NULL,NULL,NULL,NULL,NULL
319,1759 Nov 25 ( 19:23),1759.30000000,FMA,7.30000000,Vr,Zebdani,36.15000000,33.66000000,4,Heavy,Many casualties,U,-1.00000000,U,-1.00000000,NULL,NULL,NULL,NULL,NULL,NULL,NULL
319,1759 Nov 25 ( 19:23),1759.30000000,FMA,7.30000000,Vr,Hasaya (U),33.65082151,33.05128774,4,Heavy,Many casualties,U,-1.00000000,U,-1.00000000,NULL,NULL,NULL,NULL,NULL,NULL,NULL
319,1759 Nov 25 ( 19:23),1759.30000000,FMA,7.30000000,Vr,Maithalun (U),33.65082151,33.05128774,4,Heavy,Many casualties,U,-1.00000000,U,-1.00000000,NULL,NULL,NULL,NULL,NULL,NULL,NULL
319,1759 Nov 25 ( 19:23),1759.30000000,FMA,7.30000000,Vr,Qatana,36.08000000,33.43000000,5,Severe,Many casualties,U,-1.00000000,U,-1.00000000,NULL,NULL,NULL,NULL,NULL,NULL,"todo :
Qatanna?"
319,1759 Nov 25 ( 19:23),1759.30000000,FMA,7.30000000,Vr,Bet-Jann,35.37000000,32.96000000,4,Heavy,Many casualties,U,-1.00000000,U,-1.00000000,NULL,NULL,NULL,NULL,NULL,NULL,"todo :
Fire followed the earthquake."
319,1759 Nov 25 ( 19:23),1759.30000000,FMA,7.30000000,Vr,Safed,35.48000000,32.96000000,5,Severe,Many casualties,U,-1.00000000,U,-1.00000000,NULL,NULL,NULL,NULL,NULL,NULL,NULL
319,1759 Nov 25 ( 19:23),1759.30000000,FMA,7.30000000,Vr,Al-Rama,35.36000000,32.93000000,2,Light,U,U,-1.00000000,U,-1.00000000,NULL,NULL,NULL,NULL,NULL,NULL,NULL
319,1759 Nov 25 ( 19:23),1759.30000000,FMA,7.30000000,Vr,Akko,35.07000000,32.92000000,3,Moderate,No casualties,U,-1.00000000,U,-1.00000000,NULL,NULL,NULL,NULL,NULL,NULL,NULL
319,1759 Nov 25 ( 19:23),1759.30000000,FMA,7.30000000,Vr,Sidon,35.37000000,33.56000000,4,Heavy,"Few casualties

",U,-1.00000000,U,-1.00000000,NULL,NULL,NULL,NULL,NULL,NULL,"damage: the Harbour, European quarter, citadel"
319,1759 Nov 25 ( 19:23),1759.30000000,FMA,7.30000000,Vr,Beirut,35.48000000,33.89000000,3,Moderate,U,U,-1.00000000,U,-1.00000000,NULL,NULL,NULL,NULL,NULL,NULL,"damage: Khan, European merchandize stores"
319,1759 Nov 25 ( 19:23),1759.30000000,FMA,7.30000000,Vr,Tripoli,35.83000000,34.43000000,3,Moderate,No casualties,U,-1.00000000,U,-1.00000000,NULL,NULL,NULL,NULL,NULL,NULL,NULL
319,1759 Nov 25 ( 19:23),1759.30000000,FMA,7.30000000,Vr,Qusayr [SR],36.59000000,34.12000000,3,Moderate,U,U,-1.00000000,U,-1.00000000,NULL,NULL,NULL,NULL,NULL,NULL,NULL
319,1759 Nov 25 ( 19:23),1759.30000000,FMA,7.30000000,Vr,Damascus,36.29000000,33.51000000,4,Heavy,U,U,-1.00000000,U,-1.00000000,NULL,NULL,NULL,NULL,NULL,NULL,"Damage was extremely non-uniform: Sahiliya, Umayyad mosque, Citadel, Walls"
319,1759 Nov 25 ( 19:23),1759.30000000,FMA,7.30000000,Vr,Saidnaya (U),33.65082151,33.05128774,3,Moderate,No casualties,U,-1.00000000,U,-1.00000000,NULL,NULL,NULL,NULL,NULL,NULL,Damascus district
319,1759 Nov 25 ( 19:23),1759.30000000,FMA,7.30000000,Vr,Maara (U),33.65082151,33.05128774,5,Severe,Many casualties,U,-1.00000000,U,-1.00000000,NULL,NULL,NULL,NULL,NULL,NULL,Damascus district
319,1759 Nov 25 ( 19:23),1759.30000000,FMA,7.30000000,Vr,Tell,36.27000000,33.50000000,5,Severe,Many casualties,U,-1.00000000,U,-1.00000000,NULL,NULL,NULL,NULL,NULL,NULL,Damascus district
319,1759 Nov 25 ( 19:23),1759.30000000,FMA,7.30000000,Vr,Al-Darij,36.24000000,33.60000000,4,Heavy,No casualties,U,-1.00000000,U,-1.00000000,NULL,NULL,NULL,NULL,NULL,NULL,Damascus district
319,1759 Nov 25 ( 19:23),1759.30000000,FMA,7.30000000,Vr,Halboun,36.23000000,33.64000000,4,Heavy,No casualties,U,-1.00000000,U,-1.00000000,NULL,NULL,NULL,NULL,NULL,NULL,Damascus district
319,1759 Nov 25 ( 19:23),1759.30000000,FMA,7.30000000,Vr,Mnin (U),33.65082151,33.05128774,4,Heavy,No casualties,U,-1.00000000,U,-1.00000000,NULL,NULL,NULL,NULL,NULL,NULL,Damascus district
319,1759 Nov 25 ( 19:23),1759.30000000,FMA,7.30000000,Vr,Dimas (U),33.65082151,33.05128774,3,Moderate,U,U,-1.00000000,U,-1.00000000,NULL,NULL,NULL,NULL,NULL,NULL,Damascus district
319,1759 Nov 25 ( 19:23),1759.30000000,FMA,7.30000000,Vr,Mazza (U),33.65082151,33.05128774,3,Moderate,U,U,-1.00000000,U,-1.00000000,NULL,NULL,NULL,NULL,NULL,NULL,"Damascus district
Mazza also damaged but not as mhch as Dummar."
319,1759 Nov 25 ( 19:23),1759.30000000,FMA,7.30000000,Vr,Dummar,36.22000000,33.53000000,5,Severe,U,U,-1.00000000,U,-1.00000000,NULL,NULL,NULL,NULL,NULL,NULL,Damascus district
319,1759 Nov 25 ( 19:23),1759.30000000,FMA,7.30000000,Vr,Arbin,36.33000000,33.47000000,3,Moderate,U,U,-1.00000000,U,-1.00000000,NULL,NULL,NULL,NULL,NULL,NULL,Damascus district
319,1759 Nov 25 ( 19:23),1759.30000000,FMA,7.30000000,Vr,Harasta,36.36000000,33.56000000,3,Moderate,U,U,-1.00000000,U,-1.00000000,NULL,NULL,NULL,NULL,NULL,NULL,Damascus district
319,1759 Nov 25 ( 19:23),1759.30000000,FMA,7.30000000,Vr,Douma,36.40000000,33.57000000,3,Moderate,U,U,-1.00000000,U,-1.00000000,NULL,NULL,NULL,NULL,NULL,NULL,Damascus district
319,1759 Nov 25 ( 19:23),1759.30000000,FMA,7.30000000,Vr,Adhra,35.76000000,34.05000000,2,Light,U,U,-1.00000000,U,-1.00000000,NULL,NULL,NULL,NULL,NULL,NULL,Damascus district
319,1759 Nov 25 ( 19:23),1759.30000000,FMA,7.30000000,Vr,Maydas (U),33.65082151,33.05128774,2,Light,U,U,-1.00000000,U,-1.00000000,NULL,NULL,NULL,NULL,NULL,NULL,Damascus district
319,1759 Nov 25 ( 19:23),1759.30000000,FMA,7.30000000,Vr,Nashbiyeh (U),33.65082151,33.05128774,3,Moderate,U,U,-1.00000000,U,-1.00000000,NULL,NULL,NULL,NULL,NULL,NULL,"Damascus district
Houses, the mosque and the olive press were damaged."
319,1759 Nov 25 ( 19:23),1759.30000000,FMA,7.30000000,Vr,Ghutah,36.42000000,33.49000000,4,Heavy,U,U,-1.00000000,U,-1.00000000,NULL,NULL,NULL,NULL,NULL,NULL,NULL
319,1759 Nov 25 ( 19:23),1759.30000000,FMA,7.30000000,Vr,Qunetra,35.82000000,33.12000000,4,Heavy,U,U,-1.00000000,U,-1.00000000,NULL,NULL,NULL,NULL,NULL,NULL,NULL
319,1759 Nov 25 ( 19:23),1759.30000000,FMA,7.30000000,Vr,Nablus,35.25000000,32.21000000,4,Heavy,"Few casualties

",U,-1.00000000,U,-1.00000000,NULL,NULL,NULL,NULL,NULL,NULL,Many houses that hed been damaged by the foreshock collapsed.
319,1759 Nov 25 ( 19:23),1759.30000000,FMA,7.30000000,Vr,Hamma,36.75000000,35.13000000,3,Moderate,No casualties,U,-1.00000000,U,-1.00000000,NULL,NULL,NULL,NULL,NULL,NULL,NULL
319,1759 Nov 25 ( 19:23),1759.30000000,FMA,7.30000000,Vr,Deir Hanna,35.37000000,32.86000000,3,Moderate,No casualties,U,-1.00000000,U,-1.00000000,NULL,NULL,NULL,NULL,NULL,NULL,NULL
319,1759 Nov 25 ( 19:23),1759.30000000,FMA,7.30000000,Vr,Caesarea,34.89000000,32.50000000,3,Moderate,U,U,-1.00000000,U,-1.00000000,NULL,NULL,NULL,NULL,NULL,NULL,NULL
319,1759 Nov 25 ( 19:23),1759.30000000,FMA,7.30000000,Vr,Haifa,35.00000000,32.82000000,3,Moderate,No casualties,U,-1.00000000,U,-1.00000000,NULL,NULL,NULL,NULL,NULL,NULL,NULL
319,1759 Nov 25 ( 19:23),1759.30000000,FMA,7.30000000,Vr,Tiberias,35.54223594,32.78604531,4,Heavy,U,U,-1.00000000,U,-1.00000000,NULL,NULL,NULL,NULL,NULL,NULL,NULL
319,1759 Nov 25 ( 19:23),1759.30000000,FMA,7.30000000,Vr,Homs,36.71000000,34.73000000,2,Light,U,U,-1.00000000,U,-1.00000000,NULL,NULL,NULL,NULL,NULL,NULL,NULL
319,1759 Nov 25 ( 19:23),1759.30000000,FMA,7.30000000,Vr,Shaizar,36.56000000,35.25000000,2,Light,U,U,-1.00000000,U,-1.00000000,NULL,NULL,NULL,NULL,NULL,NULL,NULL
319,1759 Nov 25 ( 19:23),1759.30000000,FMA,7.30000000,Vr,Gaza,34.46000000,31.50000000,1,Felt,U,U,-1.00000000,U,-1.00000000,NULL,NULL,NULL,NULL,NULL,NULL,The earthquake was felt stongly.
319,1759 Nov 25 ( 19:23),1759.30000000,FMA,7.30000000,Vr,Tiberias - Southern Gate,29.75160000,33.67970000,1,Felt,U,U,-1.00000000,U,-1.00000000,NULL,NULL,NULL,NULL,NULL,NULL,The earthquake was felt stongly.
319,1759 Nov 25 ( 19:23),1759.30000000,FMA,7.30000000,Vr,Jerusalem,35.23371042,31.77430227,1,Felt,U,U,-1.00000000,U,-1.00000000,NULL,NULL,NULL,NULL,NULL,NULL,The earthquake was felt stongly.
319,1759 Nov 25 ( 19:23),1759.30000000,FMA,7.30000000,Vr,Jaffa,34.75000000,32.05000000,1,Felt,U,U,-1.00000000,U,-1.00000000,NULL,NULL,NULL,NULL,NULL,NULL,The earthquake was felt stongly.
319,1759 Nov 25 ( 19:23),1759.30000000,FMA,7.30000000,Vr,Antakya,36.16000000,36.20000000,3,Moderate,"Few casualties

",U,-1.00000000,U,-1.00000000,NULL,NULL,NULL,NULL,NULL,NULL,NULL
319,1759 Nov 25 ( 19:23),1759.30000000,FMA,7.30000000,Vr,Aleppo,37.15000000,36.21000000,3,Moderate,U,U,-1.00000000,U,-1.00000000,NULL,NULL,NULL,NULL,NULL,NULL,NULL
319,1759 Nov 25 ( 19:23),1759.30000000,FMA,7.30000000,Vr,Jabal al-Druze,44.45000000,37.85000000,3,Moderate,U,U,-1.00000000,U,-1.00000000,NULL,NULL,NULL,NULL,NULL,NULL,NULL
319,1759 Nov 25 ( 19:23),1759.30000000,FMA,7.30000000,Vr,Tarba,40.82000000,35.30000000,3,Moderate,U,U,-1.00000000,U,-1.00000000,NULL,NULL,NULL,NULL,NULL,NULL,NULL
319,1759 Nov 25 ( 19:23),1759.30000000,FMA,7.30000000,Vr,Alexandria,29.89000000,31.20000000,1,Felt,U,U,-1.00000000,U,-1.00000000,NULL,NULL,NULL,NULL,NULL,NULL,NULL
319,1759 Nov 25 ( 19:23),1759.30000000,FMA,7.30000000,Vr,Hasbaya,35.68000000,33.38000000,5,Severe,Many casualties,U,-1.00000000,U,-1.00000000,NULL,NULL,NULL,NULL,NULL,NULL,NULL
319,1759 Nov 25 ( 19:23),1759.30000000,FMA,7.30000000,Vr,Kfar Hatta (U),33.65082151,33.05128774,5,Severe,Many casualties,U,-1.00000000,U,-1.00000000,NULL,NULL,NULL,NULL,NULL,NULL,NULL
319,1759 Nov 25 ( 19:23),1759.30000000,FMA,7.30000000,Vr,Deir al-Qamar,35.56000000,33.69000000,5,Severe,Many casualties,U,-1.00000000,U,-1.00000000,NULL,NULL,NULL,NULL,NULL,NULL,NULL
319,1759 Nov 25 ( 19:23),1759.30000000,FMA,7.30000000,Vr,Kesrawan (A),35.64000000,33.93000000,5,Severe,U,U,-1.00000000,U,-1.00000000,NULL,NULL,NULL,NULL,NULL,NULL,NULL
319,1759 Nov 25 ( 19:23),1759.30000000,FMA,7.30000000,Vr,Sassa,35.38000000,33.01000000,5,Severe,U,U,-1.00000000,U,-1.00000000,NULL,NULL,NULL,NULL,NULL,NULL,NULL
319,1759 Nov 25 ( 19:23),1759.30000000,FMA,7.30000000,Vr,Bekaa (A),36.14000000,34.00000000,0,None,U,U,-1.00000000,U,-1.00000000,NULL,NULL,NULL,NULL,NULL,NULL,Northwest to baalbek.
319,1759 Nov 25 ( 19:23),1759.30000000,FMA,7.30000000,Vr,Deir al-Mukhalles,35.54000000,33.77000000,2,Light,U,U,-1.00000000,U,-1.00000000,NULL,NULL,NULL,NULL,NULL,NULL,damage: Monestary
319,1759 Nov 25 ( 19:23),1759.30000000,FMA,7.30000000,Vr,El-Arish,33.76000000,31.12000000,1,Felt,U,U,-1.00000000,U,-1.00000000,NULL,NULL,NULL,NULL,NULL,NULL,The earthquake was felt stongly.
319,1759 Nov 25 ( 19:23),1759.30000000,FMA,7.30000000,Vr,Latakia,35.77000000,35.51000000,2,Light,U,U,-1.00000000,U,-1.00000000,NULL,NULL,NULL,NULL,NULL,NULL,NULL
319,1759 Nov 25 ( 19:23),1759.30000000,FMA,7.30000000,Vr,Metawali (A),35.47000000,33.10000000,4,Heavy,U,U,-1.00000000,U,-1.00000000,NULL,NULL,NULL,NULL,NULL,NULL,NULL
319,1759 Nov 25 ( 19:23),1759.30000000,FMA,7.30000000,Vr,Hula,35.66000000,33.07000000,4,Heavy,U,U,-1.00000000,U,-1.00000000,NULL,NULL,NULL,NULL,NULL,NULL,NULL
319,1759 Nov 25 ( 19:23),1759.30000000,FMA,7.30000000,Vr,Sahra (U),33.65082151,33.05128774,4,Heavy,U,U,-1.00000000,U,-1.00000000,NULL,NULL,NULL,NULL,NULL,NULL,NULL
319,1759 Nov 25 ( 19:23),1759.30000000,FMA,7.30000000,Hr,Hermon Mt.,35.70000000,33.25000000,0,None,U,U,-1.00000000,U,-1.00000000,NULL,NULL,NULL,NULL,NULL,NULL,NULL
319,1759 Nov 25 ( 19:23),1759.30000000,FMA,7.30000000,Hr,Niha Mt. (U),33.65082151,33.05128774,0,None,U,U,-1.00000000,U,-1.00000000,NULL,NULL,NULL,NULL,NULL,NULL,NULL
319,1759 Nov 25 ( 19:23),1759.30000000,FMA,7.30000000,Vr,Barada,36.30000000,33.51000000,4,Heavy,U,U,-1.00000000,U,-1.00000000,NULL,NULL,NULL,NULL,NULL,NULL,NULL
319,1759 Nov 25 ( 19:23),1759.30000000,FMA,7.30000000,Hr,Shilfatia (U),33.65082151,33.05128774,0,None,U,U,-1.00000000,U,-1.00000000,NULL,NULL,NULL,NULL,NULL,NULL,NULL
319,1759 Nov 25 ( 19:23),1759.30000000,FMA,7.30000000,Hr,Massar ash-Shuf (U),33.65082151,33.05128774,0,None,U,U,-1.00000000,U,-1.00000000,NULL,NULL,NULL,NULL,NULL,NULL,NULL
319,1759 Nov 25 ( 19:23),1759.30000000,FMA,7.30000000,Mr,Tel Ateret,35.62773538,33.00463080,4,Heavy,U,10-11,10.50000000,U,-1.00000000,NULL,NULL,NULL,NULL,NULL,NULL,Following excavations in Tell Ateret of EMK. The earthquake identification might be also the one that occurred in 1759 October
320,1760 Oct 13,1760.00000000,MA,NULL,Mr,Gaziantep/Aintab,37.11000000,37.33000000,2,Light,U,U,-1.00000000,U,-1.00000000,NULL,NULL,NULL,NULL,NULL,NULL,NULL
320,1760 Oct 13,1760.00000000,MA,NULL,Mr,Antakya,36.16000000,36.20000000,2,Light,U,U,-1.00000000,U,-1.00000000,NULL,NULL,NULL,NULL,NULL,NULL,NULL
320,1760 Oct 13,1760.00000000,MA,NULL,Mr,Shaizar,36.56000000,35.25000000,2,Light,U,U,-1.00000000,U,-1.00000000,NULL,NULL,NULL,NULL,NULL,NULL,NULL
320,1760 Oct 13,1760.00000000,MA,NULL,U,Unspecified,35.92000000,33.29000000,0,None,U,U,-1.00000000,U,-1.00000000,NULL,NULL,NULL,NULL,NULL,NULL,No report of damage
321,1761 Apr 9,1761.00000000,S,NULL,Pr,Damascus,36.29000000,33.51000000,1,Felt,U,U,-1.00000000,U,-1.00000000,NULL,NULL,NULL,NULL,NULL,NULL,NULL
322,1762,1762.00000000,S,4.50000000,Pr,Akko,35.07000000,32.92000000,1,Felt,U,U,-1.00000000,U,-1.00000000,NULL,NULL,NULL,NULL,NULL,NULL,No details are known.
323,1765,1765.00000000,C,NULL,Pr,Aleppo,37.15000000,36.21000000,1,Felt,U,U,-1.00000000,U,-1.00000000,NULL,NULL,NULL,NULL,NULL,NULL,NULL
324,1769,1769.00000000,S,NULL,U,Tiberias - Southern Gate,29.75160000,33.67970000,0,None,U,U,-1.00000000,U,-1.00000000,NULL,NULL,NULL,NULL,NULL,NULL,TODO
324,1769,1769.00000000,S,NULL,U,Jerusalem,35.23371042,31.77430227,0,None,U,U,-1.00000000,U,-1.00000000,NULL,NULL,NULL,NULL,NULL,NULL,TODO
325,1778 May 5,1778.00000000,S,4.50000000,Hr,Aleppo,37.15000000,36.21000000,1,Felt,U,U,-1.00000000,U,-1.00000000,NULL,NULL,NULL,NULL,NULL,NULL,NULL
326,1779 Jun 8,1779.00000000,FM,NULL,Hr,Aleppo,37.15000000,36.21000000,2,Light,U,U,-1.00000000,U,-1.00000000,NULL,NULL,NULL,NULL,NULL,NULL,NULL
327,1783 Jul 20,1783.00000000,C,4.50000000,Hr,Tripoli,35.83000000,34.43000000,2,Light,U,U,-1.00000000,U,-1.00000000,NULL,NULL,NULL,NULL,NULL,NULL,NULL
327,1783 Jul 20,1783.00000000,C,4.50000000,Pr,Nablus,35.25000000,32.21000000,0,None,U,U,-1.00000000,U,-1.00000000,NULL,NULL,NULL,NULL,NULL,NULL,NULL
328,1783 Dec 14,1783.20000000,S,NULL,Hr,Aleppo,37.15000000,36.21000000,2,Light,U,U,-1.00000000,U,-1.00000000,NULL,NULL,NULL,NULL,NULL,NULL,NULL
329,1785,1785.00000000,S,NULL,Mr,Latakia,35.77000000,35.51000000,4,Heavy,Many casualties,U,-1.00000000,U,-1.00000000,NULL,NULL,NULL,NULL,NULL,NULL,Browne 1785 reports that many persons perished and that the earthquake was succeeded by severe plaugue which almost depopulated the city
330,1795 Dec (14:10),1795.00000000,U,NULL,Mr,Aleppo,37.15000000,36.21000000,2,Light,U,U,-1.00000000,U,-1.00000000,NULL,NULL,NULL,NULL,NULL,NULL,NULL
331,1796 Apr 26 (09:05),1796.00000000,MA,NULL,Hr,Latakia,35.77000000,35.51000000,4,Heavy,Many casualties,U,-1.00000000,U,-1.00000000,NULL,NULL,NULL,NULL,NULL,NULL,"damage: the Fort, Tobaco stores, Customs house, the Khan. Groud breakage - doubthful"
331,1796 Apr 26 (09:05),1796.00000000,MA,NULL,Hr,Jabalah,35.92000000,35.35000000,4,Heavy,Many casualties,U,-1.00000000,U,-1.00000000,NULL,NULL,NULL,NULL,NULL,NULL,damage: Ibrahim mosque
331,1796 Apr 26 (09:05),1796.00000000,MA,NULL,Hr,Al-Marqab Citadel,35.93000000,35.14000000,3,Moderate,U,U,-1.00000000,U,-1.00000000,NULL,NULL,NULL,NULL,NULL,NULL,NULL
331,1796 Apr 26 (09:05),1796.00000000,MA,NULL,Hr,Aleppo,37.15000000,36.21000000,1,Felt,U,U,-1.00000000,U,-1.00000000,NULL,NULL,NULL,NULL,NULL,NULL,NULL
331,1796 Apr 26 (09:05),1796.00000000,MA,NULL,Hr,Sidon,35.37000000,33.56000000,1,Felt,U,U,-1.00000000,U,-1.00000000,NULL,NULL,NULL,NULL,NULL,NULL,NULL
331,1796 Apr 26 (09:05),1796.00000000,MA,NULL,Mr,Qadamus (U),33.65082151,33.05128774,3,Moderate,U,U,-1.00000000,U,-1.00000000,NULL,NULL,NULL,NULL,NULL,NULL,NULL
331,1796 Apr 26 (09:05),1796.00000000,MA,NULL,Hr,Bucak,30.59000000,37.45000000,0,None,Many casualties,U,-1.00000000,U,-1.00000000,NULL,NULL,NULL,NULL,NULL,NULL,NULL
331,1796 Apr 26 (09:05),1796.00000000,MA,NULL,Hr,Nahr al-Kebir (U),33.65082151,33.05128774,3,Moderate,U,U,-1.00000000,U,-1.00000000,NULL,NULL,NULL,NULL,NULL,NULL,NULL
333,1802,1802.00000000,S,NULL,Mr,Aleppo,37.15000000,36.21000000,2,Light,U,U,-1.00000000,U,-1.00000000,NULL,NULL,NULL,NULL,NULL,NULL,NULL
333,1802,1802.00000000,S,NULL,Pr,Bekaa (A),36.14000000,34.00000000,2,Light,U,U,-1.00000000,U,-1.00000000,NULL,NULL,NULL,NULL,NULL,NULL,NULL
333,1802,1802.00000000,S,NULL,Pr,Palestine (A),35.20000000,32.39000000,1,Felt,U,U,-1.00000000,U,-1.00000000,NULL,NULL,NULL,NULL,NULL,NULL,NULL
334,1811,1811.00000000,C,4.50000000,Hr,Latakia,35.77000000,35.51000000,1,Felt,U,U,-1.00000000,U,-1.00000000,NULL,NULL,NULL,NULL,NULL,NULL,NULL
335,1814 Jun 27,1814.00000000,FM,NULL,Hr,Sinai (A),33.68000000,29.71000000,2,Light,U,U,-1.00000000,U,-1.00000000,NULL,NULL,NULL,NULL,NULL,NULL,damage: Rockfalls blocked the valley.
335,1814 Jun 27,1814.00000000,FM,NULL,Hr,Cairo,31.20000000,30.04000000,2,Light,U,U,-1.00000000,U,-1.00000000,NULL,NULL,NULL,NULL,NULL,NULL,"damage: minarets, mosque of Azhar"
336,1815 Apr 1,1815.00000000,S,4.50000000,Hr,Sidon,35.37000000,33.56000000,1,Felt,U,U,-1.00000000,U,-1.00000000,NULL,NULL,NULL,NULL,NULL,NULL,NULL
337,1817 Mar,1817.00000000,S,5.50000000,Hr,Tiberias - Southern Gate,29.75160000,33.67970000,3,Moderate,U,U,-1.00000000,U,-1.00000000,NULL,NULL,NULL,NULL,NULL,NULL,"damage: Holy Sepulchre, Greek and Armenean Churchs"
337,1817 Mar,1817.00000000,S,5.50000000,Hr,Jerusalem,35.23371042,31.77430227,3,Moderate,U,U,-1.00000000,U,-1.00000000,NULL,NULL,NULL,NULL,NULL,NULL,"damage: Holy Sepulchre, Greek and Armenean Churchs"
338,1819 Feb,1819.00000000,S,NULL,Mr,Syria (A),37.03000000,34.93000000,0,None,U,U,-1.00000000,U,-1.00000000,NULL,NULL,NULL,NULL,NULL,NULL,NULL
339,1822 Aug 13 (20:40),1822.00000000,FMA,NULL,Vr,Jabalah,35.92000000,35.35000000,4,Heavy,"Few casualties

",U,-1.00000000,U,-1.00000000,NULL,NULL,NULL,NULL,NULL,NULL,NULL
339,1822 Aug 13 (20:40),1822.00000000,FMA,NULL,Vr,Gaza,34.46000000,31.50000000,1,Felt,No casualties,U,-1.00000000,U,-1.00000000,NULL,NULL,NULL,NULL,NULL,NULL,NULL
339,1822 Aug 13 (20:40),1822.00000000,FMA,NULL,Vr,Gaziantep/Aintab,37.11000000,37.33000000,5,Severe,Many casualties,U,-1.00000000,U,-1.00000000,NULL,NULL,NULL,NULL,NULL,NULL,NULL
339,1822 Aug 13 (20:40),1822.00000000,FMA,NULL,Vr,Antakya,36.16000000,36.20000000,5,Severe,U,U,-1.00000000,U,-1.00000000,NULL,NULL,NULL,NULL,NULL,NULL,NULL
339,1822 Aug 13 (20:40),1822.00000000,FMA,NULL,Vr,Aleppo,37.15000000,36.21000000,5,Severe,Many casualties,U,-1.00000000,U,-1.00000000,NULL,NULL,NULL,NULL,NULL,NULL,NULL
339,1822 Aug 13 (20:40),1822.00000000,FMA,NULL,Vr,Latakia,35.77000000,35.51000000,4,Heavy,U,U,-1.00000000,U,-1.00000000,NULL,NULL,NULL,NULL,NULL,NULL,NULL
339,1822 Aug 13 (20:40),1822.00000000,FMA,NULL,Vr,Alexandreta,36.17000000,36.58000000,4,Heavy,U,U,-1.00000000,U,-1.00000000,NULL,NULL,NULL,NULL,NULL,NULL,NULL
339,1822 Aug 13 (20:40),1822.00000000,FMA,NULL,Hr,Jum (U),33.65082151,33.05128774,0,None,U,U,-1.00000000,U,-1.00000000,NULL,NULL,NULL,NULL,NULL,NULL,NULL
339,1822 Aug 13 (20:40),1822.00000000,FMA,NULL,Vr,Kilis,37.11000000,36.71000000,5,Severe,Many casualties,U,-1.00000000,U,-1.00000000,NULL,NULL,NULL,NULL,NULL,NULL,NULL
339,1822 Aug 13 (20:40),1822.00000000,FMA,NULL,Hr,Harim,36.51000000,36.20000000,5,Severe,U,U,-1.00000000,U,-1.00000000,NULL,NULL,NULL,NULL,NULL,NULL,NULL
339,1822 Aug 13 (20:40),1822.00000000,FMA,NULL,Vr,Maara (U),33.65082151,33.05128774,5,Severe,"Few casualties

",U,-1.00000000,U,-1.00000000,NULL,NULL,NULL,NULL,NULL,NULL,NULL
339,1822 Aug 13 (20:40),1822.00000000,FMA,NULL,Vr,Hamma,36.75000000,35.13000000,5,Severe,U,U,-1.00000000,U,-1.00000000,NULL,NULL,NULL,NULL,NULL,NULL,NULL
339,1822 Aug 13 (20:40),1822.00000000,FMA,NULL,Vr,Qusayr [TR],36.18000000,36.05000000,5,Severe,U,U,-1.00000000,U,-1.00000000,NULL,NULL,NULL,NULL,NULL,NULL,NULL
339,1822 Aug 13 (20:40),1822.00000000,FMA,NULL,Vr,Al-Marqab Citadel,35.93000000,35.14000000,4,Heavy,U,U,-1.00000000,U,-1.00000000,NULL,NULL,NULL,NULL,NULL,NULL,NULL
339,1822 Aug 13 (20:40),1822.00000000,FMA,NULL,Vr,Adana,35.31000000,37.00000000,4,Heavy,U,U,-1.00000000,U,-1.00000000,NULL,NULL,NULL,NULL,NULL,NULL,NULL
339,1822 Aug 13 (20:40),1822.00000000,FMA,NULL,Vr,Tartus,35.88000000,34.88000000,2,Light,U,U,-1.00000000,U,-1.00000000,NULL,NULL,NULL,NULL,NULL,NULL,NULL
339,1822 Aug 13 (20:40),1822.00000000,FMA,NULL,Vr,Homs,36.71000000,34.73000000,2,Light,U,U,-1.00000000,U,-1.00000000,NULL,NULL,NULL,NULL,NULL,NULL,NULL
339,1822 Aug 13 (20:40),1822.00000000,FMA,NULL,Vr,Tripoli,35.83000000,34.43000000,3,Moderate,U,U,-1.00000000,U,-1.00000000,NULL,NULL,NULL,NULL,NULL,NULL,NULL
339,1822 Aug 13 (20:40),1822.00000000,FMA,NULL,Vr,Beirut,35.48000000,33.89000000,2,Light,U,U,-1.00000000,U,-1.00000000,NULL,NULL,NULL,NULL,NULL,NULL,NULL
339,1822 Aug 13 (20:40),1822.00000000,FMA,NULL,Vr,Sidon,35.37000000,33.56000000,2,Light,U,U,-1.00000000,U,-1.00000000,NULL,NULL,NULL,NULL,NULL,NULL,NULL
339,1822 Aug 13 (20:40),1822.00000000,FMA,NULL,Vr,Damascus,36.29000000,33.51000000,2,Light,U,U,-1.00000000,U,-1.00000000,NULL,NULL,NULL,NULL,NULL,NULL,NULL
339,1822 Aug 13 (20:40),1822.00000000,FMA,NULL,Hr,Tiberias - Southern Gate,29.75160000,33.67970000,1,Felt,U,U,-1.00000000,U,-1.00000000,NULL,NULL,NULL,NULL,NULL,NULL,NULL
339,1822 Aug 13 (20:40),1822.00000000,FMA,NULL,Hr,Jerusalem,35.23371042,31.77430227,1,Felt,U,U,-1.00000000,U,-1.00000000,NULL,NULL,NULL,NULL,NULL,NULL,NULL
339,1822 Aug 13 (20:40),1822.00000000,FMA,NULL,Hr,Cyprus (A),33.10000000,34.98000000,1,Felt,U,U,-1.00000000,U,-1.00000000,NULL,NULL,NULL,NULL,NULL,NULL,NULL
339,1822 Aug 13 (20:40),1822.00000000,FMA,NULL,Mr,Mesopotamia (A),41.36000000,34.60000000,1,Felt,U,U,-1.00000000,U,-1.00000000,NULL,NULL,NULL,NULL,NULL,NULL,NULL
339,1822 Aug 13 (20:40),1822.00000000,FMA,NULL,Hr,Payas,36.21000000,36.75000000,4,Heavy,U,U,-1.00000000,U,-1.00000000,NULL,NULL,NULL,NULL,NULL,NULL,NULL
339,1822 Aug 13 (20:40),1822.00000000,FMA,NULL,Hr,Black Sea (U),33.65082151,33.05128774,1,Felt,U,U,-1.00000000,U,-1.00000000,NULL,NULL,NULL,NULL,NULL,NULL,NULL
339,1822 Aug 13 (20:40),1822.00000000,FMA,NULL,Hr,Sweida,36.57000000,32.70000000,0,None,U,U,-1.00000000,U,-1.00000000,NULL,NULL,NULL,NULL,NULL,NULL,NULL
339,1822 Aug 13 (20:40),1822.00000000,FMA,NULL,Vr,Han Sheikhun (U),33.65082151,33.05128774,5,Severe,"Few casualties

",U,-1.00000000,U,-1.00000000,NULL,NULL,NULL,NULL,NULL,NULL,NULL
339,1822 Aug 13 (20:40),1822.00000000,FMA,NULL,Hr,Atmanlu,36.35000000,37.05000000,0,None,U,U,-1.00000000,U,-1.00000000,NULL,NULL,NULL,NULL,NULL,NULL,NULL
339,1822 Aug 13 (20:40),1822.00000000,FMA,NULL,Vr,Sagce (U),33.65082151,33.05128774,5,Severe,Many casualties,U,-1.00000000,U,-1.00000000,NULL,NULL,NULL,NULL,NULL,NULL,NULL
339,1822 Aug 13 (20:40),1822.00000000,FMA,NULL,Vr,Araplar,36.43000000,36.74000000,5,Severe,Many casualties,U,-1.00000000,U,-1.00000000,NULL,NULL,NULL,NULL,NULL,NULL,NULL
339,1822 Aug 13 (20:40),1822.00000000,FMA,NULL,Vr,Burc (U),33.65082151,33.05128774,5,Severe,Many casualties,U,-1.00000000,U,-1.00000000,NULL,NULL,NULL,NULL,NULL,NULL,NULL
339,1822 Aug 13 (20:40),1822.00000000,FMA,NULL,Vr,Kehiz (U),33.65082151,33.05128774,5,Severe,Many casualties,U,-1.00000000,U,-1.00000000,NULL,NULL,NULL,NULL,NULL,NULL,NULL
339,1822 Aug 13 (20:40),1822.00000000,FMA,NULL,Mr,Shikaghi (U),33.65082151,33.05128774,0,None,U,U,-1.00000000,U,-1.00000000,NULL,NULL,NULL,NULL,NULL,NULL,NULL
339,1822 Aug 13 (20:40),1822.00000000,FMA,NULL,Vr,Orontes,36.41000000,35.52000000,0,None,U,U,-1.00000000,U,-1.00000000,NULL,NULL,NULL,NULL,NULL,NULL,NULL
339,1822 Aug 13 (20:40),1822.00000000,FMA,NULL,Vr,Armennaz,36.44000000,36.49000000,5,Severe,U,U,-1.00000000,U,-1.00000000,NULL,NULL,NULL,NULL,NULL,NULL,NULL
339,1822 Aug 13 (20:40),1822.00000000,FMA,NULL,Hr,Darkush,36.39000000,35.99000000,5,Severe,U,U,-1.00000000,U,-1.00000000,NULL,NULL,NULL,NULL,NULL,NULL,NULL
339,1822 Aug 13 (20:40),1822.00000000,FMA,NULL,Vr,Jisr Al-Shughur,36.31000000,35.80000000,5,Severe,Many casualties,U,-1.00000000,U,-1.00000000,NULL,NULL,NULL,NULL,NULL,NULL,NULL
339,1822 Aug 13 (20:40),1822.00000000,FMA,NULL,Hr,Jur (U),33.65082151,33.05128774,0,None,U,U,-1.00000000,U,-1.00000000,NULL,NULL,NULL,NULL,NULL,NULL,NULL
339,1822 Aug 13 (20:40),1822.00000000,FMA,NULL,Mr,Unspecified,35.92000000,33.29000000,0,None,U,U,-1.00000000,U,-1.00000000,NULL,NULL,NULL,NULL,NULL,NULL,NULL
339,1822 Aug 13 (20:40),1822.00000000,FMA,NULL,Vr,Idlib,36.63000000,35.93000000,5,Severe,Many casualties,U,-1.00000000,U,-1.00000000,NULL,NULL,NULL,NULL,NULL,NULL,NULL
339,1822 Aug 13 (20:40),1822.00000000,FMA,NULL,Hr,Beilan(U),33.65082151,33.05128774,4,Heavy,U,U,-1.00000000,U,-1.00000000,NULL,NULL,NULL,NULL,NULL,NULL,NULL
339,1822 Aug 13 (20:40),1822.00000000,FMA,NULL,Hr,Misis,35.62000000,36.96000000,4,Heavy,U,U,-1.00000000,U,-1.00000000,NULL,NULL,NULL,NULL,NULL,NULL,NULL
339,1822 Aug 13 (20:40),1822.00000000,FMA,NULL,Vr,Kozan,35.80000000,37.45000000,2,Light,U,U,-1.00000000,U,-1.00000000,NULL,NULL,NULL,NULL,NULL,NULL,NULL
339,1822 Aug 13 (20:40),1822.00000000,FMA,NULL,Hr,Maras,36.86000000,37.70000000,2,Light,U,U,-1.00000000,U,-1.00000000,NULL,NULL,NULL,NULL,NULL,NULL,NULL
339,1822 Aug 13 (20:40),1822.00000000,FMA,NULL,Hr,Nizip (U),33.65082151,33.05128774,2,Light,U,U,-1.00000000,U,-1.00000000,NULL,NULL,NULL,NULL,NULL,NULL,NULL
339,1822 Aug 13 (20:40),1822.00000000,FMA,NULL,Hr,Trabazon,39.73000000,40.99000000,1,Felt,U,U,-1.00000000,U,-1.00000000,NULL,NULL,NULL,NULL,NULL,NULL,NULL
339,1822 Aug 13 (20:40),1822.00000000,FMA,NULL,Hr,Tokat,36.55000000,40.30000000,1,Felt,U,U,-1.00000000,U,-1.00000000,NULL,NULL,NULL,NULL,NULL,NULL,NULL
339,1822 Aug 13 (20:40),1822.00000000,FMA,NULL,Hr,Merzifon,35.46000000,40.87000000,1,Felt,U,U,-1.00000000,U,-1.00000000,NULL,NULL,NULL,NULL,NULL,NULL,NULL
339,1822 Aug 13 (20:40),1822.00000000,FMA,NULL,Mr,Ufra,36.74000000,38.11000000,3,Moderate,U,U,-1.00000000,U,-1.00000000,NULL,NULL,NULL,NULL,NULL,NULL,NULL
339,1822 Aug 13 (20:40),1822.00000000,FMA,NULL,Mr,Kiyarbakir (U),33.65082151,33.05128774,1,Felt,U,U,-1.00000000,U,-1.00000000,NULL,NULL,NULL,NULL,NULL,NULL,NULL
340,1822 Aug 15 (night),1822.20000000,A,NULL,Hr,Aleppo,37.15000000,36.21000000,3,Moderate,U,U,-1.00000000,U,-1.00000000,NULL,NULL,NULL,NULL,NULL,NULL,NULL
340,1822 Aug 15 (night),1822.20000000,A,NULL,Hr,Kilis,37.11000000,36.71000000,3,Moderate,U,U,-1.00000000,U,-1.00000000,NULL,NULL,NULL,NULL,NULL,NULL,NULL
340,1822 Aug 15 (night),1822.20000000,A,NULL,Hr,Antakya,36.16000000,36.20000000,3,Moderate,U,U,-1.00000000,U,-1.00000000,NULL,NULL,NULL,NULL,NULL,NULL,NULL
340,1822 Aug 15 (night),1822.20000000,A,NULL,Hr,Jisr (U),33.65082151,33.05128774,3,Moderate,U,U,-1.00000000,U,-1.00000000,NULL,NULL,NULL,NULL,NULL,NULL,NULL
341,1822 Sep 5,1822.30000000,A,NULL,Hr,Aleppo,37.15000000,36.21000000,4,Heavy,U,U,-1.00000000,U,-1.00000000,NULL,NULL,NULL,NULL,NULL,NULL,NULL
341,1822 Sep 5,1822.30000000,A,NULL,Hr,Damascus,36.29000000,33.51000000,1,Felt,U,U,-1.00000000,U,-1.00000000,NULL,NULL,NULL,NULL,NULL,NULL,NULL
341,1822 Sep 5,1822.30000000,A,NULL,Hr,Cyprus (A),33.10000000,34.98000000,1,Felt,U,U,-1.00000000,U,-1.00000000,NULL,NULL,NULL,NULL,NULL,NULL,NULL
342,1822 Sep 29,1822.40000000,A,NULL,Hr,Aleppo,37.15000000,36.21000000,0,None,"Few casualties

",U,-1.00000000,U,-1.00000000,NULL,NULL,NULL,NULL,NULL,NULL,NULL
343,1822 Sep 30,1822.50000000,A,NULL,Hr,Aleppo,37.15000000,36.21000000,2,Light,U,U,-1.00000000,U,-1.00000000,NULL,NULL,NULL,NULL,NULL,NULL,NULL
344,1822 Oct 12,1822.60000000,A,4.50000000,Hr,Sweida,36.57000000,32.70000000,0,None,U,U,-1.00000000,U,-1.00000000,NULL,NULL,NULL,NULL,NULL,NULL,NULL
344,1822 Oct 12,1822.60000000,A,4.50000000,Hr,Antakya,36.16000000,36.20000000,0,None,U,U,-1.00000000,U,-1.00000000,NULL,NULL,NULL,NULL,NULL,NULL,NULL
344,1822 Oct 12,1822.60000000,A,4.50000000,Hr,Aleppo,37.15000000,36.21000000,0,None,U,U,-1.00000000,U,-1.00000000,NULL,NULL,NULL,NULL,NULL,NULL,NULL
345,1822 Nov 12,1822.70000000,A,NULL,Hr,Aleppo,37.15000000,36.21000000,2,Light,U,U,-1.00000000,U,-1.00000000,NULL,NULL,NULL,NULL,NULL,NULL,NULL
346,1823 Jan 7,1823.00000000,A,NULL,Mr,Aleppo,37.15000000,36.21000000,2,Light,U,U,-1.00000000,U,-1.00000000,NULL,NULL,NULL,NULL,NULL,NULL,NULL
347,1823 Feb 11,1823.20000000,A,NULL,Mr,Sweida,36.57000000,32.70000000,1,Felt,U,U,-1.00000000,U,-1.00000000,NULL,NULL,NULL,NULL,NULL,NULL,NULL
348,1823 May 18,1823.30000000,A,NULL,Hr,Aleppo,37.15000000,36.21000000,2,Light,U,U,-1.00000000,U,-1.00000000,NULL,NULL,NULL,NULL,NULL,NULL,NULL
349,1823 Jun 4,1823.40000000,A,4.50000000,Hr,Antakya,36.16000000,36.20000000,1,Felt,U,U,-1.00000000,U,-1.00000000,NULL,NULL,NULL,NULL,NULL,NULL,NULL
350,1823 Jun 30,1823.50000000,A,NULL,Hr,Idlib,36.63000000,35.93000000,3,Moderate,U,U,-1.00000000,U,-1.00000000,NULL,NULL,NULL,NULL,NULL,NULL,NULL
350,1823 Jun 30,1823.50000000,A,NULL,Hr,Aleppo,37.15000000,36.21000000,3,Moderate,U,U,-1.00000000,U,-1.00000000,NULL,NULL,NULL,NULL,NULL,NULL,NULL
350,1823 Jun 30,1823.50000000,A,NULL,Hr,Antakya,36.16000000,36.20000000,3,Moderate,U,U,-1.00000000,U,-1.00000000,NULL,NULL,NULL,NULL,NULL,NULL,NULL
350,1823 Jun 30,1823.50000000,A,NULL,Hr,Qusayr [TR],36.18000000,36.05000000,3,Moderate,U,U,-1.00000000,U,-1.00000000,NULL,NULL,NULL,NULL,NULL,NULL,NULL
350,1823 Jun 30,1823.50000000,A,NULL,Hr,Maras,36.86000000,37.70000000,1,Felt,U,U,-1.00000000,U,-1.00000000,NULL,NULL,NULL,NULL,NULL,NULL,NULL
350,1823 Jun 30,1823.50000000,A,NULL,Hr,Homs,36.71000000,34.73000000,1,Felt,U,U,-1.00000000,U,-1.00000000,NULL,NULL,NULL,NULL,NULL,NULL,NULL
350,1823 Jun 30,1823.50000000,A,NULL,Hr,Alexandreta,36.17000000,36.58000000,1,Felt,U,U,-1.00000000,U,-1.00000000,NULL,NULL,NULL,NULL,NULL,NULL,NULL
351,1823 Sep 4,1823.60000000,A,4.50000000,Hr,Antakya,36.16000000,36.20000000,1,Felt,U,U,-1.00000000,U,-1.00000000,NULL,NULL,NULL,NULL,NULL,NULL,NULL
352,1823 Oct 16,1823.70000000,A,4.50000000,Hr,Latakia,35.77000000,35.51000000,1,Felt,U,U,-1.00000000,U,-1.00000000,NULL,NULL,NULL,NULL,NULL,NULL,NULL
352,1823 Oct 16,1823.70000000,A,4.50000000,Hr,Alexandreta,36.17000000,36.58000000,1,Felt,U,U,-1.00000000,U,-1.00000000,NULL,NULL,NULL,NULL,NULL,NULL,NULL
352,1823 Oct 16,1823.70000000,A,4.50000000,Hr,Antakya,36.16000000,36.20000000,1,Felt,U,U,-1.00000000,U,-1.00000000,NULL,NULL,NULL,NULL,NULL,NULL,NULL
352,1823 Oct 16,1823.70000000,A,4.50000000,Hr,Aleppo,37.15000000,36.21000000,1,Felt,U,U,-1.00000000,U,-1.00000000,NULL,NULL,NULL,NULL,NULL,NULL,NULL
353,1824 Jan 12,1824.00000000,A,4.50000000,Hr,Antakya,36.16000000,36.20000000,1,Felt,U,U,-1.00000000,U,-1.00000000,NULL,NULL,NULL,NULL,NULL,NULL,NULL
354,1824 Mar 14,1824.20000000,A,4.50000000,Hr,Aleppo,37.15000000,36.21000000,1,Felt,U,U,-1.00000000,U,-1.00000000,NULL,NULL,NULL,NULL,NULL,NULL,NULL
355,1830 Dec 21,1830.00000000,C,NULL,Hr,Aleppo,37.15000000,36.21000000,2,Light,U,U,-1.00000000,U,-1.00000000,NULL,NULL,NULL,NULL,NULL,NULL,NULL
356,1831 Feb 22,1831.00000000,S,NULL,Hr,Aleppo,37.15000000,36.21000000,3,Moderate,U,U,-1.00000000,U,-1.00000000,NULL,NULL,NULL,NULL,NULL,NULL,NULL
356,1831 Feb 22,1831.00000000,S,NULL,Mr,Beilan(U),33.65082151,33.05128774,4,Heavy,U,U,-1.00000000,U,-1.00000000,NULL,NULL,NULL,NULL,NULL,NULL,NULL
356,1831 Feb 22,1831.00000000,S,NULL,Mr,Unknown,33.65082151,33.05128774,4,Heavy,U,U,-1.00000000,U,-1.00000000,NULL,NULL,NULL,NULL,NULL,NULL,NULL
356,1831 Feb 22,1831.00000000,S,NULL,Mr,Test,NULL,NULL,4,Heavy,U,U,-1.00000000,U,-1.00000000,NULL,NULL,NULL,NULL,NULL,NULL,NULL
356,1831 Feb 22,1831.00000000,S,NULL,Mr,Bara(U),33.65082151,33.05128774,4,Heavy,U,U,-1.00000000,U,-1.00000000,NULL,NULL,NULL,NULL,NULL,NULL,NULL
356,1831 Feb 22,1831.00000000,S,NULL,Mr,Qal'at Mahalbe (U),33.65082151,33.05128774,3,Moderate,U,U,-1.00000000,U,-1.00000000,NULL,NULL,NULL,NULL,NULL,NULL,NULL
357,1834 May 26 (13:00),1834.00000000,S,6.30000000,Vr,Deir Mar-Saba,35.33000000,31.70000000,3,Moderate,No casualties,6-7,6.50000000,U,-1.00000000,NULL,1,1,-,-,-,"The church of the monastery of Deir Mar Saba was cracked in two places and two of its belfries were thrown down (PEMS 1834, 176)."
357,1834 May 26 (13:00),1834.00000000,S,6.30000000,Hr,Jaffa,34.75000000,32.05000000,2,Light,No casualties,6-7,6.50000000,U,-1.00000000,NULL,NULL,NULL,NULL,NULL,NULL,"According to letters from eyewitnesses, the shocks caused some concern and damaged a few dilapidated free-standing walls, cracking house ceilings (Thompson 1835)"
357,1834 May 26 (13:00),1834.00000000,S,6.30000000,Vr,Tiberias - Southern Gate,29.75160000,33.67970000,3,Moderate,No casualties,6-7,6.50000000,U,-1.00000000,NULL,NULL,Few,NULL,NULL,NULL,Houses suffered various degrees of damage without loss of life
357,1834 May 26 (13:00),1834.00000000,S,6.30000000,Vr,Jerusalem,35.23371042,31.77430227,3,Moderate,No casualties,6-7,6.50000000,U,-1.00000000,NULL,NULL,Few,NULL,NULL,NULL,Houses suffered various degrees of damage without loss of life
357,1834 May 26 (13:00),1834.00000000,S,6.30000000,Vr,Umm al-Rasas,35.92000000,31.50000000,3,Moderate,No casualties,7-8,7.50000000,U,-1.00000000,NULL,NULL,NULL,-,-,-,Damage to historical remains (Klein 1868; Anderson 1997)
357,1834 May 26 (13:00),1834.00000000,S,6.30000000,Vr,Al-Rahba,35.72000000,31.35000000,3,Moderate,No casualties,7-8,7.50000000,U,-1.00000000,NULL,NULL,NULL,-,-,-,Damage to historical remains (Klein 1868; Anderson 1997)
357,1834 May 26 (13:00),1834.00000000,S,6.30000000,Hr,Dead Sea Southwest (A),35.36000000,31.13000000,0,None,No casualties,U,-1.00000000,U,-1.00000000,NULL,NULL,NULL,NULL,NULL,NULL,"After the earthquake of 1834, a large quantity of asphalt was apparently cast onto the shore near the southwestern corner of the Dead Sea, three tons of which were brought to market by the natives"
357,1834 May 26 (13:00),1834.00000000,S,6.30000000,Vr,Caesarea,34.89000000,32.50000000,3,Moderate,No casualties,7,7.00000000,U,-1.00000000,NULL,NULL,NULL,-,-,-,"Parts of the remaining old walls fell (Poujoulat 1840, 154); Some houses fell (Poujoulat 1840, 154); Four nearby villages were also affected, without casualties (Poujoulat 1840, 154)"
357,1834 May 26 (13:00),1834.00000000,S,6.30000000,Vr,Gaza,34.46000000,31.50000000,1,Felt,No casualties,5,5.00000000,U,-1.00000000,NULL,NULL,NULL,NULL,NULL,NULL,NULL
357,1834 May 26 (13:00),1834.00000000,S,6.30000000,Vr,Akko,35.07000000,32.92000000,1,Felt,No casualties,5,5.00000000,U,-1.00000000,NULL,NULL,NULL,NULL,NULL,NULL,NULL
357,1834 May 26 (13:00),1834.00000000,S,6.30000000,Hr,Church of the Nativity,35.20000000,31.70000000,3,Moderate,U,7,7.00000000,U,-1.00000000,NULL,1,1,-,-,-,"The Church of the Nativity, which had become degraded through neglect, was damaged (PEMS 1834, 176)."
357,1834 May 26 (13:00),1834.00000000,S,6.30000000,Hr,Medaba,35.76000000,31.71000000,3,Moderate,No casualties,7-8,7.50000000,U,-1.00000000,NULL,NULL,NULL,-,-,-,Damage to historical remains (Klein 1868; Anderson 1997)
357,1834 May 26 (13:00),1834.00000000,S,6.30000000,Vr,Ashkelon,34.54000000,31.66000000,1,Felt,No casualties,5,5.00000000,U,-1.00000000,NULL,NULL,NULL,NULL,NULL,NULL,NULL
357,1834 May 26 (13:00),1834.00000000,S,6.30000000,Hr,Al-Nabi Dau'd,35.22986220,31.77156356,4,Heavy,No casualties,7-8,7.50000000,U,-1.00000000,NULL,5-6,1,-,-,-,The Minaret on Mt Zion collapsed (Zohar et al 2015)
357,1834 May 26 (13:00),1834.00000000,S,6.30000000,Hr,Old Walls Jerusalem (A),35.23000000,31.77000000,3,Moderate,No casualties,8-9,8.50000000,U,-1.00000000,NULL,-,-,-,-,-,"In Jerusalem part of the wall, where it forms the outer enclosure of the al-Aqsa mosque, crumbled during the first shock (AM after Nicolayson 1911, 83–89)"
357,1834 May 26 (13:00),1834.00000000,S,6.30000000,Hr,Minaret Mt. Olives [Delete],35.24566860,31.77933651,4,Heavy,No casualties,7-8,7.50000000,U,-1.00000000,NULL,1,1,-,-,-,"One minaret in the city [The minaret on Mt. Zion, my addition] and another on the Mount of Olives were shaken down (Spyridon 1938)"
357,1834 May 26 (13:00),1834.00000000,S,6.30000000,Hr,Ascension Chapel,35.24566860,31.77933651,4,Heavy,No casualties,7-8,7.50000000,U,-1.00000000,NULL,1,1,-,-,-,The cupola of the church of the Ascension caved in (Spyridon 1938)
357,1834 May 26 (13:00),1834.00000000,S,6.30000000,Hr,St. Prodromos Church,35.23126499,31.77669384,3,Moderate,No casualties,7,7.00000000,U,-1.00000000,NULL,1,1,-,-,-,"The church of St Prodromos was damaged (PEMS 1834, 176)."
357,1834 May 26 (13:00),1834.00000000,S,6.30000000,Hr,Holy Sepulchre Church,35.22969717,31.77846795,3,Moderate,No casualties,7-8,7.50000000,U,-1.00000000,NULL,1,5-10,-,-,-,"The masonry dome of the church of the Holy Sepulchre was damaged (PEMS 1834, 176) and, according to others, collapsed (Thompson 1835). In fact, the structure was only damaged, with the French and Russians pledging to finance its repair"
357,1834 May 26 (13:00),1834.00000000,S,6.30000000,Hr,Dhiban,35.78000000,31.49000000,2,Light,No casualties,6,6.00000000,U,-1.00000000,NULL,1,1,-,-,-,"The walls of the Church of the Cross were cracked (PEMS 1834, 176)."
357,1834 May 26 (13:00),1834.00000000,S,6.30000000,Hr,Dhiban,35.78000000,31.49000000,3,Moderate,No casualties,7,7.00000000,U,-1.00000000,NULL,1,1,-,-,-,The earthquake toppled the Moabite monolith of Meisha ((Klein 1868; Anderson 1997)
357,1834 May 26 (13:00),1834.00000000,S,6.30000000,Hr,Tiberias,35.54223594,32.78604531,0,None,No casualties,1,1.00000000,U,-1.00000000,NULL,NULL,NULL,NULL,NULL,NULL,Not felt (AM)
359,1837 Jan 01  (16:35),1837.00000000,MA,7.10000000,Mr,Shouff (A),35.54000000,33.83000000,0,None,U,5,5.00000000,U,-1.00000000,NULL,NULL,NULL,NULL,NULL,NULL,No reports (and perhaps also no damage)
359,1837 Jan 01  (16:35),1837.00000000,MA,7.10000000,Mr,Joun,35.47000000,33.58000000,3,Moderate,U,7,7.00000000,U,-1.00000000,NULL,NULL,NULL,NULL,NULL,NULL,Was damaged but details are lacking (AM)
359,1837 Jan 01  (16:35),1837.00000000,MA,7.10000000,Mr,Deir Mar-Elias [LB],35.47000000,33.38000000,4,Heavy,Many casualties,8,8.00000000,U,-1.00000000,NULL,NULL,NULL,NULL,72,NULL,Collapsed with the loss of 72 lives (AM)
359,1837 Jan 01  (16:35),1837.00000000,MA,7.10000000,Hr,Qal'at al-Shubeibe,35.71000000,33.25000000,4,Heavy,U,7-8,7.50000000,U,-1.00000000,NULL,NULL,NULL,NULL,NULL,NULL,"Parts of the Qal’at al-Shubeibe, which stands on the summit of a hill to the east of the village, collapsed (AM)"
359,1837 Jan 01  (16:35),1837.00000000,MA,7.10000000,U,Jatt,35.32000000,33.02000000,-1,U,U,5-6,5.50000000,U,-1.00000000,NULL,NULL,NULL,NULL,NULL,NULL,"Kafr Sumei was totally ruined. However, just west
of these villages, Jatt was probably not seriously damaged
(AM after Thomson 1837)."
359,1837 Jan 01  (16:35),1837.00000000,MA,7.10000000,U,I'bllin,35.19000000,32.82000000,-1,U,U,5,5.00000000,U,-1.00000000,NULL,NULL,NULL,NULL,NULL,NULL,"Evlayin suffered relatively little and its minaret was left standing, but in nearby Shefar’am 86 houses were ruined and 139 heavily damaged (AM)"
359,1837 Jan 01  (16:35),1837.00000000,MA,7.10000000,U,Bashan (A),35.99000000,32.44000000,-1,U,U,U,-1.00000000,U,-1.00000000,NULL,NULL,NULL,NULL,NULL,NULL,"In the Bashan, allegedly, fire was seen coming out
of the ground (AM after Calman 1837, Thomson 1837, Robinson
1856)."
359,1837 Jan 01  (16:35),1837.00000000,MA,7.10000000,Hr,Dhiban,35.78000000,31.49000000,2,Light,U,5,5.00000000,U,-1.00000000,NULL,NULL,NULL,NULL,NULL,NULL,"In the Moab the shock caused sporadic destruction,
particularly to old sites such as at Dihban, where
some free-standing columns and arches were overthrown
(AM after Tristram 1874)."
359,1837 Jan 01  (16:35),1837.00000000,MA,7.10000000,U,Dead Sea East (A),35.57000000,31.62000000,-1,U,U,U,-1.00000000,U,-1.00000000,NULL,NULL,NULL,NULL,NULL,NULL,"Allegedly, after the earthquake large masses of bitumen were seen floating in the Dead Sea (AM after Robinson 1856)"
359,1837 Jan 01  (16:35),1837.00000000,MA,7.10000000,Pr,Al-Afrish,35.49000000,33.03000000,4,Heavy,U,7,7.00000000,U,-1.00000000,NULL,NULL,NULL,NULL,NULL,NULL,"Reported to has been ruined, but the location could not be identified, either because the name has changed or because  misspelled in the various reports (AM)"
359,1837 Jan 01  (16:35),1837.00000000,MA,7.10000000,Vr,Kfar Bir'im,35.41000000,33.04000000,4,Heavy,U,8,8.00000000,U,-1.00000000,NULL,NULL,NULL,NULL,NULL,NULL,"Kafr Bir’im was badly damaged; the church and a row
of columns and other standing remains of an early synagogue
were thrown to the ground (AM)"
359,1837 Jan 01  (16:35),1837.00000000,MA,7.10000000,Pr,Unknown,33.65082151,33.05128774,4,Heavy,Many casualties,U,-1.00000000,U,-1.00000000,NULL,NULL,NULL,NULL,NULL,NULL,NULL
359,1837 Jan 01  (16:35),1837.00000000,MA,7.10000000,Pr,Test,NULL,NULL,4,Heavy,Many casualties,U,-1.00000000,U,-1.00000000,NULL,NULL,NULL,NULL,NULL,NULL,NULL
359,1837 Jan 01  (16:35),1837.00000000,MA,7.10000000,Vr,Kafr Sumei,35.30000000,32.99000000,5,Severe,U,8-9,8.50000000,U,-1.00000000,NULL,NULL,NULL,NULL,NULL,NULL,Kafr Sumei was totally ruined (AM)
359,1837 Jan 01  (16:35),1837.00000000,MA,7.10000000,Vr,Beirut,35.48000000,33.89000000,3,Moderate,"Few casualties

",7,7.00000000,U,-1.00000000,NULL,NULL,8,NULL,2,NULL,"Panic but no serious damage in the city itself. About eight houses, which had been built outside its walls on alluvium by the sea, collapsed, killing two people (AM after Paxton 1839; Rustum 1942)"
359,1837 Jan 01  (16:35),1837.00000000,MA,7.10000000,Vr,Kesrawan (A),35.64000000,33.93000000,2,Light,No casualties,5,5.00000000,U,-1.00000000,NULL,NULL,NULL,NULL,NULL,NULL,No damage (AM)
359,1837 Jan 01  (16:35),1837.00000000,MA,7.10000000,Mr,Deir al-Mukhalles,35.54000000,33.77000000,3,Moderate,U,7,7.00000000,U,-1.00000000,NULL,NULL,NULL,NULL,NULL,NULL,Damaged but details are lacking (AM)
359,1837 Jan 01  (16:35),1837.00000000,MA,7.10000000,Vr,Sidon,35.37000000,33.56000000,5,Severe,"Few casualties

",9,9.00000000,U,-1.00000000,NULL,1800,1210,NULL,7,NULL,"Was almost totally ruined. Of its 1800 houses, 580 were demolished and 630 ruined, with the loss of seven lives. Qala’t Mezzeh (Chateau de Saint Louis of the Crusaders), standing on the promontory which divides the two harbours, collapsed. The French merchants’ stores fell and the walls of the town were breached. The town and the land walls were rebuilt by Soleyman Pasha immediately after the earthquake (AM after Thomson 1837; Rustum 1942; Kerhardene 1859)."
359,1837 Jan 01  (16:35),1837.00000000,MA,7.10000000,Vr,Al-Ghaziye,35.36000000,33.53000000,3,Moderate,"Few casualties

",7-8,7.50000000,U,-1.00000000,NULL,NULL,14,NULL,7,NULL,"At al-Ghaziye 14 houses collapsed, killing seven people (AM)"
359,1837 Jan 01  (16:35),1837.00000000,MA,7.10000000,Hr,Deir Mar-Elias [LB],35.41000000,33.56000000,4,Heavy,U,8,8.00000000,U,-1.00000000,NULL,NULL,NULL,NULL,NULL,NULL,Seriosly damaged (AM)
359,1837 Jan 01  (16:35),1837.00000000,MA,7.10000000,Vr,Deir al-Hatta,35.45000000,33.53000000,5,Severe,U,9,9.00000000,U,-1.00000000,NULL,NULL,NULL,NULL,NULL,NULL,Totally destroyed (AM)
359,1837 Jan 01  (16:35),1837.00000000,MA,7.10000000,Vr,Rumin,35.43000000,33.52000000,5,Severe,U,9,9.00000000,U,-1.00000000,NULL,NULL,NULL,NULL,NULL,NULL,Totally destroyed (AM)
359,1837 Jan 01  (16:35),1837.00000000,MA,7.10000000,Vr,Rashaya,35.85000000,33.43000000,2,Light,U,5-6,5.50000000,U,-1.00000000,NULL,NULL,NULL,NULL,NULL,NULL,"The shock was very violent, but it is not known whether it caused any damage (AM following Thomson 1837)"
359,1837 Jan 01  (16:35),1837.00000000,MA,7.10000000,Vr,Deir Kifa,35.40000000,33.27000000,4,Heavy,U,9,9.00000000,U,-1.00000000,NULL,NULL,NULL,NULL,NULL,NULL,Deir Qufa (Deir Kifa) was totally ruined (AM)
359,1837 Jan 01  (16:35),1837.00000000,MA,7.10000000,Vr,Dibbin,35.67000000,33.59000000,4,Heavy,U,8,8.00000000,U,-1.00000000,NULL,NULL,NULL,NULL,NULL,NULL,"Al-Kufur collapsed with the loss of 72 lives, and so did Dibbin, Nabatiya, al-Tahta, and Jibshit (AM)"
359,1837 Jan 01  (16:35),1837.00000000,MA,7.10000000,Vr,Nabatieh,35.48000000,33.35000000,4,Heavy,U,8-9,8.50000000,U,-1.00000000,NULL,NULL,NULL,NULL,NULL,NULL,"Al-Kufur collapsed with the loss of 72 lives, and so did Dibbin, Nabatiya, al-Tahta and Jibshit (AM)"
359,1837 Jan 01  (16:35),1837.00000000,MA,7.10000000,Vr,Al-Tahta,35.45000000,33.36000000,4,Heavy,U,8,8.00000000,U,-1.00000000,NULL,NULL,NULL,NULL,NULL,NULL,"Al-Kufur collapsed with the loss of 72 lives, and so did Dibbin, Nabatiya, al-Tahta and Jibshit (AM)"
359,1837 Jan 01  (16:35),1837.00000000,MA,7.10000000,Vr,Jibshit,35.50000000,33.36000000,4,Heavy,U,8,8.00000000,U,-1.00000000,NULL,NULL,NULL,NULL,NULL,NULL,"Al-Kufur collapsed with the loss of 72 lives, and so did Dibbin, Nabatiya, al-Tahta and Jibshit (AM)"
359,1837 Jan 01  (16:35),1837.00000000,MA,7.10000000,Vr,Irbil,44.00000000,36.19000000,5,Severe,Many casualties,8,8.00000000,U,-1.00000000,NULL,NULL,NULL,NULL,~50 (??),NULL,The large villages of Irbil and Kh. Shaqa were completely destroyed and 100 people were killed (AM)
359,1837 Jan 01  (16:35),1837.00000000,MA,7.10000000,Vr,Khirbet Shaqa,35.62000000,33.35000000,5,Severe,Many casualties,8,8.00000000,U,-1.00000000,NULL,NULL,NULL,NULL,NULL,NULL,The large villages of Irbil and Kh. Shaqa were completely destroyed and 100 people were killed (AM)
359,1837 Jan 01  (16:35),1837.00000000,MA,7.10000000,Vr,Al-Khiam,35.60000000,33.31000000,5,Severe,Many casualties,8,8.00000000,U,-1.00000000,NULL,NULL,NULL,NULL,150,NULL,"Also Khirbah and al-Khiyam fell; 5 people lost their lives in
the former and 150 in the latter (AM)"
359,1837 Jan 01  (16:35),1837.00000000,MA,7.10000000,Hr,Bilad el-Shuqf (A),35.57000000,33.39000000,0,None,U,U,-1.00000000,U,-1.00000000,NULL,NULL,NULL,NULL,NULL,NULL,"In the region of Bilad al-Shuqf 600 goats were killed, presumably by rock falls (AM). An EMS-98 value cannot be evaluated"
359,1837 Jan 01  (16:35),1837.00000000,MA,7.10000000,Vr,Qal'at al-Shuqf,35.52000000,33.39000000,3,Moderate,"Few casualties

",7-8,7.50000000,U,-1.00000000,NULL,NULL,NULL,NULL,5,NULL,"Qala’t al-Shuqf (Chateau de Beaufort of the Crusaders), standing on a cliff where the Litani River turns towards the sea, was shattered, and a part of the interior structure of the citadel collapsed, killing five people (AM)"
359,1837 Jan 01  (16:35),1837.00000000,MA,7.10000000,Vr,Deir Mimas,35.55000000,33.30000000,5,Severe,"Few casualties

",8-9,8.50000000,U,-1.00000000,NULL,NULL,NULL,NULL,5,NULL,"Deir Mimas, where five people lost their lives, was totally
destroyed and rebuilt immediately after the earthquake (AM)"
359,1837 Jan 01  (16:35),1837.00000000,MA,7.10000000,Vr,Zeqqieh,35.38000000,33.29000000,4,Heavy,"Few casualties

",7-8,7.50000000,U,-1.00000000,NULL,NULL,NULL,NULL,8,NULL,About one third of the houses in Zeqqieh collapsed and eight people were killed (AM)
359,1837 Jan 01  (16:35),1837.00000000,MA,7.10000000,Vr,Metula,35.58000000,33.26000000,5,Severe,Many casualties,9,9.00000000,U,-1.00000000,NULL,NULL,NULL,NULL,78,NULL,In Mitulla nothing was left standing and 78 people lost their lives (AM)
359,1837 Jan 01  (16:35),1837.00000000,MA,7.10000000,Vr,Baniyas [IL],35.61000000,33.24000000,4,Heavy,U,8,8.00000000,U,-1.00000000,NULL,NULL,NULL,NULL,NULL,NULL,Much of Banyas was ruined. The roof of Grotto of Pan fell (AM)
359,1837 Jan 01  (16:35),1837.00000000,MA,7.10000000,Vr,Hunin Castle,35.56000000,33.23000000,4,Heavy,U,8-9,8.50000000,U,-1.00000000,NULL,NULL,NULL,NULL,NULL,NULL,"Further inland the old castle of Hunin (Chastel Neuf of the Crusaders) was shattered and much of its interior, including the mosque, collapsed, no structure remaining habitable (AM after Gu´ erin 1880)"
359,1837 Jan 01  (16:35),1837.00000000,MA,7.10000000,Mr,Tebnine & Hunin (A),35.47000000,33.21000000,4,Heavy,Many casualties,U,-1.00000000,U,-1.00000000,NULL,NULL,NULL,NULL,614,NULL,"No damage details exist for the districts of Hunin and Tibnin, where it is said that 614 people were killed in 49 settlements. Half of some of them and likewise five mills were totally destroyed, together with a third of the inhabitants (AM). An EMS-98 value cannot be evaluated"
359,1837 Jan 01  (16:35),1837.00000000,MA,7.10000000,Pr,Asbagha (U),35.53000000,33.00000000,4,Heavy,U,8,8.00000000,U,-1.00000000,NULL,NULL,NULL,NULL,NULL,NULL,"Reported to has been ruined, but the location could not be identified, either because the name has changed or because misspelled in the various reports (AM)."
359,1837 Jan 01  (16:35),1837.00000000,MA,7.10000000,Pr,Amba (U),35.53000000,33.02000000,4,Heavy,U,8,8.00000000,U,-1.00000000,NULL,NULL,NULL,NULL,NULL,NULL,"Reported to has been ruined, but the location could not be identified, either because the name has changed or because  misspelled in the various reports (AM)"
359,1837 Jan 01  (16:35),1837.00000000,MA,7.10000000,Pr,Al-Asban (U),35.50000000,33.06000000,4,Heavy,U,8,8.00000000,U,-1.00000000,NULL,NULL,NULL,NULL,NULL,NULL,"Reported to has been ruined, but the location could not be identified, either because the name has changed or because misspelled in the various reports (AM)"
359,1837 Jan 01  (16:35),1837.00000000,MA,7.10000000,Pr,Akbar (U),35.47000000,33.04000000,4,Heavy,U,8,8.00000000,U,-1.00000000,NULL,NULL,NULL,NULL,NULL,NULL,"Reported to has been ruined, but the location could not be identified, either because the name has changed or because  misspelled in the various reports (AM)"
359,1837 Jan 01  (16:35),1837.00000000,MA,7.10000000,Pr,Mugar (U),35.51000000,33.04000000,4,Heavy,U,8,8.00000000,U,-1.00000000,NULL,NULL,NULL,NULL,NULL,NULL,"Reported to has been ruined, but the location could not be identified, either because the name has changed or because  misspelled in the various reports (AM)"
359,1837 Jan 01  (16:35),1837.00000000,MA,7.10000000,Pr,Sutli (U),35.40000000,33.16000000,4,Heavy,U,8,8.00000000,U,-1.00000000,NULL,NULL,NULL,NULL,NULL,NULL,"Reported to has been ruined, but the location could not be identified, either because the name has changed or because  misspelled in the various reports (AM)"
359,1837 Jan 01  (16:35),1837.00000000,MA,7.10000000,Vr,Qana,35.28000000,33.20000000,3,Moderate,U,6-7,6.50000000,U,-1.00000000,NULL,NULL,NULL,NULL,NULL,NULL,Qana was damaged (AM after Thomson 1837)
359,1837 Jan 01  (16:35),1837.00000000,MA,7.10000000,Vr,Al-Mays,35.82000000,33.44000000,4,Heavy,"Few casualties

",8,8.00000000,U,-1.00000000,NULL,NULL,NULL,NULL,3,NULL,"One of the two parts into which al-Mays is divided collapsed, killing three people (AM)"
359,1837 Jan 01  (16:35),1837.00000000,MA,7.10000000,Vr,Bet-Yahun,35.49000000,33.15000000,5,Severe,U,9,9.00000000,U,-1.00000000,NULL,NULL,NULL,NULL,NULL,NULL,Also Beit Yahun was totally ruined (AM)
359,1837 Jan 01  (16:35),1837.00000000,MA,7.10000000,Vr,Ya'tar,35.35000000,33.10000000,0,None,"Few casualties

",9,9.00000000,U,-1.00000000,NULL,NULL,NULL,NULL,12,NULL,At Ya’tar 12 people were killed (AM)
359,1837 Jan 01  (16:35),1837.00000000,MA,7.10000000,Vr,Qadas,35.51000000,33.10000000,5,Severe,Many casualties,9,9.00000000,U,-1.00000000,NULL,NULL,NULL,NULL,53,NULL,"Qadas was completely destroyed, with the loss of 53 lives (AM)"
359,1837 Jan 01  (16:35),1837.00000000,MA,7.10000000,Vr,Malkiah,35.51000000,33.09000000,4,Heavy,Many casualties,8-9,8.50000000,U,-1.00000000,NULL,NULL,NULL,NULL,NULL,NULL,Also Melkiyeh was destroyed (AM)
359,1837 Jan 01  (16:35),1837.00000000,MA,7.10000000,Vr,Bint-Jbeil,35.44000000,33.12000000,5,Severe,"Few casualties

",9,9.00000000,U,-1.00000000,NULL,NULL,NULL,NULL,8,NULL,"Bint Jubayl was totally ruined, with the loss of eight lives"
359,1837 Jan 01  (16:35),1837.00000000,MA,7.10000000,Vr,Ayn Ibli,35.63000000,33.41000000,4,Heavy,Many casualties,7-8,7.50000000,U,-1.00000000,NULL,NULL,NULL,NULL,12,NULL,Ayn Ibli collapsed with the loss of 12 lives (AM)
359,1837 Jan 01  (16:35),1837.00000000,MA,7.10000000,Vr,Maroun al-Ras,35.44000000,33.10000000,4,Heavy,Many casualties,8,8.00000000,U,-1.00000000,NULL,NULL,NULL,NULL,17,NULL," Another 17 people were killed at Marun al-Ras, which was also ruined (AM)"
359,1837 Jan 01  (16:35),1837.00000000,MA,7.10000000,Vr,Rumaysh,35.36000000,33.07000000,0,None,Many casualties,8,8.00000000,U,-1.00000000,NULL,NULL,NULL,NULL,30,10,30 people were killed and 10 injured at Rumaysh (AM)
359,1837 Jan 01  (16:35),1837.00000000,MA,7.10000000,Vr,Al-Salha,35.46000000,32.98000000,0,None,Many casualties,8,8.00000000,U,-1.00000000,NULL,NULL,NULL,NULL,12,NULL,12 lost their lives at al-Salha (AM after Calman 1837; Thomson 1837).
359,1837 Jan 01  (16:35),1837.00000000,MA,7.10000000,Vr,Dibil,35.35000000,33.11000000,5,Severe,Many casualties,8-9,8.50000000,U,-1.00000000,NULL,NULL,NULL,NULL,12,NULL,Dibil was almost totally destroyed and 12 people lost their lives there (AM after Calman 1837)
359,1837 Jan 01  (16:35),1837.00000000,MA,7.10000000,Vr,Deishun,35.43000000,33.02000000,4,Heavy,Many casualties,8,8.00000000,U,-1.00000000,NULL,NULL,NULL,NULL,13,NULL,Three quarters of Deishun collapsed and 13 people were killed (AM)
359,1837 Jan 01  (16:35),1837.00000000,MA,7.10000000,Vr,Alma,35.54000000,33.05000000,5,Severe,U,8-9,8.50000000,U,-1.00000000,NULL,NULL,NULL,NULL,NULL,NULL,Alma was totally destroyed (AM)
359,1837 Jan 01  (16:35),1837.00000000,MA,7.10000000,Vr,Al-Fara,35.45000000,32.97000000,0,None,Many casualties,7-8,7.50000000,U,-1.00000000,NULL,NULL,NULL,NULL,12,NULL,In al-Fara 12 people perished
359,1837 Jan 01  (16:35),1837.00000000,MA,7.10000000,Vr,Ras al-Ahmar,35.43000000,33.05000000,0,None,Many casualties,8,8.00000000,U,-1.00000000,NULL,NULL,NULL,NULL,40,12,At Ras al-Ahmar 40 people were killed and 12 injured (AM after Calman 1837).
359,1837 Jan 01  (16:35),1837.00000000,MA,7.10000000,Vr,Jish,35.43000000,33.10000000,5,Severe,Many casualties,9,9.00000000,U,-1.00000000,NULL,NULL,NULL,NULL,235,NULL,"Jish was completely destroyed and not a house was left standing. The church fell, killing 130 persons, and the old walls of the town collapsed. In all 235 people were killed, and in places the ground was fissured (AM after Thomson 1837; Waghorn 1837; Robinson 1856)."
359,1837 Jan 01  (16:35),1837.00000000,MA,7.10000000,Vr,Sabelan,35.28000000,33.02000000,5,Severe,No casualties,8-9,8.50000000,U,-1.00000000,NULL,NULL,NULL,NULL,NULL,NULL,"Sabelan was completely ruined, without casualties (AM)"
359,1837 Jan 01  (16:35),1837.00000000,MA,7.10000000,Vr,Tarshiha,35.26000000,33.01000000,5,Severe,No casualties,6-7,6.50000000,U,-1.00000000,NULL,NULL,NULL,NULL,NULL,NULL,Tarshiha was damaged without loss of life (AM)
359,1837 Jan 01  (16:35),1837.00000000,MA,7.10000000,Vr,Dallata,35.50000000,33.02000000,5,Severe,U,8-9,8.50000000,U,-1.00000000,NULL,NULL,NULL,NULL,NULL,NULL,"Dallata, Qaddita and Ain Zeitun were almost totally destroyed (AM after Thomson 1837)"
359,1837 Jan 01  (16:35),1837.00000000,MA,7.10000000,Vr,Qaddita,35.46000000,33.00000000,5,Severe,U,8-9,8.50000000,U,-1.00000000,NULL,NULL,NULL,NULL,NULL,NULL,"Dallata, Qaddita and Ain Zeitun were almost totally destroyed (AM after Thomson 1837)"
359,1837 Jan 01  (16:35),1837.00000000,MA,7.10000000,Vr,Ein-Zeitun,35.48000000,32.98000000,5,Severe,U,8-9,8.50000000,U,-1.00000000,NULL,NULL,NULL,NULL,NULL,NULL,"Dallata, Qaddita and Ain Zeitun were almost totally destroyed (AM after Thomson 1837)"
359,1837 Jan 01  (16:35),1837.00000000,MA,7.10000000,Vr,Meiron,35.44000000,32.98000000,3,Moderate,U,5-6,5.50000000,U,-1.00000000,NULL,NULL,NULL,NULL,NULL,NULL,"Meirun suffered relatively little damage, and the walls of the tombs of Rabbi Eleazer and Rabbi Shemaun were dislodged but did not collapse (AM after Neman 1971)."
359,1837 Jan 01  (16:35),1837.00000000,MA,7.10000000,Vr,Safed,35.48000000,32.96000000,4,Heavy,Many casualties,8-9,8.50000000,U,-1.00000000,NULL,NULL,NULL,NULL,2158,NULL,"In Safet, the largest of the places affected, the northern, Jewish, section of the town was almost entirely destroyed while the southern, Moslem, section suffered far less serious damage. The number of deaths reached 2158, of which 1507 were Ottoman subjects, Moslem or Jewish, and 651 were foreigners (AM after Thomson 1837; Waghorn 1837; Liebentrut 1854; Gu´ erin 1880; Mitford 1884)."
359,1837 Jan 01  (16:35),1837.00000000,MA,7.10000000,Vr,Al-Rama,35.36000000,32.93000000,5,Severe,Many casualties,8-9,8.50000000,U,-1.00000000,NULL,NULL,NULL,NULL,180,NULL,Nearby Rama was totally destroyed and 180 people were killed (AM after Calman 1837).
359,1837 Jan 01  (16:35),1837.00000000,MA,7.10000000,Vr,Tel Hazor,35.56000000,33.01000000,4,Heavy,Many casualties,8-9,8.50000000,U,-1.00000000,NULL,NULL,NULL,NULL,141,NULL,"Shezor and in Jabal (the location of which has not been identified) 245 houses were destroyed and 563 damaged, with 141 people killed (AM)"
359,1837 Jan 01  (16:35),1837.00000000,MA,7.10000000,Vr,Eilabun,35.40000000,32.83000000,4,Heavy,Many casualties,7-8,7.50000000,U,-1.00000000,NULL,NULL,NULL,NULL,25,NULL,"Much of Eilabun collapsed, killing 25 people, and Maghar was ruined (AM)"
359,1837 Jan 01  (16:35),1837.00000000,MA,7.10000000,Vr,Mrar,35.40000000,32.88000000,4,Heavy,U,7-8,7.50000000,U,-1.00000000,NULL,NULL,NULL,NULL,NULL,NULL,Maghar was ruined (AM).
359,1837 Jan 01  (16:35),1837.00000000,MA,7.10000000,Vr,Akko,35.07000000,32.92000000,4,Heavy,"Few casualties

",8,8.00000000,U,-1.00000000,NULL,NULL,NULL,NULL,4,NULL,"at Acre only about 40 houses fell, four people were killed and several injured, and the fortifications, already in ruins, were damaged. In the district of Acre the earthquake killed in all 141 people (AM after Waghorn 1837)."
359,1837 Jan 01  (16:35),1837.00000000,MA,7.10000000,Vr,Shefar'am,35.09000000,32.82000000,4,Heavy,Many casualties,8,8.00000000,U,-1.00000000,NULL,NULL,225,NULL,7,4,86 houses were ruined and 139 heavily damaged; also seven people were killed and four injured (AM after Thomson 1837).
359,1837 Jan 01  (16:35),1837.00000000,MA,7.10000000,Vr,Migdal,35.49000000,32.83000000,4,Heavy,U,7-8,7.50000000,U,-1.00000000,NULL,NULL,NULL,NULL,NULL,NULL,"Mijdal, on the western coast of Lake Tiberias, was destroyed (AM)"
359,1837 Jan 01  (16:35),1837.00000000,MA,7.10000000,Vr,Irbid,35.84000000,32.56000000,5,Severe,U,8-9,8.50000000,U,-1.00000000,NULL,NULL,NULL,NULL,NULL,NULL,Irbid was totally ruined
359,1837 Jan 01  (16:35),1837.00000000,MA,7.10000000,Vr,Tiberias,35.54223594,32.78604531,5,Severe,Many casualties,9,9.00000000,U,-1.00000000,NULL,NULL,NULL,NULL,922,NULL,"About two thirds of the houses in Tiberias, most of them built of stone masonry, together with a large part of the walls, the bazaar, minarets, the mosque and the church of St Peter, collapsed, killing 922 people, of whom 500 were Jews, 300 Moslems and 22 Christians, and injuring 65. These figures may include casualties from 17 settlements in the environs, which were destroyed but are not named in the returns. The castle was ruined, and its towers began to lean. The baths, which had been built in 1833, were not damaged, but the yield of the hot spring and fountains increased temporarily. The town was not restored until after 1846 ([1, 6]; Thomson 1837; 1859; Shkelov 1837; Olim 1843; Montefiori 1844; F¨ urst 1847; Beldam 1851; Robinson 1856; Pfeiffer 1856; Frankl 1858; Kerhardene 1859; Jenner 1873; Layard 1887; Italiander 1979) (AM). 
Damaged localities: The walls, bazzar, minarets, mosque, St. Peter Church, the Castle, the baths (built in 1833), ‘Sephardim’, ‘Hasidim’ and ‘Prushim’ Synagogues localities around Tiberias: Lubiya, Kafr Sabt, Shadjara, Kafr Kenna, Saffuriya, Reina, around Lake Tiberias: Simakh was destroyed and 5 people were killed Hadatha, Alam, Sirin, Kherbet Baka’a and Danna were partly ruined without loss of life. In the Bahsan, fire was seen coming out of the ground"
359,1837 Jan 01  (16:35),1837.00000000,MA,7.10000000,Vr,Lubya,35.42000000,32.77000000,5,Severe,Many casualties,8-9,8.50000000,U,-1.00000000,NULL,NULL,NULL,NULL,143,NULL,Lubiya was totally destroyed and 143 people were killed (AM after Thomson 1837; Beldam 1851).
359,1837 Jan 01  (16:35),1837.00000000,MA,7.10000000,Vr,Kafr Sabt,35.34000000,32.75000000,4,Heavy,No casualties,7-8,7.50000000,U,-1.00000000,NULL,NULL,NULL,NULL,NULL,NULL,"Kafr Sabt was ruined by the shock, without loss of life (AM after Gu´ erin 1880)."
359,1837 Jan 01  (16:35),1837.00000000,MA,7.10000000,Vr,Shadjara,35.45000000,32.64000000,4,Heavy,Many casualties,7-8,7.50000000,U,-1.00000000,NULL,NULL,NULL,NULL,50,NULL,Shadjara was also ruined and 50 people died (AM after Calman 1837; Thomson 1837).
359,1837 Jan 01  (16:35),1837.00000000,MA,7.10000000,Vr,Kafr Qana,35.34000000,32.75000000,2,Light,No casualties,6,6.00000000,U,-1.00000000,NULL,NULL,NULL,NULL,NULL,NULL,"In contrast, Kafr Kenna suffered negligible damage and no loss of life (AM after Calman 1837; Thomson 1837)"
359,1837 Jan 01  (16:35),1837.00000000,MA,7.10000000,Vr,Reina,35.29000000,32.71000000,5,Severe,Many casualties,8,8.00000000,U,-1.00000000,NULL,NULL,NULL,NULL,200,NULL,"Reina was obliterated, resulting in the loss of about 200 lives
(AM after Calman 1837; Thomson 1837; Robinson 1856)."
359,1837 Jan 01  (16:35),1837.00000000,MA,7.10000000,Vr,Nazareth,35.29000000,32.70000000,3,Moderate,"Few casualties

",7,7.00000000,U,-1.00000000,NULL,NULL,NULL,NULL,NULL,NULL,"Contrary to early reports, damage in Nazareth was not excessive. Only one house collapsed and about one quarter of the dwellings in the town suffered various degrees of damage. The hostel of the convent collapsed and an external cornice of the church of the Annunciation fell, killing four people. In all seven people were killed. The reported destruction in the northeastern part of Nazareth in fact refers to the cumulative losses suffered by settlements in the whole of its district, already accounted for in the returns, that amounted to 373 houses destroyed and 425 ruined, with 162 people killed and 13 injured (AM after Thomson 1837; Waghorn 1837; Vissino 1840; Schubert 1840; Blondel 1843; Beldam 1851; Robinson 1856; Tobler 1868)."
359,1837 Jan 01  (16:35),1837.00000000,MA,7.10000000,Vr,Tzemach,35.58000000,32.70000000,4,Heavy,"Few casualties

",8,8.00000000,U,-1.00000000,NULL,NULL,NULL,NULL,5,NULL,South and southwest of Lake Tiberias the settlement of Simakh was also destroyed and five people were killed (AM)
359,1837 Jan 01  (16:35),1837.00000000,MA,7.10000000,Vr,Hadatha,35.51000000,32.72000000,3,Moderate,No casualties,6-7,6.50000000,U,-1.00000000,NULL,NULL,NULL,NULL,NULL,NULL,"Hadatha, Ulam, Sirin, Kherbet Baka’a and Danna were damaged without loss of life (AM after Waghorn 1837, Gu´ erin 1880)"
359,1837 Jan 01  (16:35),1837.00000000,MA,7.10000000,Vr,Ulam,35.32000000,32.64000000,3,Moderate,No casualties,6-7,6.50000000,U,-1.00000000,NULL,NULL,NULL,NULL,NULL,NULL,"Hadatha, Ulam, Sirin, Kherbet Baka’a and Danna were damaged without loss of life (AM after Waghorn 1837, Gu´ erin 1880)"
359,1837 Jan 01  (16:35),1837.00000000,MA,7.10000000,Vr,Sirin,35.52000000,32.64000000,3,Moderate,No casualties,6-7,6.50000000,U,-1.00000000,NULL,NULL,NULL,NULL,NULL,NULL,"Hadatha, Ulam, Sirin, Kherbet Baka’a and Danna were damaged without loss of life (AM after Waghorn 1837, Gu´ erin 1880)"
359,1837 Jan 01  (16:35),1837.00000000,MA,7.10000000,Vr,Kh. Baka'a,35.50000000,32.67000000,3,Moderate,No casualties,6-7,6.50000000,U,-1.00000000,NULL,NULL,NULL,NULL,NULL,NULL,"Hadatha, Ulam, Sirin, Kherbet Baka’a and Danna were damaged without loss of life (AM after Waghorn 1837, Gu´ erin 1880)"
359,1837 Jan 01  (16:35),1837.00000000,MA,7.10000000,Vr,Danna,35.53000000,32.65000000,3,Moderate,No casualties,6-7,6.50000000,U,-1.00000000,NULL,NULL,NULL,NULL,NULL,NULL,"Hadatha, Ulam, Sirin, Kherbet Baka’a and Danna were damaged without loss of life (AM after Waghorn 1837, Gu´ erin 1880)"
359,1837 Jan 01  (16:35),1837.00000000,MA,7.10000000,Vr,Ma'lun (U),35.28000000,32.83000000,4,Heavy,"Few casualties

",8,8.00000000,U,-1.00000000,NULL,NULL,NULL,NULL,5,NULL,"To the west, half of the houses of Ma’lun were ruined and five people were killed (AM after Waghorn 1837)."
359,1837 Jan 01  (16:35),1837.00000000,MA,7.10000000,Vr,Haifa,35.00000000,32.82000000,3,Moderate,No casualties,6-7,6.50000000,U,-1.00000000,NULL,NULL,3,NULL,NULL,NULL,"At Haifa only three houses were ruined, without casualties (AM)"
359,1837 Jan 01  (16:35),1837.00000000,MA,7.10000000,Vr,Athlit,34.92000000,32.63000000,3,Moderate,U,6,6.00000000,U,-1.00000000,NULL,NULL,NULL,NULL,NULL,NULL,at Athlith a few local dwellings and one side of the walls were damaged. The remains of the church built by the Crusaders collapsed and the rubble was transported to Acre for the construction of the fortifications of the town (AM after Waghorn 1837; Enlart 1925).
359,1837 Jan 01  (16:35),1837.00000000,MA,7.10000000,Vr,Harithiya (A),35.22000000,32.50000000,4,Heavy,Many casualties,U,-1.00000000,U,-1.00000000,NULL,NULL,NULL,NULL,18,NULL,"In the region of Harithiya 15 villages, which are not named
in the sources, were ruined and 18 people were killed (AM)"
359,1837 Jan 01  (16:35),1837.00000000,MA,7.10000000,Vr,Arraba,35.22000000,32.31000000,2,Light,U,5-6,5.50000000,U,-1.00000000,NULL,NULL,NULL,NULL,NULL,NULL,"In Arraba and Ajja damage was slight, and in Attil only two houses collapsed, while at Qaqun there was little damage and only a portion of the citadel collapsed, but in Jaba and in its environs 99 houses collapsed and 151 were damaged, and 23 people were killed (AM)."
359,1837 Jan 01  (16:35),1837.00000000,MA,7.10000000,Vr,Ajja,35.18000000,32.68000000,2,Light,U,5-6,5.50000000,U,-1.00000000,NULL,NULL,NULL,NULL,NULL,NULL,"In Arraba and Ajja damage was slight, and in Attil only two houses collapsed, while at Qaqun there was little damage and only a portion of the citadel collapsed, but in Jaba and in its environs 99 houses collapsed and 151 were damaged, and 23 people were killed (AM)."
359,1837 Jan 01  (16:35),1837.00000000,MA,7.10000000,Vr,Attil,35.06000000,32.36000000,3,Moderate,U,5-6,5.50000000,U,-1.00000000,NULL,NULL,2,NULL,NULL,NULL,"In Arraba and Ajja damage was slight, and in Attil only two houses collapsed, while at Qaqun there was little damage and only a portion of the citadel collapsed, but in Jaba and in its environs 99 houses collapsed and 151 were damaged, and 23 people were killed (AM)."
359,1837 Jan 01  (16:35),1837.00000000,MA,7.10000000,Vr,Qaqun,34.98000000,32.35000000,2,Light,U,6,6.00000000,U,-1.00000000,NULL,NULL,NULL,NULL,NULL,NULL,"In Arraba and Ajja damage was slight, and in Attil only two houses collapsed, while at Qaqun there was little damage and only a portion of the citadel collapsed, but in Jaba and in its environs 99 houses collapsed and 151 were damaged, and 23 people were killed (AM)."
359,1837 Jan 01  (16:35),1837.00000000,MA,7.10000000,Vr,Migdal Yava,34.94000000,32.07000000,4,Heavy,Many casualties,8,8.00000000,U,-1.00000000,NULL,NULL,250,NULL,23,NULL,"In Arraba and Ajja damage was slight, and in Attil only two houses collapsed, while at Qaqun there was little damage and only a portion of the citadel collapsed, but in Jaba and in its environs 99 houses collapsed and 151 were damaged, and 23 people were killed (AM)."
359,1837 Jan 01  (16:35),1837.00000000,MA,7.10000000,Vr,Burqa,35.24000000,32.19000000,2,Light,No casualties,5-6,5.50000000,U,-1.00000000,NULL,NULL,NULL,NULL,NULL,NULL,"Burqa and other nearby villages also suffered some slight damage, without casualties (AM)"
359,1837 Jan 01  (16:35),1837.00000000,MA,7.10000000,Vr,Tubas,35.36000000,32.32000000,4,Heavy,U,7-8,7.50000000,U,-1.00000000,NULL,NULL,NULL,NULL,NULL,NULL,Tubas was severely damaged (AM)
359,1837 Jan 01  (16:35),1837.00000000,MA,7.10000000,Vr,Ajloon,35.74000000,32.32000000,3,Moderate,U,6-7,6.50000000,U,-1.00000000,NULL,NULL,NULL,NULL,NULL,NULL,"At Ajlun and Jerash there was also some damage. During the earthquake free-standing columns in the ancient city of Jerash
were seen chattering on their bases but they did not collapse
(AM after Lindsay 1839; Johns 1932)."
359,1837 Jan 01  (16:35),1837.00000000,MA,7.10000000,Vr,Nablus,35.25000000,32.21000000,4,Heavy,Many casualties,8-9,8.50000000,U,-1.00000000,NULL,NULL,NULL,NULL,48,NULL,"In Nablus one quarter of the houses and a number
of shops were ruined and one quarter damaged, causing
the loss of 48 lives. The rest of the town suffered only
light damage. In the district of Nablus 150 people lost
their lives (AM after Thomson 1837; Neman 1837; Shkelov
1837)."
359,1837 Jan 01  (16:35),1837.00000000,MA,7.10000000,Vr,Jit,35.55000000,33.08000000,2,Light,U,5-6,5.50000000,U,-1.00000000,NULL,NULL,NULL,NULL,NULL,NULL,"Jit suffered very little, and at Zeita only one house fell, killing
two people (AM)."
359,1837 Jan 01  (16:35),1837.00000000,MA,7.10000000,Vr,Zeita,35.19000000,32.10000000,3,Moderate,"Few casualties

",6,6.00000000,U,-1.00000000,NULL,NULL,NULL,NULL,2,NULL,"Jit suffered very little, and at Zeita only one house fell, killing
two people (AM)."
359,1837 Jan 01  (16:35),1837.00000000,MA,7.10000000,Vr,Tripoli,35.83000000,34.43000000,1,Felt,U,5,5.00000000,U,-1.00000000,NULL,NULL,NULL,NULL,NULL,NULL,"At Tripoli it caused considerable concern, though no damage (AM)"
359,1837 Jan 01  (16:35),1837.00000000,MA,7.10000000,Vr,Antakya,36.16000000,36.20000000,1,Felt,U,U,-1.00000000,U,-1.00000000,NULL,NULL,NULL,NULL,NULL,NULL,In Antioch ground movements were slow and lasted intermittently for a long time.
359,1837 Jan 01  (16:35),1837.00000000,MA,7.10000000,Vr,Aleppo,37.15000000,36.21000000,1,Felt,No casualties,5,5.00000000,U,-1.00000000,NULL,NULL,NULL,NULL,NULL,NULL,In Aleppo the shock was generally felt and caused no damage anywhere in the region (AM)
359,1837 Jan 01  (16:35),1837.00000000,MA,7.10000000,Vr,Kilis,37.11000000,36.71000000,1,Felt,U,5,5.00000000,U,-1.00000000,NULL,NULL,NULL,NULL,NULL,NULL,While it was slight at Kilis and almost imperceptible at Aintab (AM)
359,1837 Jan 01  (16:35),1837.00000000,MA,7.10000000,Vr,Gaziantep/Aintab,37.11000000,37.33000000,1,Felt,U,5,5.00000000,U,-1.00000000,NULL,NULL,NULL,NULL,NULL,NULL,While it was slight at Kilis and almost imperceptible at Aintab (AM)
359,1837 Jan 01  (16:35),1837.00000000,MA,7.10000000,Vr,Adana,35.31000000,37.00000000,3,Moderate,U,6,6.00000000,U,-1.00000000,NULL,NULL,NULL,NULL,NULL,NULL,"However, in the alluvial plain of Adana the earthquake
was strong and caused some panic. Many shops in the suq Adanat al-kubra collapsed (AM)"
359,1837 Jan 01  (16:35),1837.00000000,MA,7.10000000,Vr,Payas,36.21000000,36.75000000,1,Felt,U,5,5.00000000,U,-1.00000000,NULL,NULL,NULL,NULL,NULL,NULL,"Also in the ports of Ayas (or Payas) and Iskenderun there was some alarm among European ship crews on land, who became nauseous. The shock was also reported from Tarsus, where it
was slight but widely felt (AM)."
359,1837 Jan 01  (16:35),1837.00000000,MA,7.10000000,Vr,Tartus,35.88000000,34.88000000,1,Felt,U,5,5.00000000,U,-1.00000000,NULL,NULL,NULL,NULL,NULL,NULL,"Also in the ports of Ayas (or Payas) and Iskenderun there was some alarm among European ship crews on land, who became nauseous. The shock was also reported from Tarsus, where it
was slight but widely felt (AM)."
359,1837 Jan 01  (16:35),1837.00000000,MA,7.10000000,Vr,Damascus,36.29000000,33.51000000,4,Heavy,Many casualties,7-8,7.50000000,U,-1.00000000,NULL,NULL,NULL,NULL,10,NULL,"In Damascus about 2000 houses were slightly damaged, four minarets and several houses were destroyed, and about ten people were killed or injured. The bazaars of the city were damaged and part of the city gates and the tops of several minarets, which are not named, were thrown down (AM)"
359,1837 Jan 01  (16:35),1837.00000000,MA,7.10000000,Vr,Jaffa,34.75000000,32.05000000,2,Light,U,5,5.00000000,U,-1.00000000,NULL,NULL,NULL,NULL,NULL,NULL,"At the port of Jaffa the shock threw merchandise from stacks, and in Ramla it was slow. It was said that people could not stand erect. However, there is no evidence that it caused any damage (AM)"
359,1837 Jan 01  (16:35),1837.00000000,MA,7.10000000,Vr,Ramla,34.87000000,31.92000000,1,Felt,U,4-5,4.50000000,U,-1.00000000,NULL,NULL,NULL,NULL,NULL,NULL,"At the port of Jaffa the shock threw merchandise from stacks, and in Ramla it was slow. It was said that people could not stand erect. However, there is no evidence that it caused any damage (AM)"
359,1837 Jan 01  (16:35),1837.00000000,MA,7.10000000,Vr,Tiberias - Southern Gate,29.75160000,33.67970000,2,Light,U,5,5.00000000,U,-1.00000000,NULL,NULL,NULL,NULL,NULL,NULL,"In Jerusalem the earthquake was not very strong and caused only limited damage. It is alleged that the minarets of the mosque at Kafr al-Tur, east of the city, were shaken down (AM after Calman 1837; Neman 1837)."
359,1837 Jan 01  (16:35),1837.00000000,MA,7.10000000,Vr,Jerusalem,35.23371042,31.77430227,2,Light,U,5,5.00000000,U,-1.00000000,NULL,NULL,NULL,NULL,NULL,NULL,"In Jerusalem the earthquake was not very strong and caused only limited damage. It is alleged that the minarets of the mosque at Kafr al-Tur, east of the city, were shaken down (AM after Calman 1837; Neman 1837)."
359,1837 Jan 01  (16:35),1837.00000000,MA,7.10000000,Pr,Abu-Tur,35.24000000,31.75000000,2,Light,U,5-6,5.50000000,U,-1.00000000,NULL,NULL,NULL,NULL,NULL,NULL,"In Jerusalem the earthquake was not very strong and caused only limited damage. It is alleged that the minarets of the mosque at Kafr al-Tur, east of the city, were shaken down (AM after Calman 1837; Neman 1837)."
359,1837 Jan 01  (16:35),1837.00000000,MA,7.10000000,Pr,Hebron,35.09000000,31.51000000,2,Light,U,5-6,5.50000000,U,-1.00000000,NULL,NULL,NULL,NULL,NULL,NULL,"Some slight damage was reported from Hebron, but details are lacking (AM after Neman 1837)."
359,1837 Jan 01  (16:35),1837.00000000,MA,7.10000000,Vr,Gaza,34.46000000,31.50000000,2,Light,U,5,5.00000000,U,-1.00000000,NULL,NULL,NULL,NULL,NULL,NULL,"In Gaza the shock was rather slight and, except for the customs
house, which was badly cracked, there was no
other damage (AM)"
359,1837 Jan 01  (16:35),1837.00000000,MA,7.10000000,Mr,Sea of Gali,35.58000000,32.80000000,0,None,U,U,-1.00000000,U,-1.00000000,NULL,NULL,NULL,NULL,NULL,NULL,"It is said that waves flooded the coast of Lake Tiberias, but it is not clear whether this happened before, during or after the earthquake (AM after Shkelov 1837; Kerhardene 1859)."
359,1837 Jan 01  (16:35),1837.00000000,MA,7.10000000,Hr,Hula,35.66000000,33.07000000,2,Light,U,U,-1.00000000,U,-1.00000000,NULL,NULL,NULL,NULL,NULL,NULL,NULL
359,1837 Jan 01  (16:35),1837.00000000,MA,7.10000000,Mr,Deir al-Qamar,35.56000000,33.69000000,3,Moderate,No casualties,6,6.00000000,U,-1.00000000,NULL,NULL,NULL,NULL,NULL,NULL,Was badly shaken (AM)
359,1837 Jan 01  (16:35),1837.00000000,MA,7.10000000,Hr,Abra,35.41000000,33.58000000,4,Heavy,U,8,8.00000000,U,-1.00000000,NULL,NULL,NULL,NULL,NULL,NULL,Further inland Abra and nearby Deir Mar-Elias were seriously damaged (AM after Lindsay 1839; Meryon 1845)
359,1837 Jan 01  (16:35),1837.00000000,MA,7.10000000,Vr,Salihiyah,35.44000000,33.56000000,4,Heavy,U,9,9.00000000,U,-1.00000000,NULL,NULL,NULL,NULL,NULL,NULL,Totally destroyed (AM)
359,1837 Jan 01  (16:35),1837.00000000,MA,7.10000000,Mr,Bekaa (A),36.14000000,34.00000000,4,Heavy,Many casualties,7,7.00000000,U,-1.00000000,NULL,NULL,NULL,NULL,60,NULL,"In the upper reaches of the Bekaa valley several villages were more than half destroyed and a khan, the name of which is not given, was thrown down, killing 60 people (AM)"
359,1837 Jan 01  (16:35),1837.00000000,MA,7.10000000,Mr,Hasbaya,35.68000000,33.38000000,2,Light,U,6,6.00000000,U,-1.00000000,NULL,NULL,NULL,NULL,NULL,NULL,"The shock was violent at Hashbaya, where it is not known whether it caused any damage (AM floowing Thomson 1837)."
359,1837 Jan 01  (16:35),1837.00000000,MA,7.10000000,Vr,Tyre,35.21000000,33.26000000,4,Heavy,Many casualties,8-9,8.50000000,U,-1.00000000,NULL,NULL,40,NULL,16,36,"On the coast, Sur suffered considerable damage; 40 houses, presumably old ones, collapsed on the island, killing 16 and injuring 36 people. There is some evidence that as a result of this earthquake the eastern coast of the north harbour slumped (AM based on Thomson 1837; Waghorn 1837; Bertou 1843; Prutz 1876)"
359,1837 Jan 01  (16:35),1837.00000000,MA,7.10000000,Vr,Aitarun,35.50000000,33.18000000,4,Heavy,Many casualties,7-8,7.50000000,U,-1.00000000,NULL,NULL,NULL,NULL,33,NULL," 33 people were killed (AM after Calman 1837)"
359,1837 Jan 01  (16:35),1837.00000000,MA,7.10000000,Mr,Damietta,31.81000000,31.42000000,1,Felt,U,4-5,4.50000000,U,-1.00000000,NULL,NULL,NULL,NULL,NULL,NULL,"In the southwest the earthquake was felt in the Nile Delta, at Damietta, causing water to slosh out of a container (AM)"
359,1837 Jan 01  (16:35),1837.00000000,MA,7.10000000,Mr,Egypt (A),31.49000000,28.61000000,1,Felt,U,4,4.00000000,U,-1.00000000,NULL,NULL,NULL,NULL,NULL,NULL,"Misr (Cairo?), but it was not reported from Alexandria (AM after Thomson 1837)."
359,1837 Jan 01  (16:35),1837.00000000,MA,7.10000000,Hr,Cyprus (A),33.10000000,34.98000000,1,Felt,U,4-5,4.50000000,U,-1.00000000,NULL,NULL,NULL,NULL,NULL,NULL,"In the west the earthquake was rather strong in
the ports of Famagusta and Larnaca and was felt in other
parts of Cyprus (A)"
359,1837 Jan 01  (16:35),1837.00000000,MA,7.10000000,Vr,Kafr Aqab,35.22000000,31.87000000,4,Heavy,U,U,-1.00000000,U,-1.00000000,NULL,NULL,NULL,NULL,NULL,NULL,Ambraseys (2009)
359,1837 Jan 01  (16:35),1837.00000000,MA,7.10000000,Hr,Tzipori,35.28000000,32.75000000,2,Light,U,6,6.00000000,U,-1.00000000,NULL,NULL,NULL,NULL,NULL,NULL,"Saffuriya and its church of Santa Ana also escaped entirely, with some limited damage to its ruined castle, while, next to it,Reina was obliterated, resulting in the loss of about 200 lives
(AM after Calman 1837; Thomson 1837; Robinson 1856)."
359,1837 Jan 01  (16:35),1837.00000000,MA,7.10000000,Hr,Jeresh,35.85000000,32.28000000,2,Light,U,6,6.00000000,U,-1.00000000,NULL,NULL,NULL,NULL,NULL,NULL,and east of the Jordan at Ajlun and Jerash there was also some damage (AM)
359,1837 Jan 01  (16:35),1837.00000000,MA,7.10000000,Hr,Latakia,35.77000000,35.51000000,2,Light,U,5,5.00000000,U,-1.00000000,NULL,NULL,NULL,NULL,NULL,NULL,"At Latakia it was less strong in the town but rather violent
in outlying districts (AM)"
359,1837 Jan 01  (16:35),1837.00000000,MA,7.10000000,Hr,Alexandreta,36.17000000,36.58000000,1,Felt,U,5,5.00000000,U,-1.00000000,NULL,NULL,NULL,NULL,NULL,NULL,"Also in the ports of Ayas (or Payas) and Iskenderun there was some alarm among European ship crews on land, who became nauseous. The shock was also reported from Tarsus, where it
was slight but widely felt (AM)"
359,1837 Jan 01  (16:35),1837.00000000,MA,7.10000000,Hr,Areopolis,35.73000000,31.26000000,2,Light,U,U,-1.00000000,U,-1.00000000,NULL,NULL,NULL,NULL,NULL,NULL,particulary in old sites like Dihban
359,1837 Jan 01  (16:35),1837.00000000,MA,7.10000000,Mr,St. Catherine,33.97000000,28.55000000,1,Felt,U,4-5,4.50000000,U,-1.00000000,NULL,NULL,NULL,NULL,NULL,NULL,The earthquake was reported felt from as far south as Mt Sinai (AM after St Catherine’s?; Thomson 1837)
360,1837 Jan 16,1837.20000000,A,5.50000000,Pr,Jaffa,34.75000000,32.05000000,4,Heavy,U,U,-1.00000000,U,-1.00000000,NULL,NULL,NULL,NULL,NULL,NULL,NULL
360,1837 Jan 16,1837.20000000,A,5.50000000,Pr,Nablus,35.25000000,32.21000000,4,Heavy,U,U,-1.00000000,U,-1.00000000,NULL,NULL,NULL,NULL,NULL,NULL,NULL
361,1837 Jan 22,1837.30000000,A,4.50000000,Hr,Damascus,36.29000000,33.51000000,1,Felt,U,U,-1.00000000,U,-1.00000000,NULL,NULL,NULL,NULL,NULL,NULL,NULL
362,1837 May 20,1837.40000000,A,5.50000000,Mr,Hasbaya,35.68000000,33.38000000,3,Moderate,U,U,-1.00000000,U,-1.00000000,NULL,NULL,NULL,NULL,NULL,NULL,NULL
363,1838,1838.00000000,S,NULL,U,Unspecified,35.92000000,33.29000000,0,None,U,U,-1.00000000,U,-1.00000000,NULL,NULL,NULL,NULL,NULL,NULL,No report of damage
364,1839,1839.00000000,S,5.50000000,Mr,St. Catherine,33.97000000,28.55000000,3,Moderate,U,U,-1.00000000,U,-1.00000000,NULL,NULL,NULL,NULL,NULL,NULL,NULL
365,1841 May 1,1841.00000000,C,4.50000000,Hr,Aleppo,37.15000000,36.21000000,0,None,U,U,-1.00000000,U,-1.00000000,NULL,NULL,NULL,NULL,NULL,NULL,NULL
366,1843 May 12,1843.00000000,S,NULL,Pr,Tiberias - Southern Gate,29.75160000,33.67970000,0,None,U,U,-1.00000000,U,-1.00000000,NULL,NULL,NULL,NULL,NULL,NULL,NULL
366,1843 May 12,1843.00000000,S,NULL,Pr,Jerusalem,35.23371042,31.77430227,0,None,U,U,-1.00000000,U,-1.00000000,NULL,NULL,NULL,NULL,NULL,NULL,NULL
367,1844 Sep 19,1844.00000000,MA,NULL,Hr,Aleppo,37.15000000,36.21000000,2,Light,U,U,-1.00000000,U,-1.00000000,NULL,NULL,NULL,NULL,NULL,NULL,NULL
368,1844-1845,1844.40000000,C,NULL,Pr,Tiberias - Southern Gate,29.75160000,33.67970000,1,Felt,U,U,-1.00000000,U,-1.00000000,NULL,NULL,NULL,NULL,NULL,NULL,NULL
368,1844-1845,1844.40000000,C,NULL,Pr,Jerusalem,35.23371042,31.77430227,1,Felt,U,U,-1.00000000,U,-1.00000000,NULL,NULL,NULL,NULL,NULL,NULL,NULL
370,1845 Feb 15,1845.20000000,C,NULL,U,Unspecified,35.92000000,33.29000000,0,None,U,U,-1.00000000,U,-1.00000000,NULL,NULL,NULL,NULL,NULL,NULL,No report of damage
370,1845 Feb 15,1845.20000000,C,NULL,Mr,Beirut,35.48000000,33.89000000,0,None,U,U,-1.00000000,U,-1.00000000,NULL,NULL,NULL,NULL,NULL,NULL,NULL
370,1845 Feb 15,1845.20000000,C,NULL,Mr,Damascus,36.29000000,33.51000000,0,None,U,U,-1.00000000,U,-1.00000000,NULL,NULL,NULL,NULL,NULL,NULL,NULL
371,1846 Jan 8,1846.00000000,C,NULL,U,Unspecified,35.92000000,33.29000000,0,None,U,U,-1.00000000,U,-1.00000000,NULL,NULL,NULL,NULL,NULL,NULL,No report of damage
373,1846 Dec 3,1846.30000000,S,4.50000000,Hr,Aleppo,37.15000000,36.21000000,1,Felt,U,U,-1.00000000,U,-1.00000000,NULL,NULL,NULL,NULL,NULL,NULL,NULL
374,1848 Apr 26,1848.00000000,S,4.50000000,Pr,Dead Sea East (A),35.57000000,31.62000000,0,None,U,U,-1.00000000,U,-1.00000000,NULL,NULL,NULL,NULL,NULL,NULL,NULL
375,1849 Dec 5,1849.00000000,S,NULL,Hr,Beirut,35.48000000,33.89000000,2,Light,U,U,-1.00000000,U,-1.00000000,NULL,NULL,NULL,NULL,NULL,NULL,NULL
376,1850 Feb 12,1850.00000000,S,4.50000000,Mr,Beirut,35.48000000,33.89000000,1,Felt,U,U,-1.00000000,U,-1.00000000,NULL,NULL,NULL,NULL,NULL,NULL,NULL
376,1850 Feb 12,1850.00000000,S,4.50000000,Mr,Ein-Hamdeh,35.41000000,33.54000000,1,Felt,U,U,-1.00000000,U,-1.00000000,NULL,NULL,NULL,NULL,NULL,NULL,NULL
378,1852 Oct 16,1852.00000000,C,4.50000000,Hr,Shaizar,36.56000000,35.25000000,1,Felt,U,U,-1.00000000,U,-1.00000000,NULL,NULL,NULL,NULL,NULL,NULL,NULL
379,1853 May 19,1853.00000000,S,4.50000000,U,Damascus,36.29000000,33.51000000,0,None,U,U,-1.00000000,U,-1.00000000,NULL,NULL,NULL,NULL,NULL,NULL,TODO
381,1854 Nov 3,1854.00000000,S,4.50000000,Pr,Dead Sea East (A),35.57000000,31.62000000,1,Felt,U,U,-1.00000000,U,-1.00000000,NULL,NULL,NULL,NULL,NULL,NULL,at Ghor al-Dirrah
381,1854 Nov 3,1854.00000000,S,4.50000000,Pr,Tiberias - Southern Gate,29.75160000,33.67970000,1,Felt,U,U,-1.00000000,U,-1.00000000,NULL,NULL,NULL,NULL,NULL,NULL,NULL
381,1854 Nov 3,1854.00000000,S,4.50000000,Pr,Jerusalem,35.23371042,31.77430227,1,Felt,U,U,-1.00000000,U,-1.00000000,NULL,NULL,NULL,NULL,NULL,NULL,NULL
382,1854,1854.20000000,S,4.50000000,U,Unspecified,35.92000000,33.29000000,0,None,U,U,-1.00000000,U,-1.00000000,NULL,NULL,NULL,NULL,NULL,NULL,No report of damage
390,1855 Jul 10,1855.00000000,S,4.50000000,Mr,Beirut,35.48000000,33.89000000,1,Felt,U,U,-1.00000000,U,-1.00000000,NULL,NULL,NULL,NULL,NULL,NULL,NULL
390,1855 Jul 10,1855.00000000,S,4.50000000,Mr,Ein-Hamdeh,35.41000000,33.54000000,1,Felt,U,U,-1.00000000,U,-1.00000000,NULL,NULL,NULL,NULL,NULL,NULL,NULL
393,1856 Sep 28,1856.00000000,S,4.50000000,Mr,Beirut,35.48000000,33.89000000,1,Felt,U,U,-1.00000000,U,-1.00000000,NULL,NULL,NULL,NULL,NULL,NULL,NULL
395,1856 Oct 12,1856.20000000,S,NULL,Mr,Beirut,35.48000000,33.89000000,1,Felt,U,U,-1.00000000,U,-1.00000000,NULL,NULL,NULL,NULL,NULL,NULL,NULL
397,1857 Mar 6,1857.00000000,S,4.50000000,Mr,Aleppo,37.15000000,36.21000000,0,None,U,U,-1.00000000,U,-1.00000000,NULL,NULL,NULL,NULL,NULL,NULL,NULL
399,1857 Sep 21,1857.20000000,S,4.50000000,Pr,Tiberias - Southern Gate,29.75160000,33.67970000,1,Felt,U,U,-1.00000000,U,-1.00000000,NULL,NULL,NULL,NULL,NULL,NULL,NULL
399,1857 Sep 21,1857.20000000,S,4.50000000,Pr,Jerusalem,35.23371042,31.77430227,1,Felt,U,U,-1.00000000,U,-1.00000000,NULL,NULL,NULL,NULL,NULL,NULL,NULL
403,1859 Jan 28,1859.00000000,S,NULL,Mr,Beirut,35.48000000,33.89000000,2,Light,U,U,-1.00000000,U,-1.00000000,NULL,NULL,NULL,NULL,NULL,NULL,NULL
406,1859 Oct 24 (05:15),1859.20000000,S,5.50000000,Hr,Tiberias - Southern Gate,29.75160000,33.67970000,2,Light,U,U,-1.00000000,U,-1.00000000,NULL,NULL,NULL,NULL,NULL,NULL,NULL
406,1859 Oct 24 (05:15),1859.20000000,S,5.50000000,Hr,Jerusalem,35.23371042,31.77430227,2,Light,U,U,-1.00000000,U,-1.00000000,NULL,NULL,NULL,NULL,NULL,NULL,NULL
413,1863 Sep 24 (20:15),1863.20000000,S,4.50000000,Hr,Tiberias - Southern Gate,29.75160000,33.67970000,1,Felt,U,U,-1.00000000,U,-1.00000000,NULL,NULL,NULL,NULL,NULL,NULL,NULL
413,1863 Sep 24 (20:15),1863.20000000,S,4.50000000,Hr,Jerusalem,35.23371042,31.77430227,1,Felt,U,U,-1.00000000,U,-1.00000000,NULL,NULL,NULL,NULL,NULL,NULL,NULL
414,1864 Feb 19 (midnight),1864.00000000,S,4.50000000,Hr,Tiberias - Southern Gate,29.75160000,33.67970000,1,Felt,U,U,-1.00000000,U,-1.00000000,NULL,NULL,NULL,NULL,NULL,NULL,NULL
414,1864 Feb 19 (midnight),1864.00000000,S,4.50000000,Hr,Jerusalem,35.23371042,31.77430227,1,Felt,U,U,-1.00000000,U,-1.00000000,NULL,NULL,NULL,NULL,NULL,NULL,NULL
415,1864 Mar 24 (02:30),1864.20000000,S,4.50000000,Hr,Tiberias - Southern Gate,29.75160000,33.67970000,1,Felt,U,U,-1.00000000,U,-1.00000000,NULL,NULL,NULL,NULL,NULL,NULL,NULL
415,1864 Mar 24 (02:30),1864.20000000,S,4.50000000,Hr,Jerusalem,35.23371042,31.77430227,1,Felt,U,U,-1.00000000,U,-1.00000000,NULL,NULL,NULL,NULL,NULL,NULL,NULL
416,1864 Aug 15,1864.30000000,S,NULL,Hr,Aleppo,37.15000000,36.21000000,1,Felt,U,U,-1.00000000,U,-1.00000000,NULL,NULL,NULL,NULL,NULL,NULL,NULL
419,1867 Apr 14,1867.00000000,S,NULL,Mr,Damascus,36.29000000,33.51000000,0,None,U,U,-1.00000000,U,-1.00000000,NULL,NULL,NULL,NULL,NULL,NULL,NULL
420,1868 Jan 24 (15:50),1868.00000000,S,4.50000000,Hr,Tiberias - Southern Gate,29.75160000,33.67970000,1,Felt,U,U,-1.00000000,U,-1.00000000,NULL,NULL,NULL,NULL,NULL,NULL,NULL
420,1868 Jan 24 (15:50),1868.00000000,S,4.50000000,Hr,Jerusalem,35.23371042,31.77430227,1,Felt,U,U,-1.00000000,U,-1.00000000,NULL,NULL,NULL,NULL,NULL,NULL,NULL
422,1868 Apr 16,1868.30000000,MA,NULL,Hr,Aleppo,37.15000000,36.21000000,1,Felt,U,U,-1.00000000,U,-1.00000000,NULL,NULL,NULL,NULL,NULL,NULL,NULL
423,1868 Oct 7 (19:30),1868.40000000,S,4.50000000,Hr,Tiberias - Southern Gate,29.75160000,33.67970000,1,Felt,U,U,-1.00000000,U,-1.00000000,NULL,NULL,NULL,NULL,NULL,NULL,NULL
423,1868 Oct 7 (19:30),1868.40000000,S,4.50000000,Hr,Jerusalem,35.23371042,31.77430227,1,Felt,U,U,-1.00000000,U,-1.00000000,NULL,NULL,NULL,NULL,NULL,NULL,NULL
424,1870 Jan 2,1870.00000000,S,4.50000000,Mr,Aleppo,37.15000000,36.21000000,0,None,U,U,-1.00000000,U,-1.00000000,NULL,NULL,NULL,NULL,NULL,NULL,NULL
427,1873 Feb 9,1873.00000000,S,4.50000000,Hr,Antakya,36.16000000,36.20000000,1,Felt,U,U,-1.00000000,U,-1.00000000,NULL,NULL,NULL,NULL,NULL,NULL,NULL
428,1873 Feb 14,1873.20000000,S,4.50000000,Mr,Tyre,35.21000000,33.26000000,1,Felt,U,U,-1.00000000,U,-1.00000000,NULL,NULL,NULL,NULL,NULL,NULL,NULL
428,1873 Feb 14,1873.20000000,S,4.50000000,Mr,Akko,35.07000000,32.92000000,1,Felt,U,U,-1.00000000,U,-1.00000000,NULL,NULL,NULL,NULL,NULL,NULL,NULL
428,1873 Feb 14,1873.20000000,S,4.50000000,Pr,Tiberias - Southern Gate,29.75160000,33.67970000,1,Felt,U,U,-1.00000000,U,-1.00000000,NULL,NULL,NULL,NULL,NULL,NULL,NULL
428,1873 Feb 14,1873.20000000,S,4.50000000,Pr,Jerusalem,35.23371042,31.77430227,1,Felt,U,U,-1.00000000,U,-1.00000000,NULL,NULL,NULL,NULL,NULL,NULL,NULL
428,1873 Feb 14,1873.20000000,S,4.50000000,Mr,Beirut,35.48000000,33.89000000,1,Felt,U,U,-1.00000000,U,-1.00000000,NULL,NULL,NULL,NULL,NULL,NULL,NULL
428,1873 Feb 14,1873.20000000,S,4.50000000,Hr,Tiberias - Southern Gate,29.75160000,33.67970000,1,Felt,No casualties,U,-1.00000000,U,-1.00000000,NULL,NULL,NULL,NULL,NULL,NULL,"Slight tremor in Jerusalem (Royal Commision on Historical Manuscripts, 1975. Report on the papers of the Palestine Exploration Fund: Western Survey 1871-1902, 10)"
428,1873 Feb 14,1873.20000000,S,4.50000000,Hr,Jerusalem,35.23371042,31.77430227,1,Felt,No casualties,U,-1.00000000,U,-1.00000000,NULL,NULL,NULL,NULL,NULL,NULL,"Slight tremor in Jerusalem (Royal Commision on Historical Manuscripts, 1975. Report on the papers of the Palestine Exploration Fund: Western Survey 1871-1902, 10)"
429,1873 Jun 29 (02:30),1873.30000000,S,4.50000000,Hr,Tiberias - Southern Gate,29.75160000,33.67970000,1,Felt,U,U,-1.00000000,U,-1.00000000,NULL,NULL,NULL,NULL,NULL,NULL,NULL
429,1873 Jun 29 (02:30),1873.30000000,S,4.50000000,Hr,Jerusalem,35.23371042,31.77430227,1,Felt,U,U,-1.00000000,U,-1.00000000,NULL,NULL,NULL,NULL,NULL,NULL,NULL
429,1873 Jun 29 (02:30),1873.30000000,S,4.50000000,Hr,Jaffa,34.75000000,32.05000000,1,Felt,U,U,-1.00000000,U,-1.00000000,NULL,NULL,NULL,NULL,NULL,NULL,NULL
429,1873 Jun 29 (02:30),1873.30000000,S,4.50000000,Vr,Jaffa,34.75000000,32.05000000,1,Felt,U,U,-1.00000000,U,-1.00000000,NULL,NULL,NULL,NULL,NULL,NULL,NULL
430,1874 Feb 13,1874.00000000,S,NULL,Hr,Tiberias - Southern Gate,29.75160000,33.67970000,1,Felt,No casualties,U,-1.00000000,U,-1.00000000,NULL,NULL,NULL,NULL,NULL,NULL,"In the report of the Royal Commision on Historical Manuscripts from 1975 on the PEF western survey there is a report of  """"a small earthquake tremor in J. “[Jerusalem, my interpretation] . No other reporting source at the time but the British reports tend to be highy reliable."
430,1874 Feb 13,1874.00000000,S,NULL,Hr,Jerusalem,35.23371042,31.77430227,1,Felt,No casualties,U,-1.00000000,U,-1.00000000,NULL,NULL,NULL,NULL,NULL,NULL,"In the report of the Royal Commision on Historical Manuscripts from 1975 on the PEF western survey there is a report of  """"a small earthquake tremor in J. “[Jerusalem, my interpretation] . No other reporting source at the time but the British reports tend to be highy reliable."
431,1874 Mar 03 (01:40),1874.20000000,S,NULL,Hr,Tiberias - Southern Gate,29.75160000,33.67970000,1,Felt,U,U,-1.00000000,U,-1.00000000,NULL,NULL,NULL,NULL,NULL,NULL,NULL
431,1874 Mar 03 (01:40),1874.20000000,S,NULL,Hr,Jerusalem,35.23371042,31.77430227,1,Felt,U,U,-1.00000000,U,-1.00000000,NULL,NULL,NULL,NULL,NULL,NULL,NULL
432,1875 Mar 28 (02:48),1875.00000000,S,4.50000000,Hr,Tiberias - Southern Gate,29.75160000,33.67970000,1,Felt,No casualties,U,-1.00000000,U,-1.00000000,NULL,NULL,NULL,NULL,NULL,NULL,NULL
432,1875 Mar 28 (02:48),1875.00000000,S,4.50000000,Hr,Jerusalem,35.23371042,31.77430227,1,Felt,No casualties,U,-1.00000000,U,-1.00000000,NULL,NULL,NULL,NULL,NULL,NULL,NULL
433,1875 Aug 21,1875.20000000,S,NULL,Hr,Antakya,36.16000000,36.20000000,2,Light,U,U,-1.00000000,U,-1.00000000,NULL,NULL,NULL,NULL,NULL,NULL,NULL
433,1875 Aug 21,1875.20000000,S,NULL,Hr,Alexandreta,36.17000000,36.58000000,1,Felt,U,U,-1.00000000,U,-1.00000000,NULL,NULL,NULL,NULL,NULL,NULL,NULL
434,1875 Nov 9,1875.30000000,C,NULL,Hr,Antakya,36.16000000,36.20000000,1,Felt,U,U,-1.00000000,U,-1.00000000,NULL,NULL,NULL,NULL,NULL,NULL,NULL
435,1876 Nov 21 (01:00),1876.00000000,S,4.50000000,Pr,Nazareth,35.29000000,32.70000000,1,Felt,U,U,-1.00000000,U,-1.00000000,NULL,NULL,NULL,NULL,NULL,NULL,NULL
436,1877 Feb 15 (07:15),1877.00000000,S,4.50000000,Hr,Tiberias - Southern Gate,29.75160000,33.67970000,1,Felt,U,U,-1.00000000,U,-1.00000000,NULL,NULL,NULL,NULL,NULL,NULL,NULL
436,1877 Feb 15 (07:15),1877.00000000,S,4.50000000,Hr,Jerusalem,35.23371042,31.77430227,1,Felt,U,U,-1.00000000,U,-1.00000000,NULL,NULL,NULL,NULL,NULL,NULL,NULL
437,1877 Mar 14 (06:15),1877.20000000,S,4.50000000,Hr,Tiberias - Southern Gate,29.75160000,33.67970000,1,Felt,U,U,-1.00000000,U,-1.00000000,NULL,NULL,NULL,NULL,NULL,NULL,NULL
437,1877 Mar 14 (06:15),1877.20000000,S,4.50000000,Hr,Jerusalem,35.23371042,31.77430227,1,Felt,U,U,-1.00000000,U,-1.00000000,NULL,NULL,NULL,NULL,NULL,NULL,NULL
438,1877 Nov 15,1877.30000000,S,4.50000000,Mr,Aleppo,37.15000000,36.21000000,0,None,U,U,-1.00000000,U,-1.00000000,NULL,NULL,NULL,NULL,NULL,NULL,NULL
439,1879 May 19 (06:00),1879.00000000,S,4.50000000,Hr,Haifa,35.00000000,32.82000000,1,Felt,U,U,-1.00000000,U,-1.00000000,NULL,NULL,NULL,NULL,NULL,NULL,NULL
441,1879 Dec 31 (09:00),1879.20000000,S,4.50000000,Hr,Tiberias - Southern Gate,29.75160000,33.67970000,1,Felt,U,U,-1.00000000,U,-1.00000000,NULL,NULL,NULL,NULL,NULL,NULL,NULL
441,1879 Dec 31 (09:00),1879.20000000,S,4.50000000,Hr,Jerusalem,35.23371042,31.77430227,1,Felt,U,U,-1.00000000,U,-1.00000000,NULL,NULL,NULL,NULL,NULL,NULL,NULL
443,1884 Jun 5,1884.00000000,S,NULL,Hr,Aleppo,37.15000000,36.21000000,1,Felt,U,U,-1.00000000,U,-1.00000000,NULL,NULL,NULL,NULL,NULL,NULL,NULL
444,1885 Mar 13 (11:00),1885.00000000,S,4.50000000,Pr,Tiberias - Southern Gate,29.75160000,33.67970000,1,Felt,U,U,-1.00000000,U,-1.00000000,NULL,NULL,NULL,NULL,NULL,NULL,NULL
444,1885 Mar 13 (11:00),1885.00000000,S,4.50000000,Pr,Jerusalem,35.23371042,31.77430227,1,Felt,U,U,-1.00000000,U,-1.00000000,NULL,NULL,NULL,NULL,NULL,NULL,NULL
445,1889 Aug 23 (19:00),1889.00000000,S,4.50000000,Mr,Safed,35.48000000,32.96000000,1,Felt,U,U,-1.00000000,U,-1.00000000,NULL,NULL,NULL,NULL,NULL,NULL,NULL
446,1889 Dec 11 (00:25),1889.20000000,S,4.50000000,Mr,Tiberias - Southern Gate,29.75160000,33.67970000,1,Felt,U,U,-1.00000000,U,-1.00000000,NULL,NULL,NULL,NULL,NULL,NULL,NULL
446,1889 Dec 11 (00:25),1889.20000000,S,4.50000000,Mr,Jerusalem,35.23371042,31.77430227,1,Felt,U,U,-1.00000000,U,-1.00000000,NULL,NULL,NULL,NULL,NULL,NULL,NULL
447,1893 Jan 12 (04:00),1893.00000000,S,4.50000000,Mr,Tiberias - Southern Gate,29.75160000,33.67970000,1,Felt,U,U,-1.00000000,U,-1.00000000,NULL,NULL,NULL,NULL,NULL,NULL,NULL
447,1893 Jan 12 (04:00),1893.00000000,S,4.50000000,Mr,Jerusalem,35.23371042,31.77430227,1,Felt,U,U,-1.00000000,U,-1.00000000,NULL,NULL,NULL,NULL,NULL,NULL,NULL
448,1893 Feb,1893.20000000,S,4.50000000,Mr,Antakya,36.16000000,36.20000000,1,Felt,U,U,-1.00000000,U,-1.00000000,NULL,NULL,NULL,NULL,NULL,NULL,NULL
449,1893 Mar 4,1893.30000000,S,4.50000000,Mr,Aleppo,37.15000000,36.21000000,1,Felt,U,U,-1.00000000,U,-1.00000000,NULL,NULL,NULL,NULL,NULL,NULL,NULL
449,1893 Mar 4,1893.30000000,S,4.50000000,Mr,Latakia,35.77000000,35.51000000,1,Felt,U,U,-1.00000000,U,-1.00000000,NULL,NULL,NULL,NULL,NULL,NULL,NULL
450,1893 Mar,1893.40000000,S,NULL,U,Unspecified,35.92000000,33.29000000,0,None,U,U,-1.00000000,U,-1.00000000,NULL,NULL,NULL,NULL,NULL,NULL,No report of damage
452,1894 Feb 13,1894.00000000,S,4.50000000,Mr,Aleppo,37.15000000,36.21000000,1,Felt,U,U,-1.00000000,U,-1.00000000,NULL,NULL,NULL,NULL,NULL,NULL,NULL
453,1896 May 2,1896.00000000,U,NULL,U,Unspecified,35.92000000,33.29000000,0,None,U,U,-1.00000000,U,-1.00000000,NULL,NULL,NULL,NULL,NULL,NULL,Probably False event
455,1896 Aug 27,1896.30000000,S,NULL,Hr,Mamshit,35.06000000,31.02000000,2,Light,No casualties,U,-1.00000000,U,-1.00000000,NULL,NULL,NULL,NULL,NULL,NULL,NULL
456,1897 Jul 26,1897.20000000,S,NULL,Hr,Cyprus (A),33.10000000,34.98000000,1,Felt,No casualties,U,-1.00000000,U,-1.00000000,NULL,NULL,NULL,NULL,NULL,NULL,NULL
457,1898 Mar 19,1898.00000000,S,4.50000000,Mr,Haifa,35.00000000,32.82000000,1,Felt,U,U,-1.00000000,U,-1.00000000,NULL,NULL,NULL,NULL,NULL,NULL,NULL
457,1898 Mar 19,1898.00000000,S,4.50000000,Mr,Carmel Mt.,35.03000000,32.75000000,1,Felt,U,U,-1.00000000,U,-1.00000000,NULL,NULL,NULL,NULL,NULL,NULL,NULL
458,1898 Apr 13,1898.20000000,S,4.50000000,Pr,Beirut,35.48000000,33.89000000,1,Felt,U,U,-1.00000000,U,-1.00000000,NULL,NULL,NULL,NULL,NULL,NULL,NULL
459,1898 Sep 21,1898.30000000,C,NULL,Hr,Mamshit,35.06000000,31.02000000,1,Felt,No casualties,U,-1.00000000,U,-1.00000000,NULL,NULL,NULL,NULL,NULL,NULL,NULL
460,1899 Jan 25,1899.00000000,C,NULL,Hr,Beirut,35.48000000,33.89000000,1,Felt,U,U,-1.00000000,U,-1.00000000,NULL,NULL,NULL,NULL,NULL,NULL,NULL
460,1899 Jan 25,1899.00000000,C,NULL,Hr,Sidon,35.37000000,33.56000000,1,Felt,U,U,-1.00000000,U,-1.00000000,NULL,NULL,NULL,NULL,NULL,NULL,NULL
461,1899 Feb 10,1899.20000000,S,NULL,Hr,Rashaya,35.85000000,33.43000000,1,Felt,No casualties,U,-1.00000000,U,-1.00000000,NULL,NULL,NULL,NULL,NULL,NULL,NULL
461,1899 Feb 10,1899.20000000,S,NULL,Hr,Damascus,36.29000000,33.51000000,1,Felt,No casualties,U,-1.00000000,U,-1.00000000,NULL,NULL,NULL,NULL,NULL,NULL,NULL
468,1900 Jan 5,1900.00000000,S,NULL,Mr,Safed,35.48000000,32.96000000,1,Felt,No casualties,4-5,4.50000000,U,-1.00000000,NULL,NULL,NULL,NULL,NULL,NULL,"Amiran et al (1994): 00:40: 'sharp shock', rocking movement east and west, 'increasing in intensity for 10-15 seconds and then ceasing suddenly'."
468,1900 Jan 5,1900.00000000,S,NULL,Mr,Tiberias,35.54223594,32.78604531,1,Felt,No casualties,4-5,4.50000000,U,-1.00000000,NULL,NULL,NULL,NULL,NULL,NULL,"Amiran et al (1994): about midnight, severe shock, lasting 5-10 seconds, no damage. Many people spent the night in the open at Safed and Tiberias"
468,1900 Jan 5,1900.00000000,S,NULL,Mr,Nazareth,35.29000000,32.70000000,1,Felt,No casualties,5,5.00000000,U,-1.00000000,NULL,NULL,NULL,NULL,NULL,NULL,Amiran et al (1994): moderate
468,1900 Jan 5,1900.00000000,S,NULL,Mr,Haifa,35.00000000,32.82000000,1,Felt,No casualties,5,5.00000000,U,-1.00000000,NULL,NULL,NULL,NULL,NULL,NULL,"Amiran et al (1994): seconds, direction west to east"
468,1900 Jan 5,1900.00000000,S,NULL,Mr,Carmel Mt.,35.03000000,32.75000000,1,Felt,No casualties,5,5.00000000,U,-1.00000000,NULL,NULL,NULL,NULL,NULL,NULL,"Amiran et al (1994): seconds, direction south to north"
468,1900 Jan 5,1900.00000000,S,NULL,Mr,Tiberias - Southern Gate,29.75160000,33.67970000,1,Felt,No casualties,4-5,4.50000000,U,-1.00000000,NULL,NULL,NULL,NULL,NULL,NULL,Amiran et al (1994): slight shock
468,1900 Jan 5,1900.00000000,S,NULL,Mr,Jerusalem,35.23371042,31.77430227,1,Felt,No casualties,4-5,4.50000000,U,-1.00000000,NULL,NULL,NULL,NULL,NULL,NULL,Amiran et al (1994): slight shock
468,1900 Jan 5,1900.00000000,S,NULL,Mr,Hebron,35.09000000,31.51000000,1,Felt,No casualties,5,5.00000000,U,-1.00000000,NULL,NULL,NULL,NULL,NULL,NULL,Amiran et al (1994): slight shock
469,1903 Mar 29 (22:30),1903.00000000,S,5.60000000,Mr,Tiberias - Southern Gate,29.75160000,33.67970000,1,Felt,No casualties,4-5,4.50000000,U,-1.00000000,NULL,NULL,NULL,NULL,NULL,NULL,"Amiran et al (1994): foreshock 21:00-21:30, MMS III. Three main shocks, 23:05, direction north to south. Mount of Olives: MMS VII. Aftershock 03:00, MMS III."
469,1903 Mar 29 (22:30),1903.00000000,S,5.60000000,Mr,Jerusalem,35.23371042,31.77430227,1,Felt,No casualties,4-5,4.50000000,U,-1.00000000,NULL,NULL,NULL,NULL,NULL,NULL,"Amiran et al (1994): foreshock 21:00-21:30, MMS III. Three main shocks, 23:05, direction north to south. Mount of Olives: MMS VII. Aftershock 03:00, MMS III."
469,1903 Mar 29 (22:30),1903.00000000,S,5.60000000,Mr,Hebron,35.09000000,31.51000000,1,Felt,No casualties,4-5,4.50000000,U,-1.00000000,NULL,NULL,NULL,NULL,NULL,NULL,"Amiran et al (1994): 22 hours, MMS IV (or VII)."
469,1903 Mar 29 (22:30),1903.00000000,S,5.60000000,Mr,Jaffa,34.75000000,32.05000000,1,Felt,No casualties,4-5,4.50000000,U,-1.00000000,NULL,NULL,NULL,NULL,NULL,NULL,"Amiran et al (1994): 22:30-23:00, MMS VII, three horizontal shocks, direction north-west to south-east."
469,1903 Mar 29 (22:30),1903.00000000,S,5.60000000,Mr,Gaza,34.46000000,31.50000000,1,Felt,No casualties,4-5,4.50000000,U,-1.00000000,NULL,NULL,NULL,NULL,NULL,NULL,Amiran et al (1994): 22:45: three shocks within 6 seconds.
469,1903 Mar 29 (22:30),1903.00000000,S,5.60000000,Mr,Haifa,35.00000000,32.82000000,1,Felt,No casualties,5,5.00000000,U,-1.00000000,NULL,NULL,NULL,NULL,NULL,NULL,Amiran et al (1994): 23:15: MMS V.
469,1903 Mar 29 (22:30),1903.00000000,S,5.60000000,Mr,Carmel Mt.,35.03000000,32.75000000,1,Felt,No casualties,5,5.00000000,U,-1.00000000,NULL,NULL,NULL,NULL,NULL,NULL,Amiran et al (1994): 23:15: MMS V.
469,1903 Mar 29 (22:30),1903.00000000,S,5.60000000,Mr,Damascus,36.29000000,33.51000000,2,Light,No casualties,6-7,6.50000000,U,-1.00000000,NULL,NULL,NULL,NULL,NULL,NULL,Amiran et al (1994): MMS VII.
469,1903 Mar 29 (22:30),1903.00000000,S,5.60000000,Mr,Beirut,35.48000000,33.89000000,2,Light,No casualties,6-7,6.50000000,U,-1.00000000,NULL,NULL,NULL,NULL,NULL,NULL,Amiran et al (1994): MMS VII.
469,1903 Mar 29 (22:30),1903.00000000,S,5.60000000,Mr,Safed,35.48000000,32.96000000,1,Felt,No casualties,5,5.00000000,U,-1.00000000,NULL,NULL,NULL,NULL,NULL,NULL,Amiran et al (1994): MMS VII.
469,1903 Mar 29 (22:30),1903.00000000,S,5.60000000,Mr,Tiberias,35.54223594,32.78604531,1,Felt,No casualties,5-6,5.50000000,U,-1.00000000,NULL,NULL,NULL,NULL,NULL,NULL,Amiran et al (1994): MMS VII.
469,1903 Mar 29 (22:30),1903.00000000,S,5.60000000,Mr,Nazareth,35.29000000,32.70000000,1,Felt,No casualties,5,5.00000000,U,-1.00000000,NULL,NULL,NULL,NULL,NULL,NULL,Amiran et al (1994): MMS VI - VII.
469,1903 Mar 29 (22:30),1903.00000000,S,5.60000000,Mr,Nablus,35.25000000,32.21000000,1,Felt,No casualties,5-6,5.50000000,U,-1.00000000,NULL,NULL,NULL,NULL,NULL,NULL,Amiran et al (1994): MMS VII.
469,1903 Mar 29 (22:30),1903.00000000,S,5.60000000,Mr,Bet-Lehem,35.19000000,31.69000000,1,Felt,No casualties,5,5.00000000,U,-1.00000000,NULL,NULL,NULL,NULL,NULL,NULL,Amiran et al (1994): MMS VII.
469,1903 Mar 29 (22:30),1903.00000000,S,5.60000000,Mr,Jericho,35.46264709,31.86013890,1,Felt,No casualties,5,5.00000000,U,-1.00000000,NULL,NULL,NULL,NULL,NULL,NULL,Amiran et al (1994): MMS VII.
469,1903 Mar 29 (22:30),1903.00000000,S,5.60000000,Mr,Petah Tikva,34.90000000,32.09000000,1,Felt,No casualties,4-5,4.50000000,U,-1.00000000,NULL,NULL,NULL,NULL,NULL,NULL,Amiran et al (1994): MMS VII.
469,1903 Mar 29 (22:30),1903.00000000,S,5.60000000,Mr,Tel Ta'anach,35.26000000,32.55000000,1,Felt,No casualties,4-5,4.50000000,U,-1.00000000,NULL,NULL,NULL,NULL,NULL,NULL,Amiran et al (1994)
469,1903 Mar 29 (22:30),1903.00000000,S,5.60000000,Mr,Sarona,34.78000000,32.06000000,1,Felt,No casualties,5,5.00000000,U,-1.00000000,NULL,NULL,NULL,NULL,NULL,NULL,Amiran et al (1994): 22:30
469,1903 Mar 29 (22:30),1903.00000000,S,5.60000000,Mr,Yahudiah,35.66000000,32.92000000,1,Felt,No casualties,5-6,5.50000000,U,-1.00000000,NULL,NULL,NULL,NULL,NULL,NULL,Amiran et al (1994): MMS VII.
469,1903 Mar 29 (22:30),1903.00000000,S,5.60000000,Mr,Rishon le-Zion,34.85000000,32.02000000,1,Felt,No casualties,4-5,4.50000000,U,-1.00000000,NULL,NULL,NULL,NULL,NULL,NULL,Amiran et al (1994): MMS VII.
469,1903 Mar 29 (22:30),1903.00000000,S,5.60000000,Mr,Latrun,34.97000000,31.83000000,1,Felt,No casualties,5-6,5.50000000,U,-1.00000000,NULL,NULL,NULL,NULL,NULL,NULL,Amiran et al (1994): MMS VII.
470,1903 Dec 19 (00:20-00:44?),1903.20000000,C,NULL,Mr,Tiberias - Southern Gate,29.75160000,33.67970000,1,Felt,No casualties,5,5.00000000,U,-1.00000000,NULL,NULL,NULL,NULL,NULL,NULL,Amiran et al (1994)
470,1903 Dec 19 (00:20-00:44?),1903.20000000,C,NULL,Mr,Jerusalem,35.23371042,31.77430227,1,Felt,No casualties,5,5.00000000,U,-1.00000000,NULL,NULL,NULL,NULL,NULL,NULL,Amiran et al (1994)
470,1903 Dec 19 (00:20-00:44?),1903.20000000,C,NULL,Mr,Jaffa,34.75000000,32.05000000,1,Felt,No casualties,4-5,4.50000000,U,-1.00000000,NULL,NULL,NULL,NULL,NULL,NULL,Amiran et al (1994)
470,1903 Dec 19 (00:20-00:44?),1903.20000000,C,NULL,Mr,Hebron,35.09000000,31.51000000,1,Felt,No casualties,5,5.00000000,U,-1.00000000,NULL,NULL,NULL,NULL,NULL,NULL,Amiran et al (1994)
471,1907 Feb 1 (01:00),1907.00000000,S,NULL,Mr,Hebron,35.09000000,31.51000000,1,Felt,No casualties,5,5.00000000,U,-1.00000000,NULL,NULL,NULL,NULL,NULL,NULL,Amiran et al (1994)
473,1907 Jun 22 (15:32),1907.30000000,S,5.00000000,Hr,Palestine (A),35.20000000,32.39000000,1,Felt,No casualties,4-5,4.50000000,U,-1.00000000,NULL,NULL,NULL,NULL,NULL,NULL,NULL
474,1907 Jul 22 (17:40),1907.40000000,S,5.20000000,Hr,Palestine (A),35.20000000,32.39000000,1,Felt,No casualties,4-5,4.50000000,U,-1.00000000,NULL,NULL,NULL,NULL,NULL,NULL,NULL
476,1910 Jul 10 (19:54),1910.00000000,S,4.90000000,Hr,Palestine (A),35.20000000,32.39000000,1,Felt,No casualties,4-5,4.50000000,U,-1.00000000,NULL,NULL,NULL,NULL,NULL,NULL,NULL
477,1914 Jun 24 (16:40),1914.00000000,S,NULL,Pr,Tabgha,35.53000000,32.87000000,1,Felt,No casualties,5,5.00000000,U,-1.00000000,NULL,NULL,NULL,NULL,NULL,NULL,Amiran et al (1994)
478,1918 Sep 29 (12:07),1918.00000000,S,6.40000000,Hr,Syria (A),37.03000000,34.93000000,0,None,No casualties,2-3,2.50000000,U,-1.00000000,NULL,NULL,NULL,NULL,NULL,NULL,Amiran et al (1994); Ambraseys and Adams (1993)
478,1918 Sep 29 (12:07),1918.00000000,S,6.40000000,Mr,Haifa,35.00000000,32.82000000,1,Felt,No casualties,5,5.00000000,U,-1.00000000,NULL,NULL,NULL,NULL,NULL,NULL,Amiran et al (1994); Ambraseys and Adams (1993)
478,1918 Sep 29 (12:07),1918.00000000,S,6.40000000,Pr,Kalkilia,34.95000000,32.18000000,1,Felt,No casualties,5,5.00000000,U,-1.00000000,NULL,NULL,NULL,NULL,NULL,NULL," Amiran et al (1994); Ambraseys and Adams (1993)"
478,1918 Sep 29 (12:07),1918.00000000,S,6.40000000,Hr,Batrun (Botrys),35.64000000,34.25000000,1,Felt,No casualties,6-7,6.50000000,U,-1.00000000,NULL,NULL,NULL,NULL,NULL,NULL,Ambrasesyes and Adam (1993): strong shake
478,1918 Sep 29 (12:07),1918.00000000,S,6.40000000,Hr,Ghazir,35.66375931,34.01868246,2,Light,No casualties,7,7.00000000,U,-1.00000000,NULL,NULL,NULL,NULL,NULL,NULL,Ambrasesyes and Adam (1993): at Ghazir the shock caused the collapse of a bell tower and some minor damage to villages around Beirut
478,1918 Sep 29 (12:07),1918.00000000,S,6.40000000,Hr,Larnaka,33.61850709,34.91681234,1,Felt,No casualties,6-7,6.50000000,U,-1.00000000,NULL,NULL,NULL,NULL,NULL,NULL,Ambrasesyes and Adam (1993): the shock was strong in the districts of Larnaka and Ammochostos
478,1918 Sep 29 (12:07),1918.00000000,S,6.40000000,Hr,Nicosia,33.35000000,35.15000000,1,Felt,No casualties,5-6,5.50000000,U,-1.00000000,NULL,NULL,NULL,NULL,NULL,NULL,Ambrasesyes and Adam (1993)
478,1918 Sep 29 (12:07),1918.00000000,S,6.40000000,Hr,Limassol,33.00000000,34.59000000,1,Felt,No casualties,5-6,5.50000000,U,-1.00000000,NULL,NULL,NULL,NULL,NULL,NULL,Ambrasesyes and Adam (1993)
478,1918 Sep 29 (12:07),1918.00000000,S,6.40000000,Hr,Paphos,32.41000000,34.76000000,1,Felt,No casualties,5-6,5.50000000,U,-1.00000000,NULL,NULL,NULL,NULL,NULL,NULL,Ambrasesyes and Adam (1993)
480,1921 Apr-Jun,1921.20000000,C,4.50000000,Mr,Galilee (A),35.45000000,32.91000000,1,Felt,No casualties,4-5,4.50000000,U,-1.00000000,NULL,NULL,NULL,NULL,NULL,NULL,Amiran et al (1994)
480,1921 Apr-Jun,1921.20000000,C,4.50000000,Mr,Safed,35.48000000,32.96000000,1,Felt,No casualties,4-5,4.50000000,U,-1.00000000,NULL,NULL,NULL,NULL,NULL,NULL,Amiran et al (1994)
482,"1922 May 5,8 and 9",1922.20000000,C,NULL,Mr,Safed,35.48000000,32.96000000,1,Felt,No casualties,4-5,4.50000000,U,-1.00000000,NULL,NULL,NULL,NULL,NULL,NULL,Amiran et al (1994)
482,"1922 May 5,8 and 9",1922.20000000,C,NULL,Mr,Nazareth,35.29000000,32.70000000,1,Felt,No casualties,5,5.00000000,U,-1.00000000,NULL,NULL,NULL,NULL,NULL,NULL,Amiran et al (1994)
483,"1922 May 21, 22 and 23",1922.30000000,C,NULL,Mr,Safed,35.48000000,32.96000000,1,Felt,No casualties,4-5,4.50000000,U,-1.00000000,NULL,NULL,NULL,NULL,NULL,NULL,Amiran et al (1994)
483,"1922 May 21, 22 and 23",1922.30000000,C,NULL,Mr,Nazareth,35.29000000,32.70000000,1,Felt,No casualties,5,5.00000000,U,-1.00000000,NULL,NULL,NULL,NULL,NULL,NULL,Amiran et al (1994)
483,"1922 May 21, 22 and 23",1922.30000000,C,NULL,Mr,Alonei Abba,35.16000000,32.71000000,1,Felt,No casualties,5,5.00000000,U,-1.00000000,NULL,NULL,NULL,NULL,NULL,NULL,Amiran et al (1994)
483,"1922 May 21, 22 and 23",1922.30000000,C,NULL,Mr,Bet-Lehem [Galilee],35.19000000,32.73000000,1,Felt,No casualties,5,5.00000000,U,-1.00000000,NULL,NULL,NULL,NULL,NULL,NULL,Amiran et al (1994)
484,1923 Feb 27 (18:15),1923.00000000,S,5.00000000,Mr,Alonei Abba,35.16000000,32.71000000,1,Felt,No casualties,5,5.00000000,U,-1.00000000,NULL,NULL,NULL,NULL,NULL,NULL,Amiran et al (1994)
485,1923 Dec 21 (14:11),1923.20000000,S,5.00000000,Hr,Palestine (A),35.20000000,32.39000000,1,Felt,No casualties,4-5,4.50000000,U,-1.00000000,NULL,NULL,NULL,NULL,NULL,NULL,Amiran et al (1994)
487,1924 Feb 27 (20:04),1924.20000000,S,5.30000000,Hr,Palestine (A),35.20000000,32.39000000,0,None,No casualties,4-5,4.50000000,U,-1.00000000,NULL,NULL,NULL,NULL,NULL,NULL,Amiran et al (1994)
487,1924 Feb 27 (20:04),1924.20000000,S,5.30000000,Mr,Tiberias - Southern Gate,29.75160000,33.67970000,1,Felt,No casualties,4-5,4.50000000,U,-1.00000000,NULL,NULL,NULL,NULL,NULL,NULL,Amiran et al (1994)
487,1924 Feb 27 (20:04),1924.20000000,S,5.30000000,Mr,Jerusalem,35.23371042,31.77430227,1,Felt,No casualties,4-5,4.50000000,U,-1.00000000,NULL,NULL,NULL,NULL,NULL,NULL,Amiran et al (1994)
487,1924 Feb 27 (20:04),1924.20000000,S,5.30000000,Mr,Jaffa,34.75000000,32.05000000,1,Felt,No casualties,4-5,4.50000000,U,-1.00000000,NULL,NULL,NULL,NULL,NULL,NULL,Amiran et al (1994)
487,1924 Feb 27 (20:04),1924.20000000,S,5.30000000,Mr,Dara'a,35.97000000,32.59000000,1,Felt,No casualties,4-5,4.50000000,U,-1.00000000,NULL,NULL,NULL,NULL,NULL,NULL,Amiran et al (1994)
489,1926 Jun 26 (19:46),1926.00000000,S,NULL,Mr,Tiberias - Southern Gate,29.75160000,33.67970000,1,Felt,No casualties,4-5,4.50000000,U,-1.00000000,NULL,NULL,NULL,NULL,NULL,NULL,Amiran et al (1994)
489,1926 Jun 26 (19:46),1926.00000000,S,NULL,Mr,Jerusalem,35.23371042,31.77430227,1,Felt,No casualties,4-5,4.50000000,U,-1.00000000,NULL,NULL,NULL,NULL,NULL,NULL,Amiran et al (1994)
490,1927 Jul 11 (15:04),1927.00000000,S,6.25000000,Vr,Abu-Gosh,35.10000000,31.79000000,2,Light,No casualties,6,6.00000000,6-7,6.50000000,NULL,NULL,NULL,NULL,NULL,NULL,"(1) MSK values follow (Avni 1999) while correction of the MSK values was done by Zohar and Marco (2012) [ZOMA] in accordance to the site-attributes of construction quality, topographic slope, surface geology and ground water level.

(2) Crusader Church- undamaged except for small and unimportent crack in one pillar"
490,1927 Jul 11 (15:04),1927.00000000,S,6.25000000,Vr,Abu-Dis,35.26000000,31.76000000,4,Heavy,"Few casualties

",8,8.00000000,7-8,7.50000000,NULL,NULL,NULL,NULL,NULL,NULL,"(1) MSK values follow (Avni 1999) while correction of the MSK values was done by Zohar and Marco (2012) [ZOMA] in accordance to the site-attributes of construction quality, topographic slope, surface geology and ground water level."
490,1927 Jul 11 (15:04),1927.00000000,S,6.25000000,Vr,Jordan River (A),35.53000000,31.82000000,4,Heavy,U,U,-1.00000000,8-9,8.50000000,NULL,NULL,NULL,NULL,NULL,NULL,"(1) MSK values follow (Avni 1999) while correction of the MSK values was done by Zohar and Marco (2012) [ZOMA] in accordance to the site-attributes of construction quality, topographic slope, surface geology and ground water level."
490,1927 Jul 11 (15:04),1927.00000000,S,6.25000000,Vr,Yarmuch Fall,35.66000000,32.68000000,4,Heavy,U,U,-1.00000000,7,7.00000000,NULL,NULL,NULL,NULL,NULL,NULL,"(1) MSK values follow (Avni 1999) while correction of the MSK values was done by Zohar and Marco (2012) [ZOMA] in accordance to the site-attributes of construction quality, topographic slope, surface geology and ground water level."
490,1927 Jul 11 (15:04),1927.00000000,S,6.25000000,Vr,Jaffa,34.75000000,32.05000000,2,Light,No casualties,5,5.00000000,5-6,5.50000000,NULL,NULL,NULL,NULL,NULL,NULL,"(1) MSK values follow (Avni 1999) while correction of the MSK values was done by Zohar and Marco (2012) [ZOMA] in accordance to the site-attributes of construction quality, topographic slope, surface geology and ground water level.

(2) In Jaffa, too, they felt the earthquake, in dilapidated buildings seeing noticeable damage. But not in Tel Aviv."
490,1927 Jul 11 (15:04),1927.00000000,S,6.25000000,Vr,Nazareth,35.29000000,32.70000000,3,Moderate,No casualties,7-8,7.50000000,7,7.00000000,NULL,NULL,NULL,NULL,NULL,NULL,"(1) MSK values follow (Avni 1999) while correction of the MSK values was done by Zohar and Marco (2012) [ZOMA] in accordance to the site-attributes of construction quality, topographic slope, surface geology and ground water level.

(2) Some houses were demolished and some houses cracked. Part of the house of bans and most of the Christian gathering houses was destroyed."
490,1927 Jul 11 (15:04),1927.00000000,S,6.25000000,Vr,Abu-Tlul,34.87000000,31.19000000,0,None,No casualties,5,5.00000000,5,5.00000000,NULL,NULL,NULL,NULL,NULL,NULL,"(1) MSK values follow (Avni 1999) while correction of the MSK values was done by Zohar and Marco (2012) [ZOMA] in accordance to the site-attributes of construction quality, topographic slope, surface geology and ground water level."
490,1927 Jul 11 (15:04),1927.00000000,S,6.25000000,Vr,Umm al-Fahm,35.14000000,32.51000000,1,Felt,No casualties,5,5.00000000,5-6,5.50000000,NULL,NULL,NULL,NULL,NULL,NULL,"(1) MSK values follow (Avni 1999) while correction of the MSK values was done by Zohar and Marco (2012) [ZOMA] in accordance to the site-attributes of construction quality, topographic slope, surface geology and ground water level."
490,1927 Jul 11 (15:04),1927.00000000,S,6.25000000,Vr,Um-Juni,35.56000000,32.70000000,1,Felt,No casualties,6,6.00000000,7,7.00000000,NULL,NULL,NULL,NULL,NULL,NULL,"(1) MSK values follow (Avni 1999) while correction of the MSK values was done by Zohar and Marco (2012) [ZOMA] in accordance to the site-attributes of construction quality, topographic slope, surface geology and ground water level."
490,1927 Jul 11 (15:04),1927.00000000,S,6.25000000,Vr,El-Hama,35.65000000,32.68000000,2,Light,No casualties,7,7.00000000,7,7.00000000,NULL,NULL,NULL,NULL,NULL,NULL,"(1) MSK values follow (Avni 1999) while correction of the MSK values was done by Zohar and Marco (2012) [ZOMA] in accordance to the site-attributes of construction quality, topographic slope, surface geology and ground water level."
490,1927 Jul 11 (15:04),1927.00000000,S,6.25000000,Vr,El-Arish,33.76000000,31.12000000,2,Light,No casualties,5-6,5.50000000,4-5,4.50000000,NULL,NULL,NULL,NULL,NULL,NULL,"(1) MSK values follow (Avni 1999) while correction of the MSK values was done by Zohar and Marco (2012) [ZOMA] in accordance to the site-attributes of construction quality, topographic slope, surface geology and ground water level.

(2) In El Arish, a third of the houses were cracked"
490,1927 Jul 11 (15:04),1927.00000000,S,6.25000000,Vr,Alexandria,29.89000000,31.20000000,1,Felt,No casualties,3-4,3.50000000,3,3.00000000,NULL,NULL,NULL,NULL,NULL,NULL,"(1) MSK values follow (Avni 1999) while correction of the MSK values was done by Zohar and Marco (2012) [ZOMA] in accordance to the site-attributes of construction quality, topographic slope, surface geology and ground water level.

(2) A slight earthquake shock was felt at about 3.5 p.m. yesterday in Alexandria also, lasting for about one minuet."
490,1927 Jul 11 (15:04),1927.00000000,S,6.25000000,Vr,A-Salt,35.72000000,32.03000000,4,Heavy,Many casualties,8-9,8.50000000,8-9,8.50000000,NULL,NULL,600,NULL,70,NULL,"(1) MSK values follow (Avni 1999) while correction of the MSK values was done by Zohar and Marco (2012) [ZOMA] in accordance to the site-attributes of construction quality, topographic slope, surface geology and ground water level.

(2) The collapse of new and powerful buildings, in 600 of the houses you can not live anymore. 70 dead
The Greek Church became uninhabited."
490,1927 Jul 11 (15:04),1927.00000000,S,6.25000000,Vr,Irbid,35.84000000,32.56000000,4,Heavy,"Few casualties

",8,8.00000000,7-8,7.50000000,NULL,NULL,1208,NULL,15,20,"(1) MSK values follow (Avni 1999) while correction of the MSK values was done by Zohar and Marco (2012) [ZOMA] in accordance to the site-attributes of construction quality, topographic slope, surface geology and ground water level.

(2) In Irbid, 351 houses were demolished, 466 were about to fall, 391 remained without roof."
490,1927 Jul 11 (15:04),1927.00000000,S,6.25000000,Vr,A-Ram,35.23000000,31.85000000,4,Heavy,No casualties,8,8.00000000,7,7.00000000,NULL,200,200,NULL,NULL,NULL,"(1) MSK values follow (Avni 1999) while correction of the MSK values was done by Zohar and Marco (2012) [ZOMA] in accordance to the site-attributes of construction quality, topographic slope, surface geology and ground water level.
(2) Of the 200 houses in this village, only one remains that the earthquake did not damage. Many houses were completely demolished and others cracked down."
490,1927 Jul 11 (15:04),1927.00000000,S,6.25000000,Vr,Be'er Sheva,34.78000000,31.24000000,1,Felt,No casualties,4-5,4.50000000,5,5.00000000,NULL,NULL,NULL,NULL,NULL,NULL,"(1) MSK values follow (Avni 1999) while correction of the MSK values was done by Zohar and Marco (2012) [ZOMA] in accordance to the site-attributes of construction quality, topographic slope, surface geology and ground water level.
(2) From Said, the Sheikh of Azzaem and the mayor of Beersheba, the earthquake is felt but without damage"
490,1927 Jul 11 (15:04),1927.00000000,S,6.25000000,Vr,Bira,35.22000000,31.90000000,2,Light,No casualties,6,6.00000000,7-8,7.50000000,NULL,NULL,NULL,NULL,NULL,NULL,"(1) MSK values follow (Avni 1999) while correction of the MSK values was done by Zohar and Marco (2012) [ZOMA] in accordance to the site-attributes of construction quality, topographic slope, surface geology and ground water level.
(2) repairs of crack & plaster"
490,1927 Jul 11 (15:04),1927.00000000,S,6.25000000,Vr,Bet-Alfa,35.42000000,32.51000000,1,Felt,No casualties,5,5.00000000,6,6.00000000,NULL,NULL,NULL,NULL,NULL,NULL,"(1) MSK values follow (Avni 1999) while correction of the MSK values was done by Zohar and Marco (2012) [ZOMA] in accordance to the site-attributes of construction quality, topographic slope, surface geology and ground water level.
(2) A shack in Bethalpa felt it was about to roll over. Everything flipped and tools fell off the table."
490,1927 Jul 11 (15:04),1927.00000000,S,6.25000000,Vr,Bet-Jala,35.17000000,31.71000000,3,Moderate,No casualties,7-8,7.50000000,7-8,7.50000000,NULL,NULL,190,NULL,NULL,NULL,"(1) MSK values follow (Avni 1999) while correction of the MSK values was done by Zohar and Marco (2012) [ZOMA] in accordance to the site-attributes of construction quality, topographic slope, surface geology and ground water level.
(2) In Beit Jala, 30 houses were completely demolished or partially demolished, 160 needed minor repairs."
490,1927 Jul 11 (15:04),1927.00000000,S,6.25000000,Vr,Bet-Govrin,34.90000000,31.60000000,2,Light,No casualties,6,6.00000000,6,6.00000000,NULL,NULL,NULL,NULL,NULL,NULL,"(1) MSK values follow (Avni 1999) while correction of the MSK values was done by Zohar and Marco (2012) [ZOMA] in accordance to the site-attributes of construction quality, topographic slope, surface geology and ground water level.
(2) Police post, repair of arch, grouting and pointings"
490,1927 Jul 11 (15:04),1927.00000000,S,6.25000000,Vr,Bet-Gimal,34.96000000,31.71000000,3,Moderate,No casualties,7,7.00000000,6-7,6.50000000,NULL,NULL,NULL,NULL,NULL,NULL,"(1) MSK values follow (Avni 1999) while correction of the MSK values was done by Zohar and Marco (2012) [ZOMA] in accordance to the site-attributes of construction quality, topographic slope, surface geology and ground water level.
(2) The whole house is cracked, and there are cracks that reach a gap of 30 cm"
490,1927 Jul 11 (15:04),1927.00000000,S,6.25000000,Vr,Bet-HaKerem,35.19000000,31.78000000,1,Felt,No casualties,5-6,5.50000000,7,7.00000000,NULL,NULL,NULL,NULL,NULL,NULL,"(1) MSK values follow (Avni 1999) while correction of the MSK values was done by Zohar and Marco (2012) [ZOMA] in accordance to the site-attributes of construction quality, topographic slope, surface geology and ground water level."
490,1927 Jul 11 (15:04),1927.00000000,S,6.25000000,Vr,Bet-Lehem,35.19000000,31.69000000,4,Heavy,"Few casualties

",7,7.00000000,7-8,7.50000000,NULL,NULL,330,NULL,5,3,"(1) MSK values follow (Avni 1999) while correction of the MSK values was done by Zohar and Marco (2012) [ZOMA] in accordance to the site-attributes of construction quality, topographic slope, surface geology and ground water level.
(2) In the Basilica in Bethlehem there is a crack opposite the Armenian door and many in the walls of the Armenian convent."
490,1927 Jul 11 (15:04),1927.00000000,S,6.25000000,Vr,Bet-Likia,35.06000000,31.86000000,4,Heavy,Many casualties,8,8.00000000,6-7,6.50000000,NULL,NULL,50,NULL,1,45,"(1) MSK values follow (Avni 1999) while correction of the MSK values was done by Zohar and Marco (2012) [ZOMA] in accordance to the site-attributes of construction quality, topographic slope, surface geology and ground water level.
(2) 50 homes were destroyed or severely damaged. One killed and 45 seriously injured"
490,1927 Jul 11 (15:04),1927.00000000,S,6.25000000,Vr,Bet-She'an,35.48000000,32.50000000,3,Moderate,No casualties,7,7.00000000,6,6.00000000,NULL,NULL,2,NULL,NULL,NULL,"(1) MSK values follow (Avni 1999) while correction of the MSK values was done by Zohar and Marco (2012) [ZOMA] in accordance to the site-attributes of construction quality, topographic slope, surface geology and ground water level.
(2) 2 houses destroyed; Rilway station destroyed"
490,1927 Jul 11 (15:04),1927.00000000,S,6.25000000,Vr,Bet-Sorik,35.14000000,31.81000000,2,Light,"Few casualties

",6,6.00000000,7,7.00000000,NULL,NULL,1,NULL,NULL,2,"(1) MSK values follow (Avni 1999) while correction of the MSK values was done by Zohar and Marco (2012) [ZOMA] in accordance to the site-attributes of construction quality, topographic slope, surface geology and ground water level.
(2) One house was damaged"
490,1927 Jul 11 (15:04),1927.00000000,S,6.25000000,Vr,Binyamina,34.94000000,32.51000000,1,Felt,No casualties,5,5.00000000,5-6,5.50000000,NULL,NULL,NULL,NULL,NULL,NULL,"(1) MSK values follow (Avni 1999) while correction of the MSK values was done by Zohar and Marco (2012) [ZOMA] in accordance to the site-attributes of construction quality, topographic slope, surface geology and ground water level.
(2) Dr. Shalem stood in the barn and felt as if the roof was moving, but there were no cracks."
490,1927 Jul 11 (15:04),1927.00000000,S,6.25000000,Vr,Batir,35.13000000,31.72000000,2,Light,No casualties,6-7,6.50000000,7,7.00000000,NULL,NULL,NULL,NULL,NULL,NULL,"(1) MSK values follow (Avni 1999) while correction of the MSK values was done by Zohar and Marco (2012) [ZOMA] in accordance to the site-attributes of construction quality, topographic slope, surface geology and ground water level.
(2) At Bittir, the station building was slighttly damaged by cracking"
490,1927 Jul 11 (15:04),1927.00000000,S,6.25000000,Vr,Gedera,34.76000000,31.80000000,2,Light,No casualties,6,6.00000000,6,6.00000000,NULL,NULL,NULL,NULL,NULL,NULL,"(1) MSK values follow (Avni 1999) while correction of the MSK values was done by Zohar and Marco (2012) [ZOMA] in accordance to the site-attributes of construction quality, topographic slope, surface geology and ground water level.
(2) Cracks and bursts formed in the walls of houses. Especially in old buildings"
490,1927 Jul 11 (15:04),1927.00000000,S,6.25000000,Vr,Gimzoo,34.94000000,31.92000000,4,Heavy,No casualties,7,7.00000000,7-8,7.50000000,NULL,NULL,NULL,NULL,1,12,"(1) MSK values follow (Avni 1999) while correction of the MSK values was done by Zohar and Marco (2012) [ZOMA] in accordance to the site-attributes of construction quality, topographic slope, surface geology and ground water level."
490,1927 Jul 11 (15:04),1927.00000000,S,6.25000000,Vr,Jiftlik,35.47000000,32.14000000,2,Light,No casualties,6-7,6.50000000,7,7.00000000,NULL,NULL,NULL,NULL,NULL,NULL,"(1) MSK values follow (Avni 1999) while correction of the MSK values was done by Zohar and Marco (2012) [ZOMA] in accordance to the site-attributes of construction quality, topographic slope, surface geology and ground water level.
(2) The upper floor consisting of two large barrack room and landing to stairs, together with other parts of the building were severly damaged…"
490,1927 Jul 11 (15:04),1927.00000000,S,6.25000000,Vr,Jaljulia,34.94000000,32.15000000,2,Light,No casualties,6,6.00000000,6,6.00000000,NULL,NULL,NULL,NULL,NULL,NULL,"(1) MSK values follow (Avni 1999) while correction of the MSK values was done by Zohar and Marco (2012) [ZOMA] in accordance to the site-attributes of construction quality, topographic slope, surface geology and ground water level."
490,1927 Jul 11 (15:04),1927.00000000,S,6.25000000,Vr,Jenin,35.29000000,32.45000000,2,Light,No casualties,6,6.00000000,6,6.00000000,NULL,NULL,NULL,NULL,NULL,NULL,"(1) MSK values follow (Avni 1999) while correction of the MSK values was done by Zohar and Marco (2012) [ZOMA] in accordance to the site-attributes of construction quality, topographic slope, surface geology and ground water level.
(2) Slight cracks revealed themselves in the station building"
490,1927 Jul 11 (15:04),1927.00000000,S,6.25000000,Vr,Jeser Magmi,35.56000000,32.62000000,4,Heavy,No casualties,8,8.00000000,7,7.00000000,NULL,NULL,NULL,NULL,NULL,NULL,"(1) MSK values follow (Avni 1999) while correction of the MSK values was done by Zohar and Marco (2012) [ZOMA] in accordance to the site-attributes of construction quality, topographic slope, surface geology and ground water level.
(2) The train station was destroyed. A solid railway bridge was destroyed.
Several shops and homes were destroyed."
490,1927 Jul 11 (15:04),1927.00000000,S,6.25000000,Vr,Jeresh,35.85000000,32.28000000,3,Moderate,No casualties,7-8,7.50000000,7,7.00000000,NULL,NULL,35,NULL,NULL,NULL,"(1) MSK values follow (Avni 1999) while correction of the MSK values was done by Zohar and Marco (2012) [ZOMA] in accordance to the site-attributes of construction quality, topographic slope, surface geology and ground water level.
(2) In Gerish, 5 houses were demolished, 30 about to fall."
490,1927 Jul 11 (15:04),1927.00000000,S,6.25000000,Vr,Gesher,35.55000000,32.61000000,2,Light,No casualties,6,6.00000000,7,7.00000000,NULL,NULL,1,NULL,NULL,NULL,"(1) MSK values follow (Avni 1999) while correction of the MSK values was done by Zohar and Marco (2012) [ZOMA] in accordance to the site-attributes of construction quality, topographic slope, surface geology and ground water level."
490,1927 Jul 11 (15:04),1927.00000000,S,6.25000000,Vr,Allenby Bridge,35.53000000,31.87000000,4,Heavy,No casualties,8-9,8.50000000,8,8.00000000,NULL,NULL,NULL,NULL,NULL,NULL,"(1) MSK values follow (Avni 1999) while correction of the MSK values was done by Zohar and Marco (2012) [ZOMA] in accordance to the site-attributes of construction quality, topographic slope, surface geology and ground water level.
(2) The Allenby Bridge was destroyed on both sides. The police station cracked The bridge cracked hard on the side of the Jordan. The buildings cracked hard. From the two buildings next to the Allenby Bridge one were completely destroyed and the other heavily damaged"
490,1927 Jul 11 (15:04),1927.00000000,S,6.25000000,Vr,Bnot-Ya'akov Bridge,35.62826799,33.01043039,2,Light,No casualties,6-7,6.50000000,6-7,6.50000000,NULL,NULL,NULL,NULL,NULL,NULL,"(1) MSK values follow (Avni 1999) while correction of the MSK values was done by Zohar and Marco (2012) [ZOMA] in accordance to the site-attributes of construction quality, topographic slope, surface geology and ground water level.
(2) Police post - Cracks-building safe & settlement of n. wall"
490,1927 Jul 11 (15:04),1927.00000000,S,6.25000000,Vr,Daharia,34.97000000,31.41000000,2,Light,No casualties,6-7,6.50000000,6,6.00000000,NULL,NULL,NULL,NULL,NULL,NULL,"(1) MSK values follow (Avni 1999) while correction of the MSK values was done by Zohar and Marco (2012) [ZOMA] in accordance to the site-attributes of construction quality, topographic slope, surface geology and ground water level.
(2) Police post - Grouting Walls"
490,1927 Jul 11 (15:04),1927.00000000,S,6.25000000,Vr,Deir a-Shech,35.07000000,31.74000000,2,Light,No casualties,5-6,5.50000000,6-7,6.50000000,NULL,NULL,NULL,NULL,NULL,NULL,"(1) MSK values follow (Avni 1999) while correction of the MSK values was done by Zohar and Marco (2012) [ZOMA] in accordance to the site-attributes of construction quality, topographic slope, surface geology and ground water level."
490,1927 Jul 11 (15:04),1927.00000000,S,6.25000000,Vr,Damascus,36.29000000,33.51000000,1,Felt,No casualties,4,4.00000000,4-5,4.50000000,NULL,NULL,NULL,NULL,NULL,NULL,"(1) MSK values follow (Avni 1999) while correction of the MSK values was done by Zohar and Marco (2012) [ZOMA] in accordance to the site-attributes of construction quality, topographic slope, surface geology and ground water level.
(2) No serious damage has been reported in Damascus. Some China glassware and windows being broken…"
490,1927 Jul 11 (15:04),1927.00000000,S,6.25000000,Vr,Dara'a,35.97000000,32.59000000,3,Moderate,"Few casualties

",7-8,7.50000000,6,6.00000000,NULL,NULL,14,NULL,4,6,"(1) MSK values follow (Avni 1999) while correction of the MSK values was done by Zohar and Marco (2012) [ZOMA] in accordance to the site-attributes of construction quality, topographic slope, surface geology and ground water level.
(2) The recent earthquake destroyed the post office."
490,1927 Jul 11 (15:04),1927.00000000,S,6.25000000,Vr,Olives Mt.,35.24405353,31.77460928,4,Heavy,"Few casualties

",7-8,7.50000000,7-8,7.50000000,NULL,NULL,400,NULL,Few,NULL,"(1) MSK values follow (Avni 1999) while correction of the MSK values was done by Zohar and Marco (2012) [ZOMA] in accordance to the site-attributes of construction quality, topographic slope, surface geology and ground water level."
490,1927 Jul 11 (15:04),1927.00000000,S,6.25000000,Vr,Toov Mt.,35.00000000,31.76000000,1,Felt,U,6,6.00000000,6-7,6.50000000,NULL,NULL,NULL,NULL,NULL,NULL,"(1) MSK values follow (Avni 1999) while correction of the MSK values was done by Zohar and Marco (2012) [ZOMA] in accordance to the site-attributes of construction quality, topographic slope, surface geology and ground water level."
490,1927 Jul 11 (15:04),1927.00000000,S,6.25000000,Vr,Carmel Mt.,35.03000000,32.75000000,1,Felt,U,5-6,5.50000000,6,6.00000000,NULL,NULL,NULL,NULL,NULL,NULL,"(1) MSK values follow (Avni 1999) while correction of the MSK values was done by Zohar and Marco (2012) [ZOMA] in accordance to the site-attributes of construction quality, topographic slope, surface geology and ground water level."
490,1927 Jul 11 (15:04),1927.00000000,S,6.25000000,Vr,Scopus Mt. (Hebrew University),35.24494272,31.79216741,3,Moderate,No casualties,7,7.00000000,7-8,7.50000000,NULL,NULL,NULL,NULL,NULL,NULL,"(1) MSK values follow (Avni 1999) while correction of the MSK values was done by Zohar and Marco (2012) [ZOMA] in accordance to the site-attributes of construction quality, topographic slope, surface geology and ground water level.
(2) In the university there is great destruction and landslides, especially in the old building. Fallen, cracked and about to fall walls and ceilings (Selzer and Zohar 2019)"
490,1927 Jul 11 (15:04),1927.00000000,S,6.25000000,Vr,Herzelia,34.79000000,32.15000000,1,Felt,No casualties,5,5.00000000,5,5.00000000,NULL,NULL,NULL,NULL,NULL,NULL,"(1) MSK values follow (Avni 1999) while correction of the MSK values was done by Zohar and Marco (2012) [ZOMA] in accordance to the site-attributes of construction quality, topographic slope, surface geology and ground water level.
(2) In Herzliya the houses were shaken, but no damage happened."
490,1927 Jul 11 (15:04),1927.00000000,S,6.25000000,Vr,Wadi al-Shueib,35.61000000,31.90000000,0,None,U,6-7,6.50000000,8,8.00000000,NULL,NULL,NULL,NULL,NULL,NULL,"(1) MSK values follow (Avni 1999) while correction of the MSK values was done by Zohar and Marco (2012) [ZOMA] in accordance to the site-attributes of construction quality, topographic slope, surface geology and ground water level."
490,1927 Jul 11 (15:04),1927.00000000,S,6.25000000,Vr,Zarka,36.08000000,32.06000000,3,Moderate,No casualties,7,7.00000000,7,7.00000000,NULL,NULL,NULL,NULL,NULL,NULL,"(1) MSK values follow (Avni 1999) while correction of the MSK values was done by Zohar and Marco (2012) [ZOMA] in accordance to the site-attributes of construction quality, topographic slope, surface geology and ground water level."
490,1927 Jul 11 (15:04),1927.00000000,S,6.25000000,Vr,Zichron Yaa'kov,34.94000000,32.56000000,2,Light,No casualties,5-6,5.50000000,5-6,5.50000000,NULL,NULL,NULL,NULL,NULL,NULL,"(1) MSK values follow (Avni 1999) while correction of the MSK values was done by Zohar and Marco (2012) [ZOMA] in accordance to the site-attributes of construction quality, topographic slope, surface geology and ground water level.
(2) The quake lasted for about 20 seconds ... the quake wave moved from south to north. In many homes, windows were smashed and several tools were broken. The walls were also cracked"
490,1927 Jul 11 (15:04),1927.00000000,S,6.25000000,Vr,Zarka Maein,35.72000000,31.68000000,0,None,U,U,-1.00000000,7-8,7.50000000,NULL,NULL,NULL,NULL,NULL,NULL,"(1) MSK values follow (Avni 1999) while correction of the MSK values was done by Zohar and Marco (2012) [ZOMA] in accordance to the site-attributes of construction quality, topographic slope, surface geology and ground water level."
490,1927 Jul 11 (15:04),1927.00000000,S,6.25000000,Vr,Hebron,35.09000000,31.51000000,4,Heavy,"Few casualties

",8,8.00000000,7,7.00000000,NULL,NULL,90%,NULL,4,NULL,"(1) MSK values follow (Avni 1999) while correction of the MSK values was done by Zohar and Marco (2012) [ZOMA] in accordance to the site-attributes of construction quality, topographic slope, surface geology and ground water level.
(2) Among the houses damaged by the earthquake were also the synagogues, the bathhouse and the women's bathhouse completely destroyed."
490,1927 Jul 11 (15:04),1927.00000000,S,6.25000000,Vr,Haifa,35.00000000,32.82000000,2,Light,No casualties,6-7,6.50000000,6,6.00000000,NULL,NULL,NULL,NULL,NULL,1,"(1) MSK values follow (Avni 1999) while correction of the MSK values was done by Zohar and Marco (2012) [ZOMA] in accordance to the site-attributes of construction quality, topographic slope, surface geology and ground water level.
(2) 2 strong shocks were felt. The Banko di Roma, and other buildings, were cracked."
490,1927 Jul 11 (15:04),1927.00000000,S,6.25000000,Vr,Tabgha,35.53000000,32.87000000,0,None,No casualties,6-7,6.50000000,6-7,6.50000000,NULL,NULL,NULL,NULL,NULL,NULL,"(1) MSK values follow (Avni 1999) while correction of the MSK values was done by Zohar and Marco (2012) [ZOMA] in accordance to the site-attributes of construction quality, topographic slope, surface geology and ground water level."
490,1927 Jul 11 (15:04),1927.00000000,S,6.25000000,Vr,Tiberias,35.54223594,32.78604531,3,Moderate,No casualties,7,7.00000000,6-7,6.50000000,NULL,NULL,150,NULL,NULL,2,"(1) MSK values follow (Avni 1999) while correction of the MSK values was done by Zohar and Marco (2012) [ZOMA] in accordance to the site-attributes of construction quality, topographic slope, surface geology and ground water level.
(2) Few injuries
There were strong shocks in Tiberias. In the Old City the synagogue and several houses were demolished ... There are damaged houses in the city."
490,1927 Jul 11 (15:04),1927.00000000,S,6.25000000,Vr,Tool Karem,35.01000000,32.30000000,3,Moderate,No casualties,6-7,6.50000000,6,6.00000000,NULL,NULL,NULL,NULL,NULL,NULL,"(1) MSK values follow (Avni 1999) while correction of the MSK values was done by Zohar and Marco (2012) [ZOMA] in accordance to the site-attributes of construction quality, topographic slope, surface geology and ground water level.
(2) Parts of the walls of the upper floor of the station buildings were shattered and cracks appeared in the walls of thestation master's building and other quarters"
490,1927 Jul 11 (15:04),1927.00000000,S,6.25000000,Vr,Tafilah,35.60000000,30.84000000,1,Felt,No casualties,5,5.00000000,5,5.00000000,NULL,NULL,NULL,NULL,NULL,NULL,"(1) MSK values follow (Avni 1999) while correction of the MSK values was done by Zohar and Marco (2012) [ZOMA] in accordance to the site-attributes of construction quality, topographic slope, surface geology and ground water level."
490,1927 Jul 11 (15:04),1927.00000000,S,6.25000000,Vr,Yalo,35.02000000,31.83000000,3,Moderate,"Few casualties

",6-7,6.50000000,7,7.00000000,NULL,NULL,NULL,NULL,NULL,NULL,"(1) MSK values follow (Avni 1999) while correction of the MSK values was done by Zohar and Marco (2012) [ZOMA] in accordance to the site-attributes of construction quality, topographic slope, surface geology and ground water level."
490,1927 Jul 11 (15:04),1927.00000000,S,6.25000000,Vr,Yavne,34.74000000,31.87000000,2,Light,No casualties,5-6,5.50000000,6,6.00000000,NULL,NULL,NULL,NULL,NULL,NULL,"(1) MSK values follow (Avni 1999) while correction of the MSK values was done by Zohar and Marco (2012) [ZOMA] in accordance to the site-attributes of construction quality, topographic slope, surface geology and ground water level."
490,1927 Jul 11 (15:04),1927.00000000,S,6.25000000,Vr,Tiberias - Southern Gate,29.75160000,33.67970000,4,Heavy,"Few casualties

",8,8.00000000,7,7.00000000,NULL,NULL,NULL,NULL,3,NULL,"(1) MSK values follow (Avni 1999) while correction of the MSK values was done by Zohar and Marco (2012) [ZOMA] in accordance to the site-attributes of construction quality, topographic slope, surface geology and ground water level.
(2) Mshikuli opposite christ Church- 1 stone fallen down. Room over main entrance gate cracks. Southern tower cracked. 
(3) Minaret part above gallery partly fallen down.
Mosque stones displaced, cracks, part of the roof has fallen in.
in the citadel and on the city walles stone fell down at several points which had not been consolidated recently."
490,1927 Jul 11 (15:04),1927.00000000,S,6.25000000,Vr,Jerusalem,35.23371042,31.77430227,4,Heavy,"Few casualties

",8,8.00000000,7,7.00000000,NULL,NULL,NULL,NULL,3,NULL,"(1) MSK values follow (Avni 1999) while correction of the MSK values was done by Zohar and Marco (2012) [ZOMA] in accordance to the site-attributes of construction quality, topographic slope, surface geology and ground water level.
(2) Mshikuli opposite christ Church- 1 stone fallen down. Room over main entrance gate cracks. Southern tower cracked. 
(3) Minaret part above gallery partly fallen down.
Mosque stones displaced, cracks, part of the roof has fallen in.
in the citadel and on the city walles stone fell down at several points which had not been consolidated recently."
490,1927 Jul 11 (15:04),1927.00000000,S,6.25000000,Vr,Augusta Victoria,35.24866144,31.78683038,3,Moderate,"Few casualties

",7-8,7.50000000,7-8,7.50000000,NULL,NULL,NULL,NULL,1,NULL,"(1) MSK values follow (Avni 1999) while correction of the MSK values was done by Zohar and Marco (2012) [ZOMA] in accordance to the site-attributes of construction quality, topographic slope, surface geology and ground water level.
(2) Walls were demolished and the tower collapsed"
490,1927 Jul 11 (15:04),1927.00000000,S,6.25000000,Vr,Holy Mt./Temple,35.23555404,31.77788817,3,Moderate,No casualties,7,7.00000000,7-8,7.50000000,NULL,NULL,NULL,NULL,NULL,NULL,"(1) MSK values follow (Avni 1999) while correction of the MSK values was done by Zohar and Marco (2012) [ZOMA] in accordance to the site-attributes of construction quality, topographic slope, surface geology and ground water level."
490,1927 Jul 11 (15:04),1927.00000000,S,6.25000000,Vr,Jericho,35.46264709,31.86013890,4,Heavy,"Few casualties

",9,9.00000000,8,8.00000000,NULL,NULL,NULL,NULL,6,NULL,"(1) MSK values follow (Avni 1999) while correction of the MSK values was done by Zohar and Marco (2012) [ZOMA] in accordance to the site-attributes of construction quality, topographic slope, surface geology and ground water level.

(2) Police barracks were completely destroyed.
The Greek monastery tends to fall.
A new hotel has collapsed."
490,1927 Jul 11 (15:04),1927.00000000,S,6.25000000,Vr,Jerusalem-Jericho Road (A),35.40000000,31.79000000,4,Heavy,U,U,-1.00000000,8,8.00000000,NULL,NULL,NULL,NULL,NULL,NULL,"(1) MSK values follow (Avni 1999) while correction of the MSK values was done by Zohar and Marco (2012) [ZOMA] in accordance to the site-attributes of construction quality, topographic slope, surface geology and ground water level."
490,1927 Jul 11 (15:04),1927.00000000,S,6.25000000,Vr,Jerusalem-Jericho Road 2 (A),35.40000000,31.79000000,4,Heavy,U,U,-1.00000000,7-8,7.50000000,NULL,NULL,NULL,NULL,NULL,NULL,"(1) MSK values follow (Avni 1999) while correction of the MSK values was done by Zohar and Marco (2012) [ZOMA] in accordance to the site-attributes of construction quality, topographic slope, surface geology and ground water level."
490,1927 Jul 11 (15:04),1927.00000000,S,6.25000000,Vr,Amman-Jordan Road,35.64000000,31.81000000,4,Heavy,U,U,-1.00000000,8,8.00000000,NULL,NULL,NULL,NULL,NULL,NULL,"(1) MSK values follow (Avni 1999) while correction of the MSK values was done by Zohar and Marco (2012) [ZOMA] in accordance to the site-attributes of construction quality, topographic slope, surface geology and ground water level."
490,1927 Jul 11 (15:04),1927.00000000,S,6.25000000,Vr,Michmach Village,35.27000000,31.86000000,4,Heavy,"Few casualties

",7-8,7.50000000,7-8,7.50000000,NULL,NULL,NULL,NULL,16,NULL,"(1) MSK values follow (Avni 1999) while correction of the MSK values was done by Zohar and Marco (2012) [ZOMA] in accordance to the site-attributes of construction quality, topographic slope, surface geology and ground water level.
(2) We removed sixteen bodies from the coup d'etat of their homes and provided first aid to villagers who were strangled in their bodies."
490,1927 Jul 11 (15:04),1927.00000000,S,6.25000000,Vr,Shiloach Village,35.24000000,31.76000000,4,Heavy,"Few casualties

",7,7.00000000,7-8,7.50000000,NULL,NULL,NULL,NULL,4,10,"(1) MSK values follow (Avni 1999) while correction of the MSK values was done by Zohar and Marco (2012) [ZOMA] in accordance to the site-attributes of construction quality, topographic slope, surface geology and ground water level."
490,1927 Jul 11 (15:04),1927.00000000,S,6.25000000,Vr,Kafaringi,35.69000000,32.29000000,4,Heavy,No casualties,7-8,7.50000000,8,8.00000000,NULL,NULL,NULL,NULL,NULL,NULL,"(1) MSK values follow (Avni 1999) while correction of the MSK values was done by Zohar and Marco (2012) [ZOMA] in accordance to the site-attributes of construction quality, topographic slope, surface geology and ground water level."
490,1927 Jul 11 (15:04),1927.00000000,S,6.25000000,Vr,Karak,35.70000000,31.17000000,4,Heavy,"Few casualties

",8,8.00000000,6-7,6.50000000,NULL,NULL,NULL,NULL,NULL,4,"(1) MSK values follow (Avni 1999) while correction of the MSK values was done by Zohar and Marco (2012) [ZOMA] in accordance to the site-attributes of construction quality, topographic slope, surface geology and ground water level.
(2) A large part of karach has fallen"
490,1927 Jul 11 (15:04),1927.00000000,S,6.25000000,Vr,Lod,34.90000000,31.95000000,4,Heavy,Many casualties,8-9,8.50000000,7,7.00000000,NULL,NULL," 650 , 85%",NULL,17-32,76,"(1) MSK values follow (Avni 1999) while correction of the MSK values was done by Zohar and Marco (2012) [ZOMA] in accordance to the site-attributes of construction quality, topographic slope, surface geology and ground water level.
(2) According to government official reports, about 80% of the houses were damaged, but the percentage seems to exceed 95. The landslides are blocking the way."
490,1927 Jul 11 (15:04),1927.00000000,S,6.25000000,Vr,Migdal,35.49000000,32.83000000,2,Light,No casualties,5,5.00000000,5,5.00000000,NULL,NULL,NULL,NULL,NULL,NULL,"(1) MSK values follow (Avni 1999) while correction of the MSK values was done by Zohar and Marco (2012) [ZOMA] in accordance to the site-attributes of construction quality, topographic slope, surface geology and ground water level."
490,1927 Jul 11 (15:04),1927.00000000,S,6.25000000,Vr,Migdal Yava,34.94000000,32.07000000,4,Heavy,No casualties,6-7,6.50000000,5-6,5.50000000,NULL,NULL,NULL,NULL,NULL,NULL,"(1) MSK values follow (Avni 1999) while correction of the MSK values was done by Zohar and Marco (2012) [ZOMA] in accordance to the site-attributes of construction quality, topographic slope, surface geology and ground water level."
490,1927 Jul 11 (15:04),1927.00000000,S,6.25000000,Vr,Medaba,35.76000000,31.71000000,4,Heavy,"Few casualties

",7-8,7.50000000,7,7.00000000,NULL,NULL,135,NULL,2,5,"(1) MSK values follow (Avni 1999) while correction of the MSK values was done by Zohar and Marco (2012) [ZOMA] in accordance to the site-attributes of construction quality, topographic slope, surface geology and ground water level.
(2) The Latin Church has cracked from top to bottom. The tower was cut and the cross fell."
490,1927 Jul 11 (15:04),1927.00000000,S,6.25000000,Vr,Motza,35.15000000,31.78000000,0,None,No casualties,7,7.00000000,7-8,7.50000000,NULL,NULL,NULL,NULL,NULL,NULL,"(1) MSK values follow (Avni 1999) while correction of the MSK values was done by Zohar and Marco (2012) [ZOMA] in accordance to the site-attributes of construction quality, topographic slope, surface geology and ground water level."
490,1927 Jul 11 (15:04),1927.00000000,S,6.25000000,Vr,Maa'n,35.71000000,30.18000000,1,Felt,No casualties,5,5.00000000,5,5.00000000,NULL,NULL,NULL,NULL,NULL,NULL,"MSK values follow (Avni 1999) while correction of the MSK values was done by Zohar and Marco (2012) [ZOMA] in accordance to the site-attributes of construction quality, topographic slope, surface geology and ground water level."
490,1927 Jul 11 (15:04),1927.00000000,S,6.25000000,Vr,Maa'yan Elisha,35.43000000,31.87000000,0,None,No casualties,7,7.00000000,7-8,7.50000000,NULL,NULL,NULL,NULL,NULL,NULL,"(1) MSK values follow (Avni 1999) while correction of the MSK values was done by Zohar and Marco (2012) [ZOMA] in accordance to the site-attributes of construction quality, topographic slope, surface geology and ground water level.
(2) The water was painted red"
490,1927 Jul 11 (15:04),1927.00000000,S,6.25000000,Vr,Mrar,35.40000000,32.88000000,4,Heavy,"Few casualties

",7,7.00000000,7,7.00000000,NULL,NULL,27,NULL,3,NULL,"(1) MSK values follow (Avni 1999) while correction of the MSK values was done by Zohar and Marco (2012) [ZOMA] in accordance to the site-attributes of construction quality, topographic slope, surface geology and ground water level.
(2) 2 houses were demolished 25 cracked. The balcony of the Greek Church was torn east to west"
490,1927 Jul 11 (15:04),1927.00000000,S,6.25000000,Vr,Masada,35.35000000,31.31000000,2,Light,No casualties,7-8,7.50000000,8,8.00000000,NULL,NULL,NULL,NULL,NULL,NULL,"(1) MSK values follow (Avni 1999) while correction of the MSK values was done by Zohar and Marco (2012) [ZOMA] in accordance to the site-attributes of construction quality, topographic slope, surface geology and ground water level."
490,1927 Jul 11 (15:04),1927.00000000,S,6.25000000,Vr,Merhavia,35.30000000,32.59000000,2,Light,No casualties,5-6,5.50000000,6-7,6.50000000,NULL,NULL,1,NULL,NULL,NULL,"(1) MSK values follow (Avni 1999) while correction of the MSK values was done by Zohar and Marco (2012) [ZOMA] in accordance to the site-attributes of construction quality, topographic slope, surface geology and ground water level."
490,1927 Jul 11 (15:04),1927.00000000,S,6.25000000,Vr,Deir Mar-Saba,35.33000000,31.70000000,0,None,No casualties,7,7.00000000,7-8,7.50000000,NULL,NULL,NULL,NULL,NULL,NULL,"(1) MSK values follow (Avni 1999) while correction of the MSK values was done by Zohar and Marco (2012) [ZOMA] in accordance to the site-attributes of construction quality, topographic slope, surface geology and ground water level."
490,1927 Jul 11 (15:04),1927.00000000,S,6.25000000,Vr,Meslovia,35.63000000,31.76000000,0,None,No casualties,6-7,6.50000000,8,8.00000000,NULL,NULL,NULL,NULL,NULL,NULL,"(1) MSK values follow (Avni 1999) while correction of the MSK values was done by Zohar and Marco (2012) [ZOMA] in accordance to the site-attributes of construction quality, topographic slope, surface geology and ground water level."
490,1927 Jul 11 (15:04),1927.00000000,S,6.25000000,Vr,Nabi-Musa,35.43000000,31.78000000,4,Heavy,No casualties,7-8,7.50000000,8,8.00000000,NULL,NULL,NULL,NULL,NULL,NULL,"(1) MSK values follow (Avni 1999) while correction of the MSK values was done by Zohar and Marco (2012) [ZOMA] in accordance to the site-attributes of construction quality, topographic slope, surface geology and ground water level."
490,1927 Jul 11 (15:04),1927.00000000,S,6.25000000,Vr,Nahalal,35.18000000,32.68000000,1,Felt,No casualties,4,4.00000000,6,6.00000000,NULL,NULL,NULL,NULL,NULL,NULL,"(1) MSK values follow (Avni 1999) while correction of the MSK values was done by Zohar and Marco (2012) [ZOMA] in accordance to the site-attributes of construction quality, topographic slope, surface geology and ground water level.
(2) Some huts were shaking in their places"
490,1927 Jul 11 (15:04),1927.00000000,S,6.25000000,Vr,Nahariah,35.09000000,33.00000000,1,Felt,No casualties,4-5,4.50000000,6,6.00000000,NULL,NULL,NULL,NULL,NULL,NULL,"(1) MSK values follow (Avni 1999) while correction of the MSK values was done by Zohar and Marco (2012) [ZOMA] in accordance to the site-attributes of construction quality, topographic slope, surface geology and ground water level."
490,1927 Jul 11 (15:04),1927.00000000,S,6.25000000,Vr,Sorek River,34.87000000,31.79000000,0,None,"Few casualties

",U,-1.00000000,6-7,6.50000000,NULL,NULL,NULL,NULL,2,2,"(1) MSK values follow (Avni 1999) while correction of the MSK values was done by Zohar and Marco (2012) [ZOMA] in accordance to the site-attributes of construction quality, topographic slope, surface geology and ground water level."
490,1927 Jul 11 (15:04),1927.00000000,S,6.25000000,Vr,Nes-Ziona,34.79000000,31.92000000,1,Felt,No casualties,4-5,4.50000000,7,7.00000000,NULL,NULL,NULL,NULL,NULL,NULL,"(1) MSK values follow (Avni 1999) while correction of the MSK values was done by Zohar and Marco (2012) [ZOMA] in accordance to the site-attributes of construction quality, topographic slope, surface geology and ground water level."
490,1927 Jul 11 (15:04),1927.00000000,S,6.25000000,Vr,Salfit,35.17000000,32.07000000,4,Heavy,No casualties,6,6.00000000,7,7.00000000,NULL,NULL,NULL,NULL,NULL,NULL,"(1) MSK values follow (Avni 1999) while correction of the MSK values was done by Zohar and Marco (2012) [ZOMA] in accordance to the site-attributes of construction quality, topographic slope, surface geology and ground water level."
490,1927 Jul 11 (15:04),1927.00000000,S,6.25000000,Vr,Sweida,36.57000000,32.70000000,3,Moderate,No casualties,7-8,7.50000000,7,7.00000000,NULL,NULL,2,NULL,NULL,NULL,"(1) MSK values follow (Avni 1999) while correction of the MSK values was done by Zohar and Marco (2012) [ZOMA] in accordance to the site-attributes of construction quality, topographic slope, surface geology and ground water level.
(2) A lot of broken stones fell. Two houses collapsed."
490,1927 Jul 11 (15:04),1927.00000000,S,6.25000000,Vr,Abadia,35.55000000,32.68000000,4,Heavy,No casualties,7,7.00000000,7,7.00000000,NULL,NULL,50%,NULL,2,NULL,"(1) MSK values follow (Avni 1999) while correction of the MSK values was done by Zohar and Marco (2012) [ZOMA] in accordance to the site-attributes of construction quality, topographic slope, surface geology and ground water level."
490,1927 Jul 11 (15:04),1927.00000000,S,6.25000000,Vr,Ajloon,35.74000000,32.32000000,4,Heavy,"Few casualties

",8,8.00000000,8,8.00000000,NULL,NULL,277,NULL,NULL,NULL,"(1) MSK values follow (Avni 1999) while correction of the MSK values was done by Zohar and Marco (2012) [ZOMA] in accordance to the site-attributes of construction quality, topographic slope, surface geology and ground water level.
(2) 182 houses are about to fall, 95 have been demolished, 300 people remain without shelter."
490,1927 Jul 11 (15:04),1927.00000000,S,6.25000000,Vr,Gaza,34.46000000,31.50000000,4,Heavy,No casualties,7,7.00000000,6-7,6.50000000,NULL,NULL,NULL,NULL,NULL,NULL,"(1) MSK values follow (Avni 1999) while correction of the MSK values was done by Zohar and Marco (2012) [ZOMA] in accordance to the site-attributes of construction quality, topographic slope, surface geology and ground water level.
(2) Largest of all the ruins is the damage to the police palace - a very ancient building from the Crusades. The palace has not completely fallen yet, but the much damage it has caused the government has decided to move the offices from the palace to a new building.
Most of the buildings in the city that have remained intact since the war have been damaged to some extent and many have been completely destroyed. Buildings damaged during the war have completely disintegrated."
490,1927 Jul 11 (15:04),1927.00000000,S,6.25000000,Vr,Azraa',36.23000000,32.84000000,3,Moderate,No casualties,6-7,6.50000000,6,6.00000000,NULL,NULL,1,NULL,NULL,NULL,"(1) MSK values follow (Avni 1999) while correction of the MSK values was done by Zohar and Marco (2012) [ZOMA] in accordance to the site-attributes of construction quality, topographic slope, surface geology and ground water level.
(2) One house collapsed"
490,1927 Jul 11 (15:04),1927.00000000,S,6.25000000,Vr,Atara,35.19000000,31.99000000,4,Heavy,No casualties,7-8,7.50000000,7,7.00000000,NULL,NULL,20,NULL,NULL,NULL,"(1) MSK values follow (Avni 1999) while correction of the MSK values was done by Zohar and Marco (2012) [ZOMA] in accordance to the site-attributes of construction quality, topographic slope, surface geology and ground water level.
(2) Twenty homes were destroyed or severely damaged"
490,1927 Jul 11 (15:04),1927.00000000,S,6.25000000,Vr,Ein el-Kelt,35.36000000,31.83000000,0,None,No casualties,8,8.00000000,7-8,7.50000000,NULL,NULL,NULL,NULL,NULL,NULL,"(1) MSK values follow (Avni 1999) while correction of the MSK values was done by Zohar and Marco (2012) [ZOMA] in accordance to the site-attributes of construction quality, topographic slope, surface geology and ground water level."
490,1927 Jul 11 (15:04),1927.00000000,S,6.25000000,Vr,Ein-Dok,35.43000000,31.87000000,2,Light,No casualties,7,7.00000000,7-8,7.50000000,NULL,NULL,NULL,NULL,NULL,NULL,"(1) MSK values follow (Avni 1999) while correction of the MSK values was done by Zohar and Marco (2012) [ZOMA] in accordance to the site-attributes of construction quality, topographic slope, surface geology and ground water level."
490,1927 Jul 11 (15:04),1927.00000000,S,6.25000000,Vr,Ein-Harod,35.39000000,32.55000000,3,Moderate,No casualties,7,7.00000000,6,6.00000000,NULL,NULL,NULL,NULL,NULL,NULL,"(1) MSK values follow (Avni 1999) while correction of the MSK values was done by Zohar and Marco (2012) [ZOMA] in accordance to the site-attributes of construction quality, topographic slope, surface geology and ground water level.
(2) A few walls collapsed in the ancient buildings."
490,1927 Jul 11 (15:04),1927.00000000,S,6.25000000,Vr,Ein-Karem,35.16000000,31.77000000,3,Moderate,"Few casualties

",7,7.00000000,7,7.00000000,NULL,NULL,31,NULL,NULL,5,"(1) MSK values follow (Avni 1999) while correction of the MSK values was done by Zohar and Marco (2012) [ZOMA] in accordance to the site-attributes of construction quality, topographic slope, surface geology and ground water level."
490,1927 Jul 11 (15:04),1927.00000000,S,6.25000000,Vr,Ein-Musa,35.72000000,31.76000000,0,None,No casualties,7,7.00000000,7,7.00000000,NULL,NULL,NULL,NULL,NULL,NULL,"(1) MSK values follow (Avni 1999) while correction of the MSK values was done by Zohar and Marco (2012) [ZOMA] in accordance to the site-attributes of construction quality, topographic slope, surface geology and ground water level."
490,1927 Jul 11 (15:04),1927.00000000,S,6.25000000,Vr,Ein-Qinya,35.14000000,31.92000000,4,Heavy,No casualties,7,7.00000000,7,7.00000000,NULL,NULL,20,NULL,NULL,NULL,"(1) MSK values follow (Avni 1999) while correction of the MSK values was done by Zohar and Marco (2012) [ZOMA] in accordance to the site-attributes of construction quality, topographic slope, surface geology and ground water level.
(2) Twenty homes were destroyed or seriously damaged."
490,1927 Jul 11 (15:04),1927.00000000,S,6.25000000,Vr,Ein-Farah,35.34000000,32.28000000,3,Moderate,No casualties,7,7.00000000,7,7.00000000,NULL,NULL,NULL,NULL,NULL,NULL,"(1) MSK values follow (Avni 1999) while correction of the MSK values was done by Zohar and Marco (2012) [ZOMA] in accordance to the site-attributes of construction quality, topographic slope, surface geology and ground water level."
490,1927 Jul 11 (15:04),1927.00000000,S,6.25000000,Vr,Akko,35.07000000,32.92000000,4,Heavy,No casualties,6-7,6.50000000,6,6.00000000,NULL,NULL,NULL,NULL,NULL,NULL,"(1) MSK values follow (Avni 1999) while correction of the MSK values was done by Zohar and Marco (2012) [ZOMA] in accordance to the site-attributes of construction quality, topographic slope, surface geology and ground water level.
(2) Mosque of Jezzar Pasha- demaged."
490,1927 Jul 11 (15:04),1927.00000000,S,6.25000000,Vr,Anab,34.92000000,31.39000000,1,Felt,No casualties,5-6,5.50000000,6,6.00000000,NULL,NULL,NULL,NULL,NULL,NULL,"(1) MSK values follow (Avni 1999) while correction of the MSK values was done by Zohar and Marco (2012) [ZOMA] in accordance to the site-attributes of construction quality, topographic slope, surface geology and ground water level."
490,1927 Jul 11 (15:04),1927.00000000,S,6.25000000,Vr,Afula,35.28000000,32.60000000,3,Moderate,No casualties,6-7,6.50000000,6-7,6.50000000,NULL,NULL,NULL,NULL,NULL,NULL,"(1) MSK values follow (Avni 1999) while correction of the MSK values was done by Zohar and Marco (2012) [ZOMA] in accordance to the site-attributes of construction quality, topographic slope, surface geology and ground water level."
490,1927 Jul 11 (15:04),1927.00000000,S,6.25000000,Vr,Aqaba,35.00000000,29.52000000,1,Felt,No casualties,4,4.00000000,4,4.00000000,NULL,NULL,NULL,NULL,NULL,NULL,"(1) MSK values follow (Avni 1999) while correction of the MSK values was done by Zohar and Marco (2012) [ZOMA] in accordance to the site-attributes of construction quality, topographic slope, surface geology and ground water level.
(2) No damage caused at Akaba"
490,1927 Jul 11 (15:04),1927.00000000,S,6.25000000,Vr,Ekron,34.82000000,31.85000000,4,Heavy,No casualties,6-7,6.50000000,6-7,6.50000000,NULL,NULL,NULL,NULL,NULL,NULL,"(1) MSK values follow (Avni 1999) while correction of the MSK values was done by Zohar and Marco (2012) [ZOMA] in accordance to the site-attributes of construction quality, topographic slope, surface geology and ground water level.
(2) The school walls cracked and the plaster fell. Many houses were cracked, internal walls destroyed."
490,1927 Jul 11 (15:04),1927.00000000,S,6.25000000,Vr,Pki'in,35.32000000,32.97000000,1,Felt,U,4,4.00000000,4-5,4.50000000,NULL,NULL,NULL,NULL,NULL,NULL,"(1) MSK values follow (Avni 1999) while correction of the MSK values was done by Zohar and Marco (2012) [ZOMA] in accordance to the site-attributes of construction quality, topographic slope, surface geology and ground water level.
(2) The earthquake was felt but there was no damage"
490,1927 Jul 11 (15:04),1927.00000000,S,6.25000000,Vr,Petah Tikva,34.90000000,32.09000000,3,Moderate,No casualties,6-7,6.50000000,5-6,5.50000000,NULL,NULL,NULL,NULL,NULL,NULL,"(1) MSK values follow (Avni 1999) while correction of the MSK values was done by Zohar and Marco (2012) [ZOMA] in accordance to the site-attributes of construction quality, topographic slope, surface geology and ground water level.
(2) Cracks formed in many houses, especially in the Great Buildings: the Great Synagogue, the Pikah School and the """"Eternal of Israel""""."
490,1927 Jul 11 (15:04),1927.00000000,S,6.25000000,Vr,Tzemach,35.58000000,32.70000000,4,Heavy,No casualties,7-8,7.50000000,7,7.00000000,NULL,NULL,NULL,NULL,NULL,NULL,"(1) MSK values follow (Avni 1999) while correction of the MSK values was done by Zohar and Marco (2012) [ZOMA] in accordance to the site-attributes of construction quality, topographic slope, surface geology and ground water level."
490,1927 Jul 11 (15:04),1927.00000000,S,6.25000000,Vr,Safed,35.48000000,32.96000000,4,Heavy,No casualties,6-7,6.50000000,6-7,6.50000000,NULL,NULL,NULL,NULL,NULL,NULL,"(1) MSK values follow (Avni 1999) while correction of the MSK values was done by Zohar and Marco (2012) [ZOMA] in accordance to the site-attributes of construction quality, topographic slope, surface geology and ground water level.
(2) Mr. Abraham Margalit: """"In the noise of 1927, Safed did not suffer any special damage. A little cracking in the walls and falling plaster"
490,1927 Jul 11 (15:04),1927.00000000,S,6.25000000,Vr,Tzora,34.97000000,31.77000000,0,None,No casualties,6-7,6.50000000,6-7,6.50000000,NULL,NULL,NULL,NULL,NULL,NULL,"(1) MSK values follow (Avni 1999) while correction of the MSK values was done by Zohar and Marco (2012) [ZOMA] in accordance to the site-attributes of construction quality, topographic slope, surface geology and ground water level."
490,1927 Jul 11 (15:04),1927.00000000,S,6.25000000,Vr,Kabab,34.74000000,31.88000000,3,Moderate,"Few casualties

",6-7,6.50000000,7,7.00000000,NULL,NULL,3,NULL,5,NULL,"(1) MSK values follow (Avni 1999) while correction of the MSK values was done by Zohar and Marco (2012) [ZOMA] in accordance to the site-attributes of construction quality, topographic slope, surface geology and ground water level."
490,1927 Jul 11 (15:04),1927.00000000,S,6.25000000,Vr,Cairo,31.20000000,30.04000000,1,Felt,No casualties,3-4,3.50000000,4,4.00000000,NULL,NULL,NULL,NULL,NULL,NULL,"(1) MSK values follow (Avni 1999) while correction of the MSK values was done by Zohar and Marco (2012) [ZOMA] in accordance to the site-attributes of construction quality, topographic slope, surface geology and ground water level."
490,1927 Jul 11 (15:04),1927.00000000,S,6.25000000,Vr,Qunetra,35.82000000,33.12000000,1,Felt,No casualties,3-4,3.50000000,4,4.00000000,NULL,NULL,NULL,NULL,NULL,NULL,"(1) MSK values follow (Avni 1999) while correction of the MSK values was done by Zohar and Marco (2012) [ZOMA] in accordance to the site-attributes of construction quality, topographic slope, surface geology and ground water level."
490,1927 Jul 11 (15:04),1927.00000000,S,6.25000000,Vr,Kalkilia,34.95000000,32.18000000,3,Moderate,No casualties,6,6.00000000,5-6,5.50000000,NULL,NULL,NULL,NULL,NULL,NULL,"(1) MSK values follow (Avni 1999) while correction of the MSK values was done by Zohar and Marco (2012) [ZOMA] in accordance to the site-attributes of construction quality, topographic slope, surface geology and ground water level."
490,1927 Jul 11 (15:04),1927.00000000,S,6.25000000,Vr,Kiriat Anavim,35.11000000,31.80000000,1,Felt,No casualties,6,6.00000000,7,7.00000000,NULL,NULL,NULL,NULL,NULL,NULL,"(1) MSK values follow (Avni 1999) while correction of the MSK values was done by Zohar and Marco (2012) [ZOMA] in accordance to the site-attributes of construction quality, topographic slope, surface geology and ground water level."
490,1927 Jul 11 (15:04),1927.00000000,S,6.25000000,Vr,Rammala,35.19000000,31.89000000,4,Heavy,"Few casualties

",8,8.00000000,7-8,7.50000000,NULL,NULL,110,NULL,3,3,"(1) MSK values follow (Avni 1999) while correction of the MSK values was done by Zohar and Marco (2012) [ZOMA] in accordance to the site-attributes of construction quality, topographic slope, surface geology and ground water level."
490,1927 Jul 11 (15:04),1927.00000000,S,6.25000000,Vr,Rosh Ha-A'ayin,34.92000000,32.09000000,2,Light,No casualties,5-6,5.50000000,6,6.00000000,NULL,NULL,NULL,NULL,NULL,NULL,"(1) MSK values follow (Avni 1999) while correction of the MSK values was done by Zohar and Marco (2012) [ZOMA] in accordance to the site-attributes of construction quality, topographic slope, surface geology and ground water level."
490,1927 Jul 11 (15:04),1927.00000000,S,6.25000000,Vr,Amman,35.91000000,31.96000000,4,Heavy,Many casualties,8-9,8.50000000,8-9,8.50000000,NULL,NULL,738,NULL,?,?,"(1) MSK values follow (Avni 1999) while correction of the MSK values was done by Zohar and Marco (2012) [ZOMA] in accordance to the site-attributes of construction quality, topographic slope, surface geology and ground water level.
(2) Great material damage was caused at amman, where the minaret of the new masque snapped in the middle of the upper half and crashed to the ground. 
The new R.A.F. magazine, which was nearing completion was rased to the ground.
Houses in the town were greatly damaged and many collapsed buryung their occupants."
490,1927 Jul 11 (15:04),1927.00000000,S,6.25000000,Vr,Rehovot,34.80000000,31.89000000,3,Moderate,No casualties,6-7,6.50000000,6-7,6.50000000,NULL,NULL,NULL,NULL,NULL,NULL,"(1) MSK values follow (Avni 1999) while correction of the MSK values was done by Zohar and Marco (2012) [ZOMA] in accordance to the site-attributes of construction quality, topographic slope, surface geology and ground water level."
490,1927 Jul 11 (15:04),1927.00000000,S,6.25000000,Vr,Reina,35.29000000,32.71000000,4,Heavy,Many casualties,7,7.00000000,7-8,7.50000000,NULL,NULL,NULL,NULL,5,20,"(1) MSK values follow (Avni 1999) while correction of the MSK values was done by Zohar and Marco (2012) [ZOMA] in accordance to the site-attributes of construction quality, topographic slope, surface geology and ground water level."
490,1927 Jul 11 (15:04),1927.00000000,S,6.25000000,Vr,Ramla,34.87000000,31.92000000,4,Heavy,Many casualties,8-9,8.50000000,7,7.00000000,NULL,NULL,NULL,NULL,NULL,NULL,"(1) MSK values follow (Avni 1999) while correction of the MSK values was done by Zohar and Marco (2012) [ZOMA] in accordance to the site-attributes of construction quality, topographic slope, surface geology and ground water level."
490,1927 Jul 11 (15:04),1927.00000000,S,6.25000000,Vr,Ramat Yishai,35.16000000,32.70000000,3,Moderate,No casualties,5,5.00000000,5,5.00000000,NULL,NULL,1,NULL,NULL,NULL,"(1) MSK values follow (Avni 1999) while correction of the MSK values was done by Zohar and Marco (2012) [ZOMA] in accordance to the site-attributes of construction quality, topographic slope, surface geology and ground water level."
490,1927 Jul 11 (15:04),1927.00000000,S,6.25000000,Vr,Ramat Rachel,35.21000000,31.73000000,3,Moderate,No casualties,6-7,6.50000000,7-8,7.50000000,NULL,NULL,NULL,NULL,NULL,NULL,"(1) MSK values follow (Avni 1999) while correction of the MSK values was done by Zohar and Marco (2012) [ZOMA] in accordance to the site-attributes of construction quality, topographic slope, surface geology and ground water level."
490,1927 Jul 11 (15:04),1927.00000000,S,6.25000000,Vr,Refidie,35.23000000,32.22000000,4,Heavy,No casualties,7-8,7.50000000,8,8.00000000,NULL,NULL,NULL,NULL,NULL,NULL,"(1) MSK values follow (Avni 1999) while correction of the MSK values was done by Zohar and Marco (2012) [ZOMA] in accordance to the site-attributes of construction quality, topographic slope, surface geology and ground water level."
490,1927 Jul 11 (15:04),1927.00000000,S,6.25000000,Vr,Shunam,35.32000000,32.60000000,3,Moderate,No casualties,7,7.00000000,6-7,6.50000000,NULL,NULL,3,NULL,NULL,NULL,"(1) MSK values follow (Avni 1999) while correction of the MSK values was done by Zohar and Marco (2012) [ZOMA] in accordance to the site-attributes of construction quality, topographic slope, surface geology and ground water level."
490,1927 Jul 11 (15:04),1927.00000000,S,6.25000000,Vr,Nablus,35.25000000,32.21000000,4,Heavy,Many casualties,9,9.00000000,8,8.00000000,NULL,NULL,750-110,NULL,50-147,250,"(1) MSK values follow (Avni 1999) while correction of the MSK values was done by Zohar and Marco (2012) [ZOMA] in accordance to the site-attributes of construction quality, topographic slope, surface geology and ground water level.
(2) Among the demolished buildings are large and powerful houses such as: cigarette factories, mosque, two schools, the police center, the state court and Arab dignitarie houses."
490,1927 Jul 11 (15:04),1927.00000000,S,6.25000000,Vr,Tel Aviv,34.76000000,32.06000000,2,Light,No casualties,5-6,5.50000000,5-6,5.50000000,NULL,NULL,NULL,NULL,NULL,NULL,"(1) MSK values follow (Avni 1999) while correction of the MSK values was done by Zohar and Marco (2012) [ZOMA] in accordance to the site-attributes of construction quality, topographic slope, surface geology and ground water level.
(2) damage in Borochov Neibourhood;
In the streets of Nahalat Benjamin and Allenby; cracks formed on many of the ancient stone buildings."
490,1927 Jul 11 (15:04),1927.00000000,S,6.25000000,Vr,Tel Yosef,35.39000000,32.52000000,1,Felt,No casualties,6-7,6.50000000,6,6.00000000,NULL,NULL,1,NULL,NULL,NULL,"(1) MSK values follow (Avni 1999) while correction of the MSK values was done by Zohar and Marco (2012) [ZOMA] in accordance to the site-attributes of construction quality, topographic slope, surface geology and ground water level."
490,1927 Jul 11 (15:04),1927.00000000,S,6.25000000,Vr,Dead Sea north 1 (A),35.52000000,31.76000000,0,None,No casualties,U,-1.00000000,8-9,8.50000000,NULL,NULL,NULL,NULL,NULL,NULL,"(1) MSK values follow (Avni 1999) while correction of the MSK values was done by Zohar and Marco (2012) [ZOMA] in accordance to the site-attributes of construction quality, topographic slope, surface geology and ground water level."
490,1927 Jul 11 (15:04),1927.00000000,S,6.25000000,Hr,Dead Sea north 2 (A),35.46000000,31.72000000,-1,U,No casualties,U,-1.00000000,8-9,8.50000000,NULL,NULL,NULL,NULL,NULL,NULL,"(1) MSK values follow (Avni 1999) while correction of the MSK values was done by Zohar and Marco (2012) [ZOMA] in accordance to the site-attributes of construction quality, topographic slope, surface geology and ground water level."
490,1927 Jul 11 (15:04),1927.00000000,S,6.25000000,Hr,Dead Sea north 3 (A),35.49000000,31.74000000,-1,U,No casualties,U,-1.00000000,8-9,8.50000000,NULL,NULL,NULL,NULL,NULL,NULL,"(1) MSK values follow (Avni 1999) while correction of the MSK values was done by Zohar and Marco (2012) [ZOMA] in accordance to the site-attributes of construction quality, topographic slope, surface geology and ground water level."
490,1927 Jul 11 (15:04),1927.00000000,S,6.25000000,Hr,Borochov Neibourhood [Tel Aviv],34.80000000,32.07000000,2,Light,No casualties,5-6,5.50000000,5-6,5.50000000,NULL,NULL,NULL,NULL,NULL,NULL,"(1) MSK values follow (Avni 1999) while correction of the MSK values was done by Zohar and Marco (2012) [ZOMA] in accordance to the site-attributes of construction quality, topographic slope, surface geology and ground water level."
490,1927 Jul 11 (15:04),1927.00000000,S,6.25000000,Mr,Ismailia,32.27903944,30.60179463,1,Felt,No casualties,3-4,3.50000000,U,-1.00000000,NULL,NULL,NULL,NULL,NULL,NULL,Avni 1999 after Haa'retz 14.07
490,1927 Jul 11 (15:04),1927.00000000,S,6.25000000,Mr,Tanta,30.99846508,30.78414364,1,Felt,No casualties,3-4,3.50000000,U,-1.00000000,NULL,NULL,NULL,NULL,NULL,NULL,Avni 1999 after Haa'retz 14.07
490,1927 Jul 11 (15:04),1927.00000000,S,6.25000000,Mr,Suez,32.54000000,29.97000000,1,Felt,No casualties,4,4.00000000,U,-1.00000000,NULL,NULL,NULL,NULL,NULL,NULL,Avni 1999 after Haa'retz 14.07
490,1927 Jul 11 (15:04),1927.00000000,S,6.25000000,Mr,Alexandreta,36.17000000,36.58000000,1,Felt,No casualties,3,3.00000000,U,-1.00000000,NULL,NULL,NULL,NULL,NULL,NULL,"Avni 1999 after Barlotti, 84"
490,1927 Jul 11 (15:04),1927.00000000,S,6.25000000,Mr,Aleppo,37.15000000,36.21000000,1,Felt,No casualties,3,3.00000000,U,-1.00000000,NULL,NULL,NULL,NULL,NULL,NULL,"Avni 1999 after Barlotti, 83"
490,1927 Jul 11 (15:04),1927.00000000,S,6.25000000,Dr,Al-Azraq,36.82927598,31.87982698,-1,U,U,U,-1.00000000,U,-1.00000000,NULL,NULL,NULL,NULL,NULL,NULL,"Avni, 1999 after 'el-Ahrar'"
490,1927 Jul 11 (15:04),1927.00000000,S,6.25000000,Mr,Al-Ressipah,36.04566549,32.02804571,2,Light,No casualties,7-8,7.50000000,U,-1.00000000,NULL,NULL,8,NULL,NULL,NULL,"Avni, 1999 after Haa'retz 21.07"
490,1927 Jul 11 (15:04),1927.00000000,S,6.25000000,Mr,Be'er Sheva,34.78000000,31.24000000,1,Felt,No casualties,4-5,4.50000000,5,5.00000000,NULL,NULL,NULL,NULL,NULL,NULL,TODO - delete
